{
"type": "FeatureCollection",
"name": "weapon_shops",
"crs": { "type": "name", "properties": { "name": "urn:ogc:def:crs:OGC:1.3:CRS84" } },
"features": [
{ "type": "Feature", "properties": { "full_id": "r18419418", "osm_id": "18419418", "osm_type": "relation", "shop": "weapons", "check_date": null, "operator": null, "email": null, "disused:shop": null, "wheelchair": null, "contact:website": null, "building:levels": null, "survey:date": null, "addr:street": null, "addr:housenumber": null, "phone": null, "ref:FR:SIREN": null, "contact:housenumber": null, "contact:fax": null, "contact:email": null, "addr:postcode": null, "addr:city": null, "ref:vatin": null, "ref:FR:NAF": null, "opening_hours": null, "contact:street": null, "contact:postcode": null, "contact:phone": null, "contact:facebook": null, "contact:city": null, "ref:FR:SIRET": null, "website": "http://www.arumurerie-lavaux.com", "type": "multipolygon", "name": "Armurerie Lavaux", "building": "yes", "contact:instagram": null, "panoramax": null, "min_age": null, "check_date:panoramax": null, "sport": null, "payment:cards": null, "image": null, "clothes": null, "club": null, "second_hand": null, "phone:mobile": null, "harassment_prevention": null, "contact:mobile": null, "source:name:br": null, "name:br": null, "drive_through": null, "delivery": null, "currency:EUR": null, "start_date": null, "payment:cash": null, "addr:country": null, "entrance": null, "payment:debit_cards": null, "payment:credit_cards": null, "payment:visa": null, "payment:paypal": null, "payment:mastercard": null, "payment:maestro": null, "payment:cheque": null, "payment:cb": null, "facebook": null, "description": null, "wheelchair:entrance_width": null, "wheelchair:description": null, "short_name": null, "social_facility:for": null, "opening_hours:signed": null, "official_name": null, "check_date:opening_hours": null, "level": null, "amenity": null, "fax": null, "layer": "Centroïdes", "path": "Point?crs=EPSG:4326&field=full_id:string(0,0)&field=osm_id:string(0,0)&field=osm_type:string(0,0)&field=shop:string(0,0)&field=check_date:string(0,0)&field=operator:string(0,0)&field=email:string(0,0)&field=disused%3Ashop:string(0,0)&field=wheelchair:string(0,0)&field=contact%3Awebsite:string(0,0)&field=building%3Alevels:string(0,0)&field=survey%3Adate:string(0,0)&field=addr%3Astreet:string(0,0)&field=addr%3Ahousenumber:string(0,0)&field=phone:string(0,0)&field=ref%3AFR%3ASIREN:string(0,0)&field=contact%3Ahousenumber:string(0,0)&field=contact%3Afax:string(0,0)&field=contact%3Aemail:string(0,0)&field=addr%3Apostcode:string(0,0)&field=addr%3Acity:string(0,0)&field=ref%3Avatin:string(0,0)&field=ref%3AFR%3ANAF:string(0,0)&field=opening_hours:string(0,0)&field=contact%3Astreet:string(0,0)&field=contact%3Apostcode:string(0,0)&field=contact%3Aphone:string(0,0)&field=contact%3Afacebook:string(0,0)&field=contact%3Acity:string(0,0)&field=ref%3AFR%3ASIRET:string(0,0)&field=website:string(0,0)&field=type:string(0,0)&field=name:string(0,0)&field=building:string(0,0)&uid={40d23ed8-e06c-4513-b0ac-f85083e27a2b}" }, "geometry": { "type": "Point", "coordinates": [ 5.706062631321801, 48.366333090685593 ] } },
{ "type": "Feature", "properties": { "full_id": "w48518927", "osm_id": "48518927", "osm_type": "way", "shop": "weapons", "check_date": null, "operator": null, "email": null, "disused:shop": null, "wheelchair": null, "contact:website": null, "building:levels": null, "survey:date": null, "addr:street": null, "addr:housenumber": null, "phone": null, "ref:FR:SIREN": null, "contact:housenumber": null, "contact:fax": null, "contact:email": null, "addr:postcode": null, "addr:city": null, "ref:vatin": null, "ref:FR:NAF": null, "opening_hours": null, "contact:street": null, "contact:postcode": null, "contact:phone": null, "contact:facebook": null, "contact:city": null, "ref:FR:SIRET": null, "website": null, "type": null, "name": null, "building": "yes", "contact:instagram": null, "panoramax": null, "min_age": null, "check_date:panoramax": null, "sport": null, "payment:cards": null, "image": null, "clothes": null, "club": null, "second_hand": null, "phone:mobile": null, "harassment_prevention": null, "contact:mobile": null, "source:name:br": null, "name:br": null, "drive_through": null, "delivery": null, "currency:EUR": null, "start_date": null, "payment:cash": null, "addr:country": null, "entrance": null, "payment:debit_cards": null, "payment:credit_cards": null, "payment:visa": null, "payment:paypal": null, "payment:mastercard": null, "payment:maestro": null, "payment:cheque": null, "payment:cb": null, "facebook": null, "description": null, "wheelchair:entrance_width": null, "wheelchair:description": null, "short_name": null, "social_facility:for": null, "opening_hours:signed": null, "official_name": null, "check_date:opening_hours": null, "level": null, "amenity": null, "fax": null, "layer": "Centroïdes", "path": "Point?crs=EPSG:4326&field=full_id:string(0,0)&field=osm_id:string(0,0)&field=osm_type:string(0,0)&field=shop:string(0,0)&field=check_date:string(0,0)&field=operator:string(0,0)&field=email:string(0,0)&field=disused%3Ashop:string(0,0)&field=wheelchair:string(0,0)&field=contact%3Awebsite:string(0,0)&field=building%3Alevels:string(0,0)&field=survey%3Adate:string(0,0)&field=addr%3Astreet:string(0,0)&field=addr%3Ahousenumber:string(0,0)&field=phone:string(0,0)&field=ref%3AFR%3ASIREN:string(0,0)&field=contact%3Ahousenumber:string(0,0)&field=contact%3Afax:string(0,0)&field=contact%3Aemail:string(0,0)&field=addr%3Apostcode:string(0,0)&field=addr%3Acity:string(0,0)&field=ref%3Avatin:string(0,0)&field=ref%3AFR%3ANAF:string(0,0)&field=opening_hours:string(0,0)&field=contact%3Astreet:string(0,0)&field=contact%3Apostcode:string(0,0)&field=contact%3Aphone:string(0,0)&field=contact%3Afacebook:string(0,0)&field=contact%3Acity:string(0,0)&field=ref%3AFR%3ASIRET:string(0,0)&field=website:string(0,0)&field=type:string(0,0)&field=name:string(0,0)&field=building:string(0,0)&uid={40d23ed8-e06c-4513-b0ac-f85083e27a2b}" }, "geometry": { "type": "Point", "coordinates": [ 6.95405474335396, 48.279089723688507 ] } },
{ "type": "Feature", "properties": { "full_id": "w62481101", "osm_id": "62481101", "osm_type": "way", "shop": "weapons", "check_date": null, "operator": null, "email": null, "disused:shop": null, "wheelchair": null, "contact:website": null, "building:levels": null, "survey:date": null, "addr:street": null, "addr:housenumber": null, "phone": null, "ref:FR:SIREN": null, "contact:housenumber": null, "contact:fax": null, "contact:email": null, "addr:postcode": null, "addr:city": null, "ref:vatin": null, "ref:FR:NAF": null, "opening_hours": null, "contact:street": null, "contact:postcode": null, "contact:phone": null, "contact:facebook": null, "contact:city": null, "ref:FR:SIRET": null, "website": null, "type": null, "name": "Terres et Passions", "building": "yes", "contact:instagram": null, "panoramax": null, "min_age": null, "check_date:panoramax": null, "sport": null, "payment:cards": null, "image": null, "clothes": null, "club": null, "second_hand": null, "phone:mobile": null, "harassment_prevention": null, "contact:mobile": null, "source:name:br": null, "name:br": null, "drive_through": null, "delivery": null, "currency:EUR": null, "start_date": null, "payment:cash": null, "addr:country": null, "entrance": null, "payment:debit_cards": null, "payment:credit_cards": null, "payment:visa": null, "payment:paypal": null, "payment:mastercard": null, "payment:maestro": null, "payment:cheque": null, "payment:cb": null, "facebook": null, "description": null, "wheelchair:entrance_width": null, "wheelchair:description": null, "short_name": null, "social_facility:for": null, "opening_hours:signed": null, "official_name": null, "check_date:opening_hours": null, "level": null, "amenity": null, "fax": null, "layer": "Centroïdes", "path": "Point?crs=EPSG:4326&field=full_id:string(0,0)&field=osm_id:string(0,0)&field=osm_type:string(0,0)&field=shop:string(0,0)&field=check_date:string(0,0)&field=operator:string(0,0)&field=email:string(0,0)&field=disused%3Ashop:string(0,0)&field=wheelchair:string(0,0)&field=contact%3Awebsite:string(0,0)&field=building%3Alevels:string(0,0)&field=survey%3Adate:string(0,0)&field=addr%3Astreet:string(0,0)&field=addr%3Ahousenumber:string(0,0)&field=phone:string(0,0)&field=ref%3AFR%3ASIREN:string(0,0)&field=contact%3Ahousenumber:string(0,0)&field=contact%3Afax:string(0,0)&field=contact%3Aemail:string(0,0)&field=addr%3Apostcode:string(0,0)&field=addr%3Acity:string(0,0)&field=ref%3Avatin:string(0,0)&field=ref%3AFR%3ANAF:string(0,0)&field=opening_hours:string(0,0)&field=contact%3Astreet:string(0,0)&field=contact%3Apostcode:string(0,0)&field=contact%3Aphone:string(0,0)&field=contact%3Afacebook:string(0,0)&field=contact%3Acity:string(0,0)&field=ref%3AFR%3ASIRET:string(0,0)&field=website:string(0,0)&field=type:string(0,0)&field=name:string(0,0)&field=building:string(0,0)&uid={40d23ed8-e06c-4513-b0ac-f85083e27a2b}" }, "geometry": { "type": "Point", "coordinates": [ 0.240197040357954, 47.166029558949234 ] } },
{ "type": "Feature", "properties": { "full_id": "w62624655", "osm_id": "62624655", "osm_type": "way", "shop": "weapons", "check_date": null, "operator": null, "email": null, "disused:shop": null, "wheelchair": null, "contact:website": null, "building:levels": null, "survey:date": null, "addr:street": null, "addr:housenumber": null, "phone": null, "ref:FR:SIREN": null, "contact:housenumber": null, "contact:fax": null, "contact:email": null, "addr:postcode": null, "addr:city": null, "ref:vatin": null, "ref:FR:NAF": null, "opening_hours": null, "contact:street": null, "contact:postcode": null, "contact:phone": null, "contact:facebook": null, "contact:city": null, "ref:FR:SIRET": "43233900000015", "website": "https://www.armurerie-auxerre.com/", "type": null, "name": "Armurerie Tir Loisirs", "building": "retail", "contact:instagram": null, "panoramax": null, "min_age": null, "check_date:panoramax": null, "sport": null, "payment:cards": null, "image": null, "clothes": null, "club": null, "second_hand": null, "phone:mobile": null, "harassment_prevention": null, "contact:mobile": null, "source:name:br": null, "name:br": null, "drive_through": null, "delivery": null, "currency:EUR": null, "start_date": null, "payment:cash": null, "addr:country": null, "entrance": null, "payment:debit_cards": null, "payment:credit_cards": null, "payment:visa": null, "payment:paypal": null, "payment:mastercard": null, "payment:maestro": null, "payment:cheque": null, "payment:cb": null, "facebook": null, "description": null, "wheelchair:entrance_width": null, "wheelchair:description": null, "short_name": null, "social_facility:for": null, "opening_hours:signed": null, "official_name": null, "check_date:opening_hours": null, "level": null, "amenity": null, "fax": null, "layer": "Centroïdes", "path": "Point?crs=EPSG:4326&field=full_id:string(0,0)&field=osm_id:string(0,0)&field=osm_type:string(0,0)&field=shop:string(0,0)&field=check_date:string(0,0)&field=operator:string(0,0)&field=email:string(0,0)&field=disused%3Ashop:string(0,0)&field=wheelchair:string(0,0)&field=contact%3Awebsite:string(0,0)&field=building%3Alevels:string(0,0)&field=survey%3Adate:string(0,0)&field=addr%3Astreet:string(0,0)&field=addr%3Ahousenumber:string(0,0)&field=phone:string(0,0)&field=ref%3AFR%3ASIREN:string(0,0)&field=contact%3Ahousenumber:string(0,0)&field=contact%3Afax:string(0,0)&field=contact%3Aemail:string(0,0)&field=addr%3Apostcode:string(0,0)&field=addr%3Acity:string(0,0)&field=ref%3Avatin:string(0,0)&field=ref%3AFR%3ANAF:string(0,0)&field=opening_hours:string(0,0)&field=contact%3Astreet:string(0,0)&field=contact%3Apostcode:string(0,0)&field=contact%3Aphone:string(0,0)&field=contact%3Afacebook:string(0,0)&field=contact%3Acity:string(0,0)&field=ref%3AFR%3ASIRET:string(0,0)&field=website:string(0,0)&field=type:string(0,0)&field=name:string(0,0)&field=building:string(0,0)&uid={40d23ed8-e06c-4513-b0ac-f85083e27a2b}" }, "geometry": { "type": "Point", "coordinates": [ 3.568165135991401, 47.814232178047092 ] } },
{ "type": "Feature", "properties": { "full_id": "w62895420", "osm_id": "62895420", "osm_type": "way", "shop": "weapons", "check_date": null, "operator": null, "email": null, "disused:shop": null, "wheelchair": null, "contact:website": null, "building:levels": null, "survey:date": null, "addr:street": null, "addr:housenumber": null, "phone": null, "ref:FR:SIREN": null, "contact:housenumber": null, "contact:fax": null, "contact:email": null, "addr:postcode": null, "addr:city": null, "ref:vatin": "FR25833827686", "ref:FR:NAF": "25.40Z", "opening_hours": "Tu-Fr 09:00-12:00,14:30-19:00; Sa 09:00-12:00,14:30-18:00", "contact:street": "Rue René Char", "contact:postcode": "64000", "contact:phone": "+33 5 59 30 94 30", "contact:facebook": "https://www.facebook.com/armureriegriettaulou/", "contact:city": "Pau", "ref:FR:SIRET": "83382768600019", "website": null, "type": null, "name": "Armurerie Griet-Taulou", "building": "yes", "contact:instagram": null, "panoramax": null, "min_age": null, "check_date:panoramax": null, "sport": null, "payment:cards": null, "image": null, "clothes": null, "club": null, "second_hand": null, "phone:mobile": null, "harassment_prevention": null, "contact:mobile": null, "source:name:br": null, "name:br": null, "drive_through": null, "delivery": null, "currency:EUR": null, "start_date": null, "payment:cash": null, "addr:country": null, "entrance": null, "payment:debit_cards": null, "payment:credit_cards": null, "payment:visa": null, "payment:paypal": null, "payment:mastercard": null, "payment:maestro": null, "payment:cheque": null, "payment:cb": null, "facebook": null, "description": null, "wheelchair:entrance_width": null, "wheelchair:description": null, "short_name": null, "social_facility:for": null, "opening_hours:signed": null, "official_name": null, "check_date:opening_hours": null, "level": null, "amenity": null, "fax": null, "layer": "Centroïdes", "path": "Point?crs=EPSG:4326&field=full_id:string(0,0)&field=osm_id:string(0,0)&field=osm_type:string(0,0)&field=shop:string(0,0)&field=check_date:string(0,0)&field=operator:string(0,0)&field=email:string(0,0)&field=disused%3Ashop:string(0,0)&field=wheelchair:string(0,0)&field=contact%3Awebsite:string(0,0)&field=building%3Alevels:string(0,0)&field=survey%3Adate:string(0,0)&field=addr%3Astreet:string(0,0)&field=addr%3Ahousenumber:string(0,0)&field=phone:string(0,0)&field=ref%3AFR%3ASIREN:string(0,0)&field=contact%3Ahousenumber:string(0,0)&field=contact%3Afax:string(0,0)&field=contact%3Aemail:string(0,0)&field=addr%3Apostcode:string(0,0)&field=addr%3Acity:string(0,0)&field=ref%3Avatin:string(0,0)&field=ref%3AFR%3ANAF:string(0,0)&field=opening_hours:string(0,0)&field=contact%3Astreet:string(0,0)&field=contact%3Apostcode:string(0,0)&field=contact%3Aphone:string(0,0)&field=contact%3Afacebook:string(0,0)&field=contact%3Acity:string(0,0)&field=ref%3AFR%3ASIRET:string(0,0)&field=website:string(0,0)&field=type:string(0,0)&field=name:string(0,0)&field=building:string(0,0)&uid={40d23ed8-e06c-4513-b0ac-f85083e27a2b}" }, "geometry": { "type": "Point", "coordinates": [ -0.329395320384407, 43.307878361790586 ] } },
{ "type": "Feature", "properties": { "full_id": "w63550539", "osm_id": "63550539", "osm_type": "way", "shop": "weapons", "check_date": null, "operator": null, "email": null, "disused:shop": null, "wheelchair": null, "contact:website": null, "building:levels": null, "survey:date": null, "addr:street": null, "addr:housenumber": null, "phone": null, "ref:FR:SIREN": null, "contact:housenumber": null, "contact:fax": null, "contact:email": null, "addr:postcode": null, "addr:city": null, "ref:vatin": null, "ref:FR:NAF": null, "opening_hours": null, "contact:street": null, "contact:postcode": null, "contact:phone": null, "contact:facebook": null, "contact:city": null, "ref:FR:SIRET": null, "website": null, "type": null, "name": null, "building": "yes", "contact:instagram": null, "panoramax": null, "min_age": null, "check_date:panoramax": null, "sport": null, "payment:cards": null, "image": null, "clothes": null, "club": null, "second_hand": null, "phone:mobile": null, "harassment_prevention": null, "contact:mobile": null, "source:name:br": null, "name:br": null, "drive_through": null, "delivery": null, "currency:EUR": null, "start_date": null, "payment:cash": null, "addr:country": null, "entrance": null, "payment:debit_cards": null, "payment:credit_cards": null, "payment:visa": null, "payment:paypal": null, "payment:mastercard": null, "payment:maestro": null, "payment:cheque": null, "payment:cb": null, "facebook": null, "description": null, "wheelchair:entrance_width": null, "wheelchair:description": null, "short_name": null, "social_facility:for": null, "opening_hours:signed": null, "official_name": null, "check_date:opening_hours": null, "level": null, "amenity": null, "fax": null, "layer": "Centroïdes", "path": "Point?crs=EPSG:4326&field=full_id:string(0,0)&field=osm_id:string(0,0)&field=osm_type:string(0,0)&field=shop:string(0,0)&field=check_date:string(0,0)&field=operator:string(0,0)&field=email:string(0,0)&field=disused%3Ashop:string(0,0)&field=wheelchair:string(0,0)&field=contact%3Awebsite:string(0,0)&field=building%3Alevels:string(0,0)&field=survey%3Adate:string(0,0)&field=addr%3Astreet:string(0,0)&field=addr%3Ahousenumber:string(0,0)&field=phone:string(0,0)&field=ref%3AFR%3ASIREN:string(0,0)&field=contact%3Ahousenumber:string(0,0)&field=contact%3Afax:string(0,0)&field=contact%3Aemail:string(0,0)&field=addr%3Apostcode:string(0,0)&field=addr%3Acity:string(0,0)&field=ref%3Avatin:string(0,0)&field=ref%3AFR%3ANAF:string(0,0)&field=opening_hours:string(0,0)&field=contact%3Astreet:string(0,0)&field=contact%3Apostcode:string(0,0)&field=contact%3Aphone:string(0,0)&field=contact%3Afacebook:string(0,0)&field=contact%3Acity:string(0,0)&field=ref%3AFR%3ASIRET:string(0,0)&field=website:string(0,0)&field=type:string(0,0)&field=name:string(0,0)&field=building:string(0,0)&uid={40d23ed8-e06c-4513-b0ac-f85083e27a2b}" }, "geometry": { "type": "Point", "coordinates": [ 0.873121336739697, 46.43622450166945 ] } },
{ "type": "Feature", "properties": { "full_id": "w64827640", "osm_id": "64827640", "osm_type": "way", "shop": "weapons", "check_date": null, "operator": null, "email": null, "disused:shop": null, "wheelchair": null, "contact:website": null, "building:levels": null, "survey:date": null, "addr:street": null, "addr:housenumber": null, "phone": null, "ref:FR:SIREN": null, "contact:housenumber": null, "contact:fax": null, "contact:email": null, "addr:postcode": "17210", "addr:city": "Chevanceaux", "ref:vatin": null, "ref:FR:NAF": null, "opening_hours": null, "contact:street": null, "contact:postcode": null, "contact:phone": null, "contact:facebook": null, "contact:city": null, "ref:FR:SIRET": null, "website": null, "type": null, "name": "Guns&CO", "building": "yes", "contact:instagram": null, "panoramax": null, "min_age": null, "check_date:panoramax": null, "sport": null, "payment:cards": null, "image": null, "clothes": null, "club": null, "second_hand": null, "phone:mobile": null, "harassment_prevention": null, "contact:mobile": null, "source:name:br": null, "name:br": null, "drive_through": null, "delivery": null, "currency:EUR": null, "start_date": null, "payment:cash": null, "addr:country": null, "entrance": null, "payment:debit_cards": null, "payment:credit_cards": null, "payment:visa": null, "payment:paypal": null, "payment:mastercard": null, "payment:maestro": null, "payment:cheque": null, "payment:cb": null, "facebook": null, "description": null, "wheelchair:entrance_width": null, "wheelchair:description": null, "short_name": null, "social_facility:for": null, "opening_hours:signed": null, "official_name": null, "check_date:opening_hours": null, "level": null, "amenity": null, "fax": null, "layer": "Centroïdes", "path": "Point?crs=EPSG:4326&field=full_id:string(0,0)&field=osm_id:string(0,0)&field=osm_type:string(0,0)&field=shop:string(0,0)&field=check_date:string(0,0)&field=operator:string(0,0)&field=email:string(0,0)&field=disused%3Ashop:string(0,0)&field=wheelchair:string(0,0)&field=contact%3Awebsite:string(0,0)&field=building%3Alevels:string(0,0)&field=survey%3Adate:string(0,0)&field=addr%3Astreet:string(0,0)&field=addr%3Ahousenumber:string(0,0)&field=phone:string(0,0)&field=ref%3AFR%3ASIREN:string(0,0)&field=contact%3Ahousenumber:string(0,0)&field=contact%3Afax:string(0,0)&field=contact%3Aemail:string(0,0)&field=addr%3Apostcode:string(0,0)&field=addr%3Acity:string(0,0)&field=ref%3Avatin:string(0,0)&field=ref%3AFR%3ANAF:string(0,0)&field=opening_hours:string(0,0)&field=contact%3Astreet:string(0,0)&field=contact%3Apostcode:string(0,0)&field=contact%3Aphone:string(0,0)&field=contact%3Afacebook:string(0,0)&field=contact%3Acity:string(0,0)&field=ref%3AFR%3ASIRET:string(0,0)&field=website:string(0,0)&field=type:string(0,0)&field=name:string(0,0)&field=building:string(0,0)&uid={40d23ed8-e06c-4513-b0ac-f85083e27a2b}" }, "geometry": { "type": "Point", "coordinates": [ -0.23089511505237, 45.30886922049509 ] } },
{ "type": "Feature", "properties": { "full_id": "w74076991", "osm_id": "74076991", "osm_type": "way", "shop": "weapons", "check_date": null, "operator": null, "email": null, "disused:shop": null, "wheelchair": null, "contact:website": null, "building:levels": null, "survey:date": null, "addr:street": null, "addr:housenumber": null, "phone": null, "ref:FR:SIREN": null, "contact:housenumber": null, "contact:fax": null, "contact:email": null, "addr:postcode": null, "addr:city": null, "ref:vatin": null, "ref:FR:NAF": null, "opening_hours": null, "contact:street": null, "contact:postcode": null, "contact:phone": null, "contact:facebook": null, "contact:city": null, "ref:FR:SIRET": null, "website": null, "type": null, "name": "Armurerie EM", "building": "yes", "contact:instagram": null, "panoramax": null, "min_age": null, "check_date:panoramax": null, "sport": null, "payment:cards": null, "image": null, "clothes": null, "club": null, "second_hand": null, "phone:mobile": null, "harassment_prevention": null, "contact:mobile": null, "source:name:br": null, "name:br": null, "drive_through": null, "delivery": null, "currency:EUR": null, "start_date": null, "payment:cash": null, "addr:country": null, "entrance": null, "payment:debit_cards": null, "payment:credit_cards": null, "payment:visa": null, "payment:paypal": null, "payment:mastercard": null, "payment:maestro": null, "payment:cheque": null, "payment:cb": null, "facebook": null, "description": null, "wheelchair:entrance_width": null, "wheelchair:description": null, "short_name": null, "social_facility:for": null, "opening_hours:signed": null, "official_name": null, "check_date:opening_hours": null, "level": null, "amenity": null, "fax": null, "layer": "Centroïdes", "path": "Point?crs=EPSG:4326&field=full_id:string(0,0)&field=osm_id:string(0,0)&field=osm_type:string(0,0)&field=shop:string(0,0)&field=check_date:string(0,0)&field=operator:string(0,0)&field=email:string(0,0)&field=disused%3Ashop:string(0,0)&field=wheelchair:string(0,0)&field=contact%3Awebsite:string(0,0)&field=building%3Alevels:string(0,0)&field=survey%3Adate:string(0,0)&field=addr%3Astreet:string(0,0)&field=addr%3Ahousenumber:string(0,0)&field=phone:string(0,0)&field=ref%3AFR%3ASIREN:string(0,0)&field=contact%3Ahousenumber:string(0,0)&field=contact%3Afax:string(0,0)&field=contact%3Aemail:string(0,0)&field=addr%3Apostcode:string(0,0)&field=addr%3Acity:string(0,0)&field=ref%3Avatin:string(0,0)&field=ref%3AFR%3ANAF:string(0,0)&field=opening_hours:string(0,0)&field=contact%3Astreet:string(0,0)&field=contact%3Apostcode:string(0,0)&field=contact%3Aphone:string(0,0)&field=contact%3Afacebook:string(0,0)&field=contact%3Acity:string(0,0)&field=ref%3AFR%3ASIRET:string(0,0)&field=website:string(0,0)&field=type:string(0,0)&field=name:string(0,0)&field=building:string(0,0)&uid={40d23ed8-e06c-4513-b0ac-f85083e27a2b}" }, "geometry": { "type": "Point", "coordinates": [ -1.490079939761341, 47.182203366252814 ] } },
{ "type": "Feature", "properties": { "full_id": "w74205756", "osm_id": "74205756", "osm_type": "way", "shop": "weapons", "check_date": null, "operator": null, "email": null, "disused:shop": null, "wheelchair": null, "contact:website": null, "building:levels": null, "survey:date": null, "addr:street": null, "addr:housenumber": null, "phone": null, "ref:FR:SIREN": "447622010", "contact:housenumber": "31", "contact:fax": "+33549069629", "contact:email": "contact@naturacp.fr", "addr:postcode": null, "addr:city": null, "ref:vatin": null, "ref:FR:NAF": null, "opening_hours": "Mo-Sa 09:00-12:00,14:00-19:00", "contact:street": "Rue des Charmes", "contact:postcode": "79000", "contact:phone": "+33 5 49 09 29 16", "contact:facebook": null, "contact:city": "Bessines", "ref:FR:SIRET": "44762201000034", "website": "https://www.pisteurs.fr/store/196-armurerie-natura-chasse-p%C3%8Ache-bessines-deuxs%C3%A8vres-79", "type": null, "name": "Natura Chasse et Pêche", "building": "yes", "contact:instagram": null, "panoramax": null, "min_age": null, "check_date:panoramax": null, "sport": null, "payment:cards": null, "image": null, "clothes": null, "club": null, "second_hand": null, "phone:mobile": null, "harassment_prevention": null, "contact:mobile": null, "source:name:br": null, "name:br": null, "drive_through": null, "delivery": null, "currency:EUR": null, "start_date": null, "payment:cash": null, "addr:country": null, "entrance": null, "payment:debit_cards": null, "payment:credit_cards": null, "payment:visa": null, "payment:paypal": null, "payment:mastercard": null, "payment:maestro": null, "payment:cheque": null, "payment:cb": null, "facebook": null, "description": null, "wheelchair:entrance_width": null, "wheelchair:description": null, "short_name": null, "social_facility:for": null, "opening_hours:signed": null, "official_name": null, "check_date:opening_hours": null, "level": null, "amenity": null, "fax": null, "layer": "Centroïdes", "path": "Point?crs=EPSG:4326&field=full_id:string(0,0)&field=osm_id:string(0,0)&field=osm_type:string(0,0)&field=shop:string(0,0)&field=check_date:string(0,0)&field=operator:string(0,0)&field=email:string(0,0)&field=disused%3Ashop:string(0,0)&field=wheelchair:string(0,0)&field=contact%3Awebsite:string(0,0)&field=building%3Alevels:string(0,0)&field=survey%3Adate:string(0,0)&field=addr%3Astreet:string(0,0)&field=addr%3Ahousenumber:string(0,0)&field=phone:string(0,0)&field=ref%3AFR%3ASIREN:string(0,0)&field=contact%3Ahousenumber:string(0,0)&field=contact%3Afax:string(0,0)&field=contact%3Aemail:string(0,0)&field=addr%3Apostcode:string(0,0)&field=addr%3Acity:string(0,0)&field=ref%3Avatin:string(0,0)&field=ref%3AFR%3ANAF:string(0,0)&field=opening_hours:string(0,0)&field=contact%3Astreet:string(0,0)&field=contact%3Apostcode:string(0,0)&field=contact%3Aphone:string(0,0)&field=contact%3Afacebook:string(0,0)&field=contact%3Acity:string(0,0)&field=ref%3AFR%3ASIRET:string(0,0)&field=website:string(0,0)&field=type:string(0,0)&field=name:string(0,0)&field=building:string(0,0)&uid={40d23ed8-e06c-4513-b0ac-f85083e27a2b}" }, "geometry": { "type": "Point", "coordinates": [ -0.493869668326893, 46.302979795340072 ] } },
{ "type": "Feature", "properties": { "full_id": "w81985764", "osm_id": "81985764", "osm_type": "way", "shop": "weapons", "check_date": null, "operator": null, "email": null, "disused:shop": null, "wheelchair": null, "contact:website": null, "building:levels": null, "survey:date": null, "addr:street": null, "addr:housenumber": null, "phone": "+33 2 99 55 79 96", "ref:FR:SIREN": null, "contact:housenumber": null, "contact:fax": null, "contact:email": null, "addr:postcode": null, "addr:city": null, "ref:vatin": null, "ref:FR:NAF": null, "opening_hours": null, "contact:street": null, "contact:postcode": null, "contact:phone": null, "contact:facebook": null, "contact:city": null, "ref:FR:SIRET": null, "website": "https://www.armurerie-stmichel.com/", "type": null, "name": "Armurerie Saint-Michel", "building": "yes", "contact:instagram": null, "panoramax": null, "min_age": null, "check_date:panoramax": null, "sport": null, "payment:cards": null, "image": null, "clothes": null, "club": null, "second_hand": null, "phone:mobile": null, "harassment_prevention": null, "contact:mobile": null, "source:name:br": null, "name:br": null, "drive_through": null, "delivery": null, "currency:EUR": null, "start_date": null, "payment:cash": null, "addr:country": null, "entrance": null, "payment:debit_cards": null, "payment:credit_cards": null, "payment:visa": null, "payment:paypal": null, "payment:mastercard": null, "payment:maestro": null, "payment:cheque": null, "payment:cb": null, "facebook": null, "description": null, "wheelchair:entrance_width": null, "wheelchair:description": null, "short_name": null, "social_facility:for": null, "opening_hours:signed": null, "official_name": null, "check_date:opening_hours": null, "level": null, "amenity": null, "fax": null, "layer": "Centroïdes", "path": "Point?crs=EPSG:4326&field=full_id:string(0,0)&field=osm_id:string(0,0)&field=osm_type:string(0,0)&field=shop:string(0,0)&field=check_date:string(0,0)&field=operator:string(0,0)&field=email:string(0,0)&field=disused%3Ashop:string(0,0)&field=wheelchair:string(0,0)&field=contact%3Awebsite:string(0,0)&field=building%3Alevels:string(0,0)&field=survey%3Adate:string(0,0)&field=addr%3Astreet:string(0,0)&field=addr%3Ahousenumber:string(0,0)&field=phone:string(0,0)&field=ref%3AFR%3ASIREN:string(0,0)&field=contact%3Ahousenumber:string(0,0)&field=contact%3Afax:string(0,0)&field=contact%3Aemail:string(0,0)&field=addr%3Apostcode:string(0,0)&field=addr%3Acity:string(0,0)&field=ref%3Avatin:string(0,0)&field=ref%3AFR%3ANAF:string(0,0)&field=opening_hours:string(0,0)&field=contact%3Astreet:string(0,0)&field=contact%3Apostcode:string(0,0)&field=contact%3Aphone:string(0,0)&field=contact%3Afacebook:string(0,0)&field=contact%3Acity:string(0,0)&field=ref%3AFR%3ASIRET:string(0,0)&field=website:string(0,0)&field=type:string(0,0)&field=name:string(0,0)&field=building:string(0,0)&uid={40d23ed8-e06c-4513-b0ac-f85083e27a2b}" }, "geometry": { "type": "Point", "coordinates": [ -1.630580867245643, 48.188490403160486 ] } },
{ "type": "Feature", "properties": { "full_id": "w85119448", "osm_id": "85119448", "osm_type": "way", "shop": "weapons", "check_date": null, "operator": null, "email": null, "disused:shop": null, "wheelchair": null, "contact:website": null, "building:levels": null, "survey:date": null, "addr:street": null, "addr:housenumber": null, "phone": null, "ref:FR:SIREN": null, "contact:housenumber": null, "contact:fax": null, "contact:email": null, "addr:postcode": null, "addr:city": null, "ref:vatin": null, "ref:FR:NAF": null, "opening_hours": null, "contact:street": null, "contact:postcode": null, "contact:phone": null, "contact:facebook": null, "contact:city": null, "ref:FR:SIRET": null, "website": null, "type": null, "name": "Armurerie Maurin", "building": "yes", "contact:instagram": null, "panoramax": null, "min_age": null, "check_date:panoramax": null, "sport": null, "payment:cards": null, "image": null, "clothes": null, "club": null, "second_hand": null, "phone:mobile": null, "harassment_prevention": null, "contact:mobile": null, "source:name:br": null, "name:br": null, "drive_through": null, "delivery": null, "currency:EUR": null, "start_date": null, "payment:cash": null, "addr:country": null, "entrance": null, "payment:debit_cards": null, "payment:credit_cards": null, "payment:visa": null, "payment:paypal": null, "payment:mastercard": null, "payment:maestro": null, "payment:cheque": null, "payment:cb": null, "facebook": null, "description": null, "wheelchair:entrance_width": null, "wheelchair:description": null, "short_name": null, "social_facility:for": null, "opening_hours:signed": null, "official_name": null, "check_date:opening_hours": null, "level": null, "amenity": null, "fax": null, "layer": "Centroïdes", "path": "Point?crs=EPSG:4326&field=full_id:string(0,0)&field=osm_id:string(0,0)&field=osm_type:string(0,0)&field=shop:string(0,0)&field=check_date:string(0,0)&field=operator:string(0,0)&field=email:string(0,0)&field=disused%3Ashop:string(0,0)&field=wheelchair:string(0,0)&field=contact%3Awebsite:string(0,0)&field=building%3Alevels:string(0,0)&field=survey%3Adate:string(0,0)&field=addr%3Astreet:string(0,0)&field=addr%3Ahousenumber:string(0,0)&field=phone:string(0,0)&field=ref%3AFR%3ASIREN:string(0,0)&field=contact%3Ahousenumber:string(0,0)&field=contact%3Afax:string(0,0)&field=contact%3Aemail:string(0,0)&field=addr%3Apostcode:string(0,0)&field=addr%3Acity:string(0,0)&field=ref%3Avatin:string(0,0)&field=ref%3AFR%3ANAF:string(0,0)&field=opening_hours:string(0,0)&field=contact%3Astreet:string(0,0)&field=contact%3Apostcode:string(0,0)&field=contact%3Aphone:string(0,0)&field=contact%3Afacebook:string(0,0)&field=contact%3Acity:string(0,0)&field=ref%3AFR%3ASIRET:string(0,0)&field=website:string(0,0)&field=type:string(0,0)&field=name:string(0,0)&field=building:string(0,0)&uid={40d23ed8-e06c-4513-b0ac-f85083e27a2b}" }, "geometry": { "type": "Point", "coordinates": [ 5.035458227540913, 43.835211039012137 ] } },
{ "type": "Feature", "properties": { "full_id": "w86917691", "osm_id": "86917691", "osm_type": "way", "shop": "weapons", "check_date": null, "operator": null, "email": null, "disused:shop": null, "wheelchair": null, "contact:website": null, "building:levels": null, "survey:date": null, "addr:street": null, "addr:housenumber": null, "phone": null, "ref:FR:SIREN": null, "contact:housenumber": null, "contact:fax": null, "contact:email": null, "addr:postcode": null, "addr:city": null, "ref:vatin": null, "ref:FR:NAF": null, "opening_hours": "Th-Sa 09:00-12:00 , 14:00-18:00", "contact:street": null, "contact:postcode": null, "contact:phone": "+33 6 07 89 90 15", "contact:facebook": null, "contact:city": null, "ref:FR:SIRET": null, "website": "https://www.pisteurs.fr/store/518-pisteurs-sarreguemines", "type": null, "name": "Pisteurs", "building": "yes", "contact:instagram": null, "panoramax": null, "min_age": null, "check_date:panoramax": null, "sport": null, "payment:cards": null, "image": null, "clothes": null, "club": null, "second_hand": null, "phone:mobile": null, "harassment_prevention": null, "contact:mobile": null, "source:name:br": null, "name:br": null, "drive_through": null, "delivery": null, "currency:EUR": null, "start_date": null, "payment:cash": null, "addr:country": null, "entrance": null, "payment:debit_cards": null, "payment:credit_cards": null, "payment:visa": null, "payment:paypal": null, "payment:mastercard": null, "payment:maestro": null, "payment:cheque": null, "payment:cb": null, "facebook": null, "description": null, "wheelchair:entrance_width": null, "wheelchair:description": null, "short_name": null, "social_facility:for": null, "opening_hours:signed": null, "official_name": null, "check_date:opening_hours": null, "level": null, "amenity": null, "fax": null, "layer": "Centroïdes", "path": "Point?crs=EPSG:4326&field=full_id:string(0,0)&field=osm_id:string(0,0)&field=osm_type:string(0,0)&field=shop:string(0,0)&field=check_date:string(0,0)&field=operator:string(0,0)&field=email:string(0,0)&field=disused%3Ashop:string(0,0)&field=wheelchair:string(0,0)&field=contact%3Awebsite:string(0,0)&field=building%3Alevels:string(0,0)&field=survey%3Adate:string(0,0)&field=addr%3Astreet:string(0,0)&field=addr%3Ahousenumber:string(0,0)&field=phone:string(0,0)&field=ref%3AFR%3ASIREN:string(0,0)&field=contact%3Ahousenumber:string(0,0)&field=contact%3Afax:string(0,0)&field=contact%3Aemail:string(0,0)&field=addr%3Apostcode:string(0,0)&field=addr%3Acity:string(0,0)&field=ref%3Avatin:string(0,0)&field=ref%3AFR%3ANAF:string(0,0)&field=opening_hours:string(0,0)&field=contact%3Astreet:string(0,0)&field=contact%3Apostcode:string(0,0)&field=contact%3Aphone:string(0,0)&field=contact%3Afacebook:string(0,0)&field=contact%3Acity:string(0,0)&field=ref%3AFR%3ASIRET:string(0,0)&field=website:string(0,0)&field=type:string(0,0)&field=name:string(0,0)&field=building:string(0,0)&uid={40d23ed8-e06c-4513-b0ac-f85083e27a2b}" }, "geometry": { "type": "Point", "coordinates": [ 7.089327560341476, 49.11546881023235 ] } },
{ "type": "Feature", "properties": { "full_id": "w87459711", "osm_id": "87459711", "osm_type": "way", "shop": "weapons", "check_date": null, "operator": null, "email": null, "disused:shop": null, "wheelchair": null, "contact:website": null, "building:levels": null, "survey:date": null, "addr:street": null, "addr:housenumber": null, "phone": null, "ref:FR:SIREN": null, "contact:housenumber": null, "contact:fax": null, "contact:email": null, "addr:postcode": null, "addr:city": null, "ref:vatin": null, "ref:FR:NAF": null, "opening_hours": null, "contact:street": null, "contact:postcode": null, "contact:phone": null, "contact:facebook": null, "contact:city": null, "ref:FR:SIRET": null, "website": null, "type": null, "name": null, "building": "yes", "contact:instagram": null, "panoramax": null, "min_age": null, "check_date:panoramax": null, "sport": null, "payment:cards": null, "image": null, "clothes": null, "club": null, "second_hand": null, "phone:mobile": null, "harassment_prevention": null, "contact:mobile": null, "source:name:br": null, "name:br": null, "drive_through": null, "delivery": null, "currency:EUR": null, "start_date": null, "payment:cash": null, "addr:country": null, "entrance": null, "payment:debit_cards": null, "payment:credit_cards": null, "payment:visa": null, "payment:paypal": null, "payment:mastercard": null, "payment:maestro": null, "payment:cheque": null, "payment:cb": null, "facebook": null, "description": null, "wheelchair:entrance_width": null, "wheelchair:description": null, "short_name": null, "social_facility:for": null, "opening_hours:signed": null, "official_name": null, "check_date:opening_hours": null, "level": null, "amenity": null, "fax": null, "layer": "Centroïdes", "path": "Point?crs=EPSG:4326&field=full_id:string(0,0)&field=osm_id:string(0,0)&field=osm_type:string(0,0)&field=shop:string(0,0)&field=check_date:string(0,0)&field=operator:string(0,0)&field=email:string(0,0)&field=disused%3Ashop:string(0,0)&field=wheelchair:string(0,0)&field=contact%3Awebsite:string(0,0)&field=building%3Alevels:string(0,0)&field=survey%3Adate:string(0,0)&field=addr%3Astreet:string(0,0)&field=addr%3Ahousenumber:string(0,0)&field=phone:string(0,0)&field=ref%3AFR%3ASIREN:string(0,0)&field=contact%3Ahousenumber:string(0,0)&field=contact%3Afax:string(0,0)&field=contact%3Aemail:string(0,0)&field=addr%3Apostcode:string(0,0)&field=addr%3Acity:string(0,0)&field=ref%3Avatin:string(0,0)&field=ref%3AFR%3ANAF:string(0,0)&field=opening_hours:string(0,0)&field=contact%3Astreet:string(0,0)&field=contact%3Apostcode:string(0,0)&field=contact%3Aphone:string(0,0)&field=contact%3Afacebook:string(0,0)&field=contact%3Acity:string(0,0)&field=ref%3AFR%3ASIRET:string(0,0)&field=website:string(0,0)&field=type:string(0,0)&field=name:string(0,0)&field=building:string(0,0)&uid={40d23ed8-e06c-4513-b0ac-f85083e27a2b}" }, "geometry": { "type": "Point", "coordinates": [ 5.991439222516245, 47.285414764295993 ] } },
{ "type": "Feature", "properties": { "full_id": "w90282074", "osm_id": "90282074", "osm_type": "way", "shop": "weapons", "check_date": null, "operator": null, "email": null, "disused:shop": null, "wheelchair": null, "contact:website": null, "building:levels": null, "survey:date": null, "addr:street": "Grande Rue", "addr:housenumber": "7", "phone": null, "ref:FR:SIREN": null, "contact:housenumber": null, "contact:fax": null, "contact:email": null, "addr:postcode": "25390", "addr:city": "Guyans-Vennes", "ref:vatin": null, "ref:FR:NAF": null, "opening_hours": null, "contact:street": null, "contact:postcode": null, "contact:phone": null, "contact:facebook": null, "contact:city": null, "ref:FR:SIRET": null, "website": null, "type": null, "name": "Armurerie", "building": "yes", "contact:instagram": null, "panoramax": null, "min_age": null, "check_date:panoramax": null, "sport": null, "payment:cards": null, "image": null, "clothes": null, "club": null, "second_hand": null, "phone:mobile": null, "harassment_prevention": null, "contact:mobile": null, "source:name:br": null, "name:br": null, "drive_through": null, "delivery": null, "currency:EUR": null, "start_date": null, "payment:cash": null, "addr:country": null, "entrance": null, "payment:debit_cards": null, "payment:credit_cards": null, "payment:visa": null, "payment:paypal": null, "payment:mastercard": null, "payment:maestro": null, "payment:cheque": null, "payment:cb": null, "facebook": null, "description": null, "wheelchair:entrance_width": null, "wheelchair:description": null, "short_name": null, "social_facility:for": null, "opening_hours:signed": null, "official_name": null, "check_date:opening_hours": null, "level": null, "amenity": null, "fax": null, "layer": "Centroïdes", "path": "Point?crs=EPSG:4326&field=full_id:string(0,0)&field=osm_id:string(0,0)&field=osm_type:string(0,0)&field=shop:string(0,0)&field=check_date:string(0,0)&field=operator:string(0,0)&field=email:string(0,0)&field=disused%3Ashop:string(0,0)&field=wheelchair:string(0,0)&field=contact%3Awebsite:string(0,0)&field=building%3Alevels:string(0,0)&field=survey%3Adate:string(0,0)&field=addr%3Astreet:string(0,0)&field=addr%3Ahousenumber:string(0,0)&field=phone:string(0,0)&field=ref%3AFR%3ASIREN:string(0,0)&field=contact%3Ahousenumber:string(0,0)&field=contact%3Afax:string(0,0)&field=contact%3Aemail:string(0,0)&field=addr%3Apostcode:string(0,0)&field=addr%3Acity:string(0,0)&field=ref%3Avatin:string(0,0)&field=ref%3AFR%3ANAF:string(0,0)&field=opening_hours:string(0,0)&field=contact%3Astreet:string(0,0)&field=contact%3Apostcode:string(0,0)&field=contact%3Aphone:string(0,0)&field=contact%3Afacebook:string(0,0)&field=contact%3Acity:string(0,0)&field=ref%3AFR%3ASIRET:string(0,0)&field=website:string(0,0)&field=type:string(0,0)&field=name:string(0,0)&field=building:string(0,0)&uid={40d23ed8-e06c-4513-b0ac-f85083e27a2b}" }, "geometry": { "type": "Point", "coordinates": [ 6.572837700948562, 47.154250967083726 ] } },
{ "type": "Feature", "properties": { "full_id": "w106067193", "osm_id": "106067193", "osm_type": "way", "shop": "weapons", "check_date": null, "operator": null, "email": null, "disused:shop": null, "wheelchair": null, "contact:website": null, "building:levels": null, "survey:date": null, "addr:street": null, "addr:housenumber": null, "phone": null, "ref:FR:SIREN": null, "contact:housenumber": null, "contact:fax": null, "contact:email": null, "addr:postcode": null, "addr:city": null, "ref:vatin": null, "ref:FR:NAF": null, "opening_hours": null, "contact:street": null, "contact:postcode": null, "contact:phone": null, "contact:facebook": null, "contact:city": null, "ref:FR:SIRET": null, "website": null, "type": null, "name": null, "building": "yes", "contact:instagram": null, "panoramax": null, "min_age": null, "check_date:panoramax": null, "sport": null, "payment:cards": null, "image": null, "clothes": null, "club": null, "second_hand": null, "phone:mobile": null, "harassment_prevention": null, "contact:mobile": null, "source:name:br": null, "name:br": null, "drive_through": null, "delivery": null, "currency:EUR": null, "start_date": null, "payment:cash": null, "addr:country": null, "entrance": null, "payment:debit_cards": null, "payment:credit_cards": null, "payment:visa": null, "payment:paypal": null, "payment:mastercard": null, "payment:maestro": null, "payment:cheque": null, "payment:cb": null, "facebook": null, "description": null, "wheelchair:entrance_width": null, "wheelchair:description": null, "short_name": null, "social_facility:for": null, "opening_hours:signed": null, "official_name": null, "check_date:opening_hours": null, "level": null, "amenity": null, "fax": null, "layer": "Centroïdes", "path": "Point?crs=EPSG:4326&field=full_id:string(0,0)&field=osm_id:string(0,0)&field=osm_type:string(0,0)&field=shop:string(0,0)&field=check_date:string(0,0)&field=operator:string(0,0)&field=email:string(0,0)&field=disused%3Ashop:string(0,0)&field=wheelchair:string(0,0)&field=contact%3Awebsite:string(0,0)&field=building%3Alevels:string(0,0)&field=survey%3Adate:string(0,0)&field=addr%3Astreet:string(0,0)&field=addr%3Ahousenumber:string(0,0)&field=phone:string(0,0)&field=ref%3AFR%3ASIREN:string(0,0)&field=contact%3Ahousenumber:string(0,0)&field=contact%3Afax:string(0,0)&field=contact%3Aemail:string(0,0)&field=addr%3Apostcode:string(0,0)&field=addr%3Acity:string(0,0)&field=ref%3Avatin:string(0,0)&field=ref%3AFR%3ANAF:string(0,0)&field=opening_hours:string(0,0)&field=contact%3Astreet:string(0,0)&field=contact%3Apostcode:string(0,0)&field=contact%3Aphone:string(0,0)&field=contact%3Afacebook:string(0,0)&field=contact%3Acity:string(0,0)&field=ref%3AFR%3ASIRET:string(0,0)&field=website:string(0,0)&field=type:string(0,0)&field=name:string(0,0)&field=building:string(0,0)&uid={40d23ed8-e06c-4513-b0ac-f85083e27a2b}" }, "geometry": { "type": "Point", "coordinates": [ 4.847215726401974, 44.774674352792729 ] } },
{ "type": "Feature", "properties": { "full_id": "w120871200", "osm_id": "120871200", "osm_type": "way", "shop": "weapons", "check_date": null, "operator": null, "email": null, "disused:shop": null, "wheelchair": null, "contact:website": null, "building:levels": null, "survey:date": "2020-08-29", "addr:street": null, "addr:housenumber": null, "phone": null, "ref:FR:SIREN": null, "contact:housenumber": null, "contact:fax": null, "contact:email": null, "addr:postcode": null, "addr:city": null, "ref:vatin": null, "ref:FR:NAF": null, "opening_hours": null, "contact:street": null, "contact:postcode": null, "contact:phone": null, "contact:facebook": null, "contact:city": null, "ref:FR:SIRET": null, "website": null, "type": null, "name": "Armurerie Pyrenees Gascogne", "building": "yes", "contact:instagram": null, "panoramax": null, "min_age": null, "check_date:panoramax": null, "sport": null, "payment:cards": null, "image": null, "clothes": null, "club": null, "second_hand": null, "phone:mobile": null, "harassment_prevention": null, "contact:mobile": null, "source:name:br": null, "name:br": null, "drive_through": null, "delivery": null, "currency:EUR": null, "start_date": null, "payment:cash": null, "addr:country": null, "entrance": null, "payment:debit_cards": null, "payment:credit_cards": null, "payment:visa": null, "payment:paypal": null, "payment:mastercard": null, "payment:maestro": null, "payment:cheque": null, "payment:cb": null, "facebook": null, "description": null, "wheelchair:entrance_width": null, "wheelchair:description": null, "short_name": null, "social_facility:for": null, "opening_hours:signed": null, "official_name": null, "check_date:opening_hours": null, "level": null, "amenity": null, "fax": null, "layer": "Centroïdes", "path": "Point?crs=EPSG:4326&field=full_id:string(0,0)&field=osm_id:string(0,0)&field=osm_type:string(0,0)&field=shop:string(0,0)&field=check_date:string(0,0)&field=operator:string(0,0)&field=email:string(0,0)&field=disused%3Ashop:string(0,0)&field=wheelchair:string(0,0)&field=contact%3Awebsite:string(0,0)&field=building%3Alevels:string(0,0)&field=survey%3Adate:string(0,0)&field=addr%3Astreet:string(0,0)&field=addr%3Ahousenumber:string(0,0)&field=phone:string(0,0)&field=ref%3AFR%3ASIREN:string(0,0)&field=contact%3Ahousenumber:string(0,0)&field=contact%3Afax:string(0,0)&field=contact%3Aemail:string(0,0)&field=addr%3Apostcode:string(0,0)&field=addr%3Acity:string(0,0)&field=ref%3Avatin:string(0,0)&field=ref%3AFR%3ANAF:string(0,0)&field=opening_hours:string(0,0)&field=contact%3Astreet:string(0,0)&field=contact%3Apostcode:string(0,0)&field=contact%3Aphone:string(0,0)&field=contact%3Afacebook:string(0,0)&field=contact%3Acity:string(0,0)&field=ref%3AFR%3ASIRET:string(0,0)&field=website:string(0,0)&field=type:string(0,0)&field=name:string(0,0)&field=building:string(0,0)&uid={40d23ed8-e06c-4513-b0ac-f85083e27a2b}" }, "geometry": { "type": "Point", "coordinates": [ 1.372191946724979, 43.419101131018408 ] } },
{ "type": "Feature", "properties": { "full_id": "w142101683", "osm_id": "142101683", "osm_type": "way", "shop": "weapons", "check_date": null, "operator": null, "email": null, "disused:shop": null, "wheelchair": null, "contact:website": null, "building:levels": null, "survey:date": null, "addr:street": "Rue de Saint-Pol De Léon", "addr:housenumber": "17", "phone": null, "ref:FR:SIREN": null, "contact:housenumber": null, "contact:fax": null, "contact:email": null, "addr:postcode": "29440", "addr:city": "Plouzévédé", "ref:vatin": null, "ref:FR:NAF": null, "opening_hours": null, "contact:street": null, "contact:postcode": null, "contact:phone": null, "contact:facebook": null, "contact:city": null, "ref:FR:SIRET": null, "website": null, "type": null, "name": "Chasse et Pêche du Guillec", "building": "commercial", "contact:instagram": null, "panoramax": null, "min_age": null, "check_date:panoramax": null, "sport": null, "payment:cards": null, "image": null, "clothes": null, "club": null, "second_hand": null, "phone:mobile": null, "harassment_prevention": null, "contact:mobile": null, "source:name:br": null, "name:br": null, "drive_through": null, "delivery": null, "currency:EUR": null, "start_date": null, "payment:cash": null, "addr:country": null, "entrance": null, "payment:debit_cards": null, "payment:credit_cards": null, "payment:visa": null, "payment:paypal": null, "payment:mastercard": null, "payment:maestro": null, "payment:cheque": null, "payment:cb": null, "facebook": null, "description": null, "wheelchair:entrance_width": null, "wheelchair:description": null, "short_name": null, "social_facility:for": null, "opening_hours:signed": null, "official_name": null, "check_date:opening_hours": null, "level": null, "amenity": null, "fax": null, "layer": "Centroïdes", "path": "Point?crs=EPSG:4326&field=full_id:string(0,0)&field=osm_id:string(0,0)&field=osm_type:string(0,0)&field=shop:string(0,0)&field=check_date:string(0,0)&field=operator:string(0,0)&field=email:string(0,0)&field=disused%3Ashop:string(0,0)&field=wheelchair:string(0,0)&field=contact%3Awebsite:string(0,0)&field=building%3Alevels:string(0,0)&field=survey%3Adate:string(0,0)&field=addr%3Astreet:string(0,0)&field=addr%3Ahousenumber:string(0,0)&field=phone:string(0,0)&field=ref%3AFR%3ASIREN:string(0,0)&field=contact%3Ahousenumber:string(0,0)&field=contact%3Afax:string(0,0)&field=contact%3Aemail:string(0,0)&field=addr%3Apostcode:string(0,0)&field=addr%3Acity:string(0,0)&field=ref%3Avatin:string(0,0)&field=ref%3AFR%3ANAF:string(0,0)&field=opening_hours:string(0,0)&field=contact%3Astreet:string(0,0)&field=contact%3Apostcode:string(0,0)&field=contact%3Aphone:string(0,0)&field=contact%3Afacebook:string(0,0)&field=contact%3Acity:string(0,0)&field=ref%3AFR%3ASIRET:string(0,0)&field=website:string(0,0)&field=type:string(0,0)&field=name:string(0,0)&field=building:string(0,0)&uid={40d23ed8-e06c-4513-b0ac-f85083e27a2b}" }, "geometry": { "type": "Point", "coordinates": [ -4.111984988597079, 48.606077763581958 ] } },
{ "type": "Feature", "properties": { "full_id": "w146150647", "osm_id": "146150647", "osm_type": "way", "shop": "weapons", "check_date": null, "operator": null, "email": null, "disused:shop": null, "wheelchair": null, "contact:website": null, "building:levels": null, "survey:date": null, "addr:street": "Rue Gustave Eiffel", "addr:housenumber": "23", "phone": null, "ref:FR:SIREN": null, "contact:housenumber": null, "contact:fax": null, "contact:email": null, "addr:postcode": "78120", "addr:city": "Rambouillet", "ref:vatin": null, "ref:FR:NAF": null, "opening_hours": null, "contact:street": null, "contact:postcode": null, "contact:phone": null, "contact:facebook": null, "contact:city": null, "ref:FR:SIRET": null, "website": "https://www.armurerie-rambouillet.com/", "type": null, "name": "Armurerie des Yvelines", "building": "yes", "contact:instagram": null, "panoramax": null, "min_age": null, "check_date:panoramax": null, "sport": null, "payment:cards": null, "image": null, "clothes": null, "club": null, "second_hand": null, "phone:mobile": null, "harassment_prevention": null, "contact:mobile": null, "source:name:br": null, "name:br": null, "drive_through": null, "delivery": null, "currency:EUR": null, "start_date": null, "payment:cash": null, "addr:country": null, "entrance": null, "payment:debit_cards": null, "payment:credit_cards": null, "payment:visa": null, "payment:paypal": null, "payment:mastercard": null, "payment:maestro": null, "payment:cheque": null, "payment:cb": null, "facebook": null, "description": null, "wheelchair:entrance_width": null, "wheelchair:description": null, "short_name": null, "social_facility:for": null, "opening_hours:signed": null, "official_name": null, "check_date:opening_hours": null, "level": null, "amenity": null, "fax": null, "layer": "Centroïdes", "path": "Point?crs=EPSG:4326&field=full_id:string(0,0)&field=osm_id:string(0,0)&field=osm_type:string(0,0)&field=shop:string(0,0)&field=check_date:string(0,0)&field=operator:string(0,0)&field=email:string(0,0)&field=disused%3Ashop:string(0,0)&field=wheelchair:string(0,0)&field=contact%3Awebsite:string(0,0)&field=building%3Alevels:string(0,0)&field=survey%3Adate:string(0,0)&field=addr%3Astreet:string(0,0)&field=addr%3Ahousenumber:string(0,0)&field=phone:string(0,0)&field=ref%3AFR%3ASIREN:string(0,0)&field=contact%3Ahousenumber:string(0,0)&field=contact%3Afax:string(0,0)&field=contact%3Aemail:string(0,0)&field=addr%3Apostcode:string(0,0)&field=addr%3Acity:string(0,0)&field=ref%3Avatin:string(0,0)&field=ref%3AFR%3ANAF:string(0,0)&field=opening_hours:string(0,0)&field=contact%3Astreet:string(0,0)&field=contact%3Apostcode:string(0,0)&field=contact%3Aphone:string(0,0)&field=contact%3Afacebook:string(0,0)&field=contact%3Acity:string(0,0)&field=ref%3AFR%3ASIRET:string(0,0)&field=website:string(0,0)&field=type:string(0,0)&field=name:string(0,0)&field=building:string(0,0)&uid={40d23ed8-e06c-4513-b0ac-f85083e27a2b}" }, "geometry": { "type": "Point", "coordinates": [ 1.824167972431111, 48.625685610730308 ] } },
{ "type": "Feature", "properties": { "full_id": "w162300089", "osm_id": "162300089", "osm_type": "way", "shop": "weapons", "check_date": null, "operator": null, "email": null, "disused:shop": null, "wheelchair": null, "contact:website": null, "building:levels": "1", "survey:date": null, "addr:street": "Route de Lazenay", "addr:housenumber": "41", "phone": null, "ref:FR:SIREN": null, "contact:housenumber": null, "contact:fax": null, "contact:email": null, "addr:postcode": null, "addr:city": null, "ref:vatin": null, "ref:FR:NAF": null, "opening_hours": null, "contact:street": null, "contact:postcode": null, "contact:phone": null, "contact:facebook": null, "contact:city": null, "ref:FR:SIRET": null, "website": null, "type": null, "name": "Armurerie PROT Hubert Bourges", "building": "yes", "contact:instagram": null, "panoramax": null, "min_age": null, "check_date:panoramax": null, "sport": null, "payment:cards": null, "image": null, "clothes": null, "club": null, "second_hand": null, "phone:mobile": null, "harassment_prevention": null, "contact:mobile": null, "source:name:br": null, "name:br": null, "drive_through": null, "delivery": null, "currency:EUR": null, "start_date": null, "payment:cash": null, "addr:country": null, "entrance": null, "payment:debit_cards": null, "payment:credit_cards": null, "payment:visa": null, "payment:paypal": null, "payment:mastercard": null, "payment:maestro": null, "payment:cheque": null, "payment:cb": null, "facebook": null, "description": null, "wheelchair:entrance_width": null, "wheelchair:description": null, "short_name": null, "social_facility:for": null, "opening_hours:signed": null, "official_name": null, "check_date:opening_hours": null, "level": null, "amenity": null, "fax": null, "layer": "Centroïdes", "path": "Point?crs=EPSG:4326&field=full_id:string(0,0)&field=osm_id:string(0,0)&field=osm_type:string(0,0)&field=shop:string(0,0)&field=check_date:string(0,0)&field=operator:string(0,0)&field=email:string(0,0)&field=disused%3Ashop:string(0,0)&field=wheelchair:string(0,0)&field=contact%3Awebsite:string(0,0)&field=building%3Alevels:string(0,0)&field=survey%3Adate:string(0,0)&field=addr%3Astreet:string(0,0)&field=addr%3Ahousenumber:string(0,0)&field=phone:string(0,0)&field=ref%3AFR%3ASIREN:string(0,0)&field=contact%3Ahousenumber:string(0,0)&field=contact%3Afax:string(0,0)&field=contact%3Aemail:string(0,0)&field=addr%3Apostcode:string(0,0)&field=addr%3Acity:string(0,0)&field=ref%3Avatin:string(0,0)&field=ref%3AFR%3ANAF:string(0,0)&field=opening_hours:string(0,0)&field=contact%3Astreet:string(0,0)&field=contact%3Apostcode:string(0,0)&field=contact%3Aphone:string(0,0)&field=contact%3Afacebook:string(0,0)&field=contact%3Acity:string(0,0)&field=ref%3AFR%3ASIRET:string(0,0)&field=website:string(0,0)&field=type:string(0,0)&field=name:string(0,0)&field=building:string(0,0)&uid={40d23ed8-e06c-4513-b0ac-f85083e27a2b}" }, "geometry": { "type": "Point", "coordinates": [ 2.399227496230737, 47.069420527061375 ] } },
{ "type": "Feature", "properties": { "full_id": "w173936406", "osm_id": "173936406", "osm_type": "way", "shop": "weapons", "check_date": null, "operator": null, "email": null, "disused:shop": null, "wheelchair": null, "contact:website": "https://www.stmilitaria.com/", "building:levels": null, "survey:date": null, "addr:street": null, "addr:housenumber": null, "phone": null, "ref:FR:SIREN": null, "contact:housenumber": "8", "contact:fax": null, "contact:email": null, "addr:postcode": null, "addr:city": null, "ref:vatin": null, "ref:FR:NAF": null, "opening_hours": null, "contact:street": "Rue de Colmar", "contact:postcode": "68220", "contact:phone": null, "contact:facebook": null, "contact:city": "Hésingue", "ref:FR:SIRET": null, "website": null, "type": null, "name": "ST Militaria", "building": "yes", "contact:instagram": null, "panoramax": null, "min_age": null, "check_date:panoramax": null, "sport": null, "payment:cards": null, "image": null, "clothes": null, "club": null, "second_hand": null, "phone:mobile": null, "harassment_prevention": null, "contact:mobile": null, "source:name:br": null, "name:br": null, "drive_through": null, "delivery": null, "currency:EUR": null, "start_date": null, "payment:cash": null, "addr:country": null, "entrance": null, "payment:debit_cards": null, "payment:credit_cards": null, "payment:visa": null, "payment:paypal": null, "payment:mastercard": null, "payment:maestro": null, "payment:cheque": null, "payment:cb": null, "facebook": null, "description": null, "wheelchair:entrance_width": null, "wheelchair:description": null, "short_name": null, "social_facility:for": null, "opening_hours:signed": null, "official_name": null, "check_date:opening_hours": null, "level": null, "amenity": null, "fax": null, "layer": "Centroïdes", "path": "Point?crs=EPSG:4326&field=full_id:string(0,0)&field=osm_id:string(0,0)&field=osm_type:string(0,0)&field=shop:string(0,0)&field=check_date:string(0,0)&field=operator:string(0,0)&field=email:string(0,0)&field=disused%3Ashop:string(0,0)&field=wheelchair:string(0,0)&field=contact%3Awebsite:string(0,0)&field=building%3Alevels:string(0,0)&field=survey%3Adate:string(0,0)&field=addr%3Astreet:string(0,0)&field=addr%3Ahousenumber:string(0,0)&field=phone:string(0,0)&field=ref%3AFR%3ASIREN:string(0,0)&field=contact%3Ahousenumber:string(0,0)&field=contact%3Afax:string(0,0)&field=contact%3Aemail:string(0,0)&field=addr%3Apostcode:string(0,0)&field=addr%3Acity:string(0,0)&field=ref%3Avatin:string(0,0)&field=ref%3AFR%3ANAF:string(0,0)&field=opening_hours:string(0,0)&field=contact%3Astreet:string(0,0)&field=contact%3Apostcode:string(0,0)&field=contact%3Aphone:string(0,0)&field=contact%3Afacebook:string(0,0)&field=contact%3Acity:string(0,0)&field=ref%3AFR%3ASIRET:string(0,0)&field=website:string(0,0)&field=type:string(0,0)&field=name:string(0,0)&field=building:string(0,0)&uid={40d23ed8-e06c-4513-b0ac-f85083e27a2b}" }, "geometry": { "type": "Point", "coordinates": [ 7.515160906075067, 47.584016821281743 ] } },
{ "type": "Feature", "properties": { "full_id": "w182674824", "osm_id": "182674824", "osm_type": "way", "shop": "weapons", "check_date": null, "operator": null, "email": null, "disused:shop": null, "wheelchair": "yes", "contact:website": null, "building:levels": null, "survey:date": null, "addr:street": null, "addr:housenumber": null, "phone": null, "ref:FR:SIREN": null, "contact:housenumber": null, "contact:fax": null, "contact:email": null, "addr:postcode": null, "addr:city": null, "ref:vatin": null, "ref:FR:NAF": null, "opening_hours": null, "contact:street": null, "contact:postcode": null, "contact:phone": null, "contact:facebook": null, "contact:city": null, "ref:FR:SIRET": "33478094700019", "website": null, "type": null, "name": "Armurerie Laudier", "building": "yes", "contact:instagram": null, "panoramax": null, "min_age": null, "check_date:panoramax": null, "sport": null, "payment:cards": null, "image": null, "clothes": null, "club": null, "second_hand": null, "phone:mobile": null, "harassment_prevention": null, "contact:mobile": null, "source:name:br": null, "name:br": null, "drive_through": null, "delivery": null, "currency:EUR": null, "start_date": null, "payment:cash": null, "addr:country": null, "entrance": null, "payment:debit_cards": null, "payment:credit_cards": null, "payment:visa": null, "payment:paypal": null, "payment:mastercard": null, "payment:maestro": null, "payment:cheque": null, "payment:cb": null, "facebook": null, "description": null, "wheelchair:entrance_width": null, "wheelchair:description": null, "short_name": null, "social_facility:for": null, "opening_hours:signed": null, "official_name": null, "check_date:opening_hours": null, "level": null, "amenity": null, "fax": null, "layer": "Centroïdes", "path": "Point?crs=EPSG:4326&field=full_id:string(0,0)&field=osm_id:string(0,0)&field=osm_type:string(0,0)&field=shop:string(0,0)&field=check_date:string(0,0)&field=operator:string(0,0)&field=email:string(0,0)&field=disused%3Ashop:string(0,0)&field=wheelchair:string(0,0)&field=contact%3Awebsite:string(0,0)&field=building%3Alevels:string(0,0)&field=survey%3Adate:string(0,0)&field=addr%3Astreet:string(0,0)&field=addr%3Ahousenumber:string(0,0)&field=phone:string(0,0)&field=ref%3AFR%3ASIREN:string(0,0)&field=contact%3Ahousenumber:string(0,0)&field=contact%3Afax:string(0,0)&field=contact%3Aemail:string(0,0)&field=addr%3Apostcode:string(0,0)&field=addr%3Acity:string(0,0)&field=ref%3Avatin:string(0,0)&field=ref%3AFR%3ANAF:string(0,0)&field=opening_hours:string(0,0)&field=contact%3Astreet:string(0,0)&field=contact%3Apostcode:string(0,0)&field=contact%3Aphone:string(0,0)&field=contact%3Afacebook:string(0,0)&field=contact%3Acity:string(0,0)&field=ref%3AFR%3ASIRET:string(0,0)&field=website:string(0,0)&field=type:string(0,0)&field=name:string(0,0)&field=building:string(0,0)&uid={40d23ed8-e06c-4513-b0ac-f85083e27a2b}" }, "geometry": { "type": "Point", "coordinates": [ 1.365840320867434, 48.736328178990938 ] } },
{ "type": "Feature", "properties": { "full_id": "w202092225", "osm_id": "202092225", "osm_type": "way", "shop": "weapons", "check_date": null, "operator": null, "email": null, "disused:shop": "hunting", "wheelchair": null, "contact:website": null, "building:levels": null, "survey:date": null, "addr:street": null, "addr:housenumber": null, "phone": null, "ref:FR:SIREN": null, "contact:housenumber": null, "contact:fax": null, "contact:email": null, "addr:postcode": null, "addr:city": null, "ref:vatin": null, "ref:FR:NAF": null, "opening_hours": null, "contact:street": null, "contact:postcode": null, "contact:phone": null, "contact:facebook": null, "contact:city": null, "ref:FR:SIRET": null, "website": null, "type": null, "name": "Armurerie Girod", "building": "yes", "contact:instagram": null, "panoramax": null, "min_age": null, "check_date:panoramax": null, "sport": null, "payment:cards": null, "image": null, "clothes": null, "club": null, "second_hand": null, "phone:mobile": null, "harassment_prevention": null, "contact:mobile": null, "source:name:br": null, "name:br": null, "drive_through": null, "delivery": null, "currency:EUR": null, "start_date": null, "payment:cash": null, "addr:country": null, "entrance": null, "payment:debit_cards": null, "payment:credit_cards": null, "payment:visa": null, "payment:paypal": null, "payment:mastercard": null, "payment:maestro": null, "payment:cheque": null, "payment:cb": null, "facebook": null, "description": null, "wheelchair:entrance_width": null, "wheelchair:description": null, "short_name": null, "social_facility:for": null, "opening_hours:signed": null, "official_name": null, "check_date:opening_hours": null, "level": null, "amenity": null, "fax": null, "layer": "Centroïdes", "path": "Point?crs=EPSG:4326&field=full_id:string(0,0)&field=osm_id:string(0,0)&field=osm_type:string(0,0)&field=shop:string(0,0)&field=check_date:string(0,0)&field=operator:string(0,0)&field=email:string(0,0)&field=disused%3Ashop:string(0,0)&field=wheelchair:string(0,0)&field=contact%3Awebsite:string(0,0)&field=building%3Alevels:string(0,0)&field=survey%3Adate:string(0,0)&field=addr%3Astreet:string(0,0)&field=addr%3Ahousenumber:string(0,0)&field=phone:string(0,0)&field=ref%3AFR%3ASIREN:string(0,0)&field=contact%3Ahousenumber:string(0,0)&field=contact%3Afax:string(0,0)&field=contact%3Aemail:string(0,0)&field=addr%3Apostcode:string(0,0)&field=addr%3Acity:string(0,0)&field=ref%3Avatin:string(0,0)&field=ref%3AFR%3ANAF:string(0,0)&field=opening_hours:string(0,0)&field=contact%3Astreet:string(0,0)&field=contact%3Apostcode:string(0,0)&field=contact%3Aphone:string(0,0)&field=contact%3Afacebook:string(0,0)&field=contact%3Acity:string(0,0)&field=ref%3AFR%3ASIRET:string(0,0)&field=website:string(0,0)&field=type:string(0,0)&field=name:string(0,0)&field=building:string(0,0)&uid={40d23ed8-e06c-4513-b0ac-f85083e27a2b}" }, "geometry": { "type": "Point", "coordinates": [ 6.438050897978768, 45.638547051950475 ] } },
{ "type": "Feature", "properties": { "full_id": "w308264392", "osm_id": "308264392", "osm_type": "way", "shop": "weapons", "check_date": null, "operator": null, "email": null, "disused:shop": null, "wheelchair": null, "contact:website": null, "building:levels": null, "survey:date": null, "addr:street": null, "addr:housenumber": null, "phone": null, "ref:FR:SIREN": null, "contact:housenumber": null, "contact:fax": null, "contact:email": null, "addr:postcode": null, "addr:city": null, "ref:vatin": null, "ref:FR:NAF": null, "opening_hours": null, "contact:street": null, "contact:postcode": null, "contact:phone": null, "contact:facebook": null, "contact:city": null, "ref:FR:SIRET": null, "website": null, "type": null, "name": "Cheddite France", "building": "yes", "contact:instagram": null, "panoramax": null, "min_age": null, "check_date:panoramax": null, "sport": null, "payment:cards": null, "image": null, "clothes": null, "club": null, "second_hand": null, "phone:mobile": null, "harassment_prevention": null, "contact:mobile": null, "source:name:br": null, "name:br": null, "drive_through": null, "delivery": null, "currency:EUR": null, "start_date": null, "payment:cash": null, "addr:country": null, "entrance": null, "payment:debit_cards": null, "payment:credit_cards": null, "payment:visa": null, "payment:paypal": null, "payment:mastercard": null, "payment:maestro": null, "payment:cheque": null, "payment:cb": null, "facebook": null, "description": null, "wheelchair:entrance_width": null, "wheelchair:description": null, "short_name": null, "social_facility:for": null, "opening_hours:signed": null, "official_name": null, "check_date:opening_hours": null, "level": null, "amenity": null, "fax": null, "layer": "Centroïdes", "path": "Point?crs=EPSG:4326&field=full_id:string(0,0)&field=osm_id:string(0,0)&field=osm_type:string(0,0)&field=shop:string(0,0)&field=check_date:string(0,0)&field=operator:string(0,0)&field=email:string(0,0)&field=disused%3Ashop:string(0,0)&field=wheelchair:string(0,0)&field=contact%3Awebsite:string(0,0)&field=building%3Alevels:string(0,0)&field=survey%3Adate:string(0,0)&field=addr%3Astreet:string(0,0)&field=addr%3Ahousenumber:string(0,0)&field=phone:string(0,0)&field=ref%3AFR%3ASIREN:string(0,0)&field=contact%3Ahousenumber:string(0,0)&field=contact%3Afax:string(0,0)&field=contact%3Aemail:string(0,0)&field=addr%3Apostcode:string(0,0)&field=addr%3Acity:string(0,0)&field=ref%3Avatin:string(0,0)&field=ref%3AFR%3ANAF:string(0,0)&field=opening_hours:string(0,0)&field=contact%3Astreet:string(0,0)&field=contact%3Apostcode:string(0,0)&field=contact%3Aphone:string(0,0)&field=contact%3Afacebook:string(0,0)&field=contact%3Acity:string(0,0)&field=ref%3AFR%3ASIRET:string(0,0)&field=website:string(0,0)&field=type:string(0,0)&field=name:string(0,0)&field=building:string(0,0)&uid={40d23ed8-e06c-4513-b0ac-f85083e27a2b}" }, "geometry": { "type": "Point", "coordinates": [ 4.938691311069019, 45.265413158937584 ] } },
{ "type": "Feature", "properties": { "full_id": "w387250509", "osm_id": "387250509", "osm_type": "way", "shop": "weapons", "check_date": null, "operator": "Armurerie de Gannat SASU", "email": "contact@armurerie-gannat.com", "disused:shop": null, "wheelchair": null, "contact:website": null, "building:levels": null, "survey:date": null, "addr:street": "Place des Anciens d'AFN", "addr:housenumber": "4", "phone": "+33470900971", "ref:FR:SIREN": null, "contact:housenumber": null, "contact:fax": null, "contact:email": null, "addr:postcode": "03800", "addr:city": "Gannat", "ref:vatin": "FR91824877906", "ref:FR:NAF": null, "opening_hours": "Tu-Fr 09:00-12:00,14:00-19:00; Fr 09:00-12:00,14:00-18:00", "contact:street": null, "contact:postcode": null, "contact:phone": null, "contact:facebook": null, "contact:city": null, "ref:FR:SIRET": "82487790600019", "website": "https://www.armurerie-gannat.com", "type": null, "name": "Armurerie de Gannat", "building": "yes", "contact:instagram": null, "panoramax": null, "min_age": null, "check_date:panoramax": null, "sport": null, "payment:cards": null, "image": null, "clothes": null, "club": null, "second_hand": null, "phone:mobile": null, "harassment_prevention": null, "contact:mobile": null, "source:name:br": null, "name:br": null, "drive_through": null, "delivery": null, "currency:EUR": null, "start_date": null, "payment:cash": null, "addr:country": null, "entrance": null, "payment:debit_cards": null, "payment:credit_cards": null, "payment:visa": null, "payment:paypal": null, "payment:mastercard": null, "payment:maestro": null, "payment:cheque": null, "payment:cb": null, "facebook": null, "description": null, "wheelchair:entrance_width": null, "wheelchair:description": null, "short_name": null, "social_facility:for": null, "opening_hours:signed": null, "official_name": null, "check_date:opening_hours": null, "level": null, "amenity": null, "fax": null, "layer": "Centroïdes", "path": "Point?crs=EPSG:4326&field=full_id:string(0,0)&field=osm_id:string(0,0)&field=osm_type:string(0,0)&field=shop:string(0,0)&field=check_date:string(0,0)&field=operator:string(0,0)&field=email:string(0,0)&field=disused%3Ashop:string(0,0)&field=wheelchair:string(0,0)&field=contact%3Awebsite:string(0,0)&field=building%3Alevels:string(0,0)&field=survey%3Adate:string(0,0)&field=addr%3Astreet:string(0,0)&field=addr%3Ahousenumber:string(0,0)&field=phone:string(0,0)&field=ref%3AFR%3ASIREN:string(0,0)&field=contact%3Ahousenumber:string(0,0)&field=contact%3Afax:string(0,0)&field=contact%3Aemail:string(0,0)&field=addr%3Apostcode:string(0,0)&field=addr%3Acity:string(0,0)&field=ref%3Avatin:string(0,0)&field=ref%3AFR%3ANAF:string(0,0)&field=opening_hours:string(0,0)&field=contact%3Astreet:string(0,0)&field=contact%3Apostcode:string(0,0)&field=contact%3Aphone:string(0,0)&field=contact%3Afacebook:string(0,0)&field=contact%3Acity:string(0,0)&field=ref%3AFR%3ASIRET:string(0,0)&field=website:string(0,0)&field=type:string(0,0)&field=name:string(0,0)&field=building:string(0,0)&uid={40d23ed8-e06c-4513-b0ac-f85083e27a2b}" }, "geometry": { "type": "Point", "coordinates": [ 3.196823857729498, 46.101642052577098 ] } },
{ "type": "Feature", "properties": { "full_id": "w505769043", "osm_id": "505769043", "osm_type": "way", "shop": "weapons", "check_date": null, "operator": null, "email": null, "disused:shop": null, "wheelchair": null, "contact:website": null, "building:levels": null, "survey:date": null, "addr:street": "Rue Louis Breguet", "addr:housenumber": "1", "phone": null, "ref:FR:SIREN": null, "contact:housenumber": null, "contact:fax": null, "contact:email": null, "addr:postcode": "25800", "addr:city": "Valdahon", "ref:vatin": null, "ref:FR:NAF": null, "opening_hours": null, "contact:street": null, "contact:postcode": null, "contact:phone": null, "contact:facebook": null, "contact:city": null, "ref:FR:SIRET": null, "website": null, "type": null, "name": "S.E.P Armurerie", "building": "yes", "contact:instagram": null, "panoramax": null, "min_age": null, "check_date:panoramax": null, "sport": null, "payment:cards": null, "image": null, "clothes": null, "club": null, "second_hand": null, "phone:mobile": null, "harassment_prevention": null, "contact:mobile": null, "source:name:br": null, "name:br": null, "drive_through": null, "delivery": null, "currency:EUR": null, "start_date": null, "payment:cash": null, "addr:country": null, "entrance": null, "payment:debit_cards": null, "payment:credit_cards": null, "payment:visa": null, "payment:paypal": null, "payment:mastercard": null, "payment:maestro": null, "payment:cheque": null, "payment:cb": null, "facebook": null, "description": null, "wheelchair:entrance_width": null, "wheelchair:description": null, "short_name": null, "social_facility:for": null, "opening_hours:signed": null, "official_name": null, "check_date:opening_hours": null, "level": null, "amenity": null, "fax": null, "layer": "Centroïdes", "path": "Point?crs=EPSG:4326&field=full_id:string(0,0)&field=osm_id:string(0,0)&field=osm_type:string(0,0)&field=shop:string(0,0)&field=check_date:string(0,0)&field=operator:string(0,0)&field=email:string(0,0)&field=disused%3Ashop:string(0,0)&field=wheelchair:string(0,0)&field=contact%3Awebsite:string(0,0)&field=building%3Alevels:string(0,0)&field=survey%3Adate:string(0,0)&field=addr%3Astreet:string(0,0)&field=addr%3Ahousenumber:string(0,0)&field=phone:string(0,0)&field=ref%3AFR%3ASIREN:string(0,0)&field=contact%3Ahousenumber:string(0,0)&field=contact%3Afax:string(0,0)&field=contact%3Aemail:string(0,0)&field=addr%3Apostcode:string(0,0)&field=addr%3Acity:string(0,0)&field=ref%3Avatin:string(0,0)&field=ref%3AFR%3ANAF:string(0,0)&field=opening_hours:string(0,0)&field=contact%3Astreet:string(0,0)&field=contact%3Apostcode:string(0,0)&field=contact%3Aphone:string(0,0)&field=contact%3Afacebook:string(0,0)&field=contact%3Acity:string(0,0)&field=ref%3AFR%3ASIRET:string(0,0)&field=website:string(0,0)&field=type:string(0,0)&field=name:string(0,0)&field=building:string(0,0)&uid={40d23ed8-e06c-4513-b0ac-f85083e27a2b}" }, "geometry": { "type": "Point", "coordinates": [ 6.32079855, 47.1491781 ] } },
{ "type": "Feature", "properties": { "full_id": "w689293623", "osm_id": "689293623", "osm_type": "way", "shop": "weapons", "check_date": null, "operator": null, "email": null, "disused:shop": null, "wheelchair": null, "contact:website": null, "building:levels": null, "survey:date": null, "addr:street": null, "addr:housenumber": null, "phone": "+33 3 25 57 30 46", "ref:FR:SIREN": null, "contact:housenumber": null, "contact:fax": null, "contact:email": null, "addr:postcode": null, "addr:city": null, "ref:vatin": null, "ref:FR:NAF": null, "opening_hours": "mercredi 09:00-12:00 14:00-19:00 jeudi 09:00-12:00 14:00-19:00 vendredi 09:00-12:00 14:00-19:00 samedi 09:00-12:00 14:00-19:00 dimanche Fermé lundi Fermé mardi 09:00-12:00 14:00-19:00", "contact:street": null, "contact:postcode": null, "contact:phone": null, "contact:facebook": null, "contact:city": null, "ref:FR:SIRET": null, "website": "https://www.facebook.com/armureriebonaparte/", "type": null, "name": "Armurerie Bonaparte", "building": "yes", "contact:instagram": null, "panoramax": null, "min_age": null, "check_date:panoramax": null, "sport": null, "payment:cards": null, "image": null, "clothes": null, "club": null, "second_hand": null, "phone:mobile": null, "harassment_prevention": null, "contact:mobile": null, "source:name:br": null, "name:br": null, "drive_through": null, "delivery": null, "currency:EUR": null, "start_date": null, "payment:cash": null, "addr:country": null, "entrance": null, "payment:debit_cards": null, "payment:credit_cards": null, "payment:visa": null, "payment:paypal": null, "payment:mastercard": null, "payment:maestro": null, "payment:cheque": null, "payment:cb": null, "facebook": null, "description": null, "wheelchair:entrance_width": null, "wheelchair:description": null, "short_name": null, "social_facility:for": null, "opening_hours:signed": null, "official_name": null, "check_date:opening_hours": null, "level": null, "amenity": null, "fax": null, "layer": "Centroïdes", "path": "Point?crs=EPSG:4326&field=full_id:string(0,0)&field=osm_id:string(0,0)&field=osm_type:string(0,0)&field=shop:string(0,0)&field=check_date:string(0,0)&field=operator:string(0,0)&field=email:string(0,0)&field=disused%3Ashop:string(0,0)&field=wheelchair:string(0,0)&field=contact%3Awebsite:string(0,0)&field=building%3Alevels:string(0,0)&field=survey%3Adate:string(0,0)&field=addr%3Astreet:string(0,0)&field=addr%3Ahousenumber:string(0,0)&field=phone:string(0,0)&field=ref%3AFR%3ASIREN:string(0,0)&field=contact%3Ahousenumber:string(0,0)&field=contact%3Afax:string(0,0)&field=contact%3Aemail:string(0,0)&field=addr%3Apostcode:string(0,0)&field=addr%3Acity:string(0,0)&field=ref%3Avatin:string(0,0)&field=ref%3AFR%3ANAF:string(0,0)&field=opening_hours:string(0,0)&field=contact%3Astreet:string(0,0)&field=contact%3Apostcode:string(0,0)&field=contact%3Aphone:string(0,0)&field=contact%3Afacebook:string(0,0)&field=contact%3Acity:string(0,0)&field=ref%3AFR%3ASIRET:string(0,0)&field=website:string(0,0)&field=type:string(0,0)&field=name:string(0,0)&field=building:string(0,0)&uid={40d23ed8-e06c-4513-b0ac-f85083e27a2b}" }, "geometry": { "type": "Point", "coordinates": [ 4.525616574375715, 48.394767210418301 ] } },
{ "type": "Feature", "properties": { "full_id": "w893822730", "osm_id": "893822730", "osm_type": "way", "shop": "weapons", "check_date": "2024-05-31", "operator": null, "email": null, "disused:shop": null, "wheelchair": null, "contact:website": null, "building:levels": null, "survey:date": null, "addr:street": null, "addr:housenumber": null, "phone": null, "ref:FR:SIREN": null, "contact:housenumber": null, "contact:fax": null, "contact:email": null, "addr:postcode": null, "addr:city": null, "ref:vatin": null, "ref:FR:NAF": null, "opening_hours": "Mo-Sa 08:00-19:30", "contact:street": null, "contact:postcode": null, "contact:phone": "+33 2 47 27 34 31", "contact:facebook": null, "contact:city": null, "ref:FR:SIRET": null, "website": null, "type": null, "name": "Chasse Nature Passion", "building": "retail", "contact:instagram": null, "panoramax": null, "min_age": null, "check_date:panoramax": null, "sport": null, "payment:cards": null, "image": null, "clothes": null, "club": null, "second_hand": null, "phone:mobile": null, "harassment_prevention": null, "contact:mobile": null, "source:name:br": null, "name:br": null, "drive_through": null, "delivery": null, "currency:EUR": null, "start_date": null, "payment:cash": null, "addr:country": null, "entrance": null, "payment:debit_cards": null, "payment:credit_cards": null, "payment:visa": null, "payment:paypal": null, "payment:mastercard": null, "payment:maestro": null, "payment:cheque": null, "payment:cb": null, "facebook": null, "description": null, "wheelchair:entrance_width": null, "wheelchair:description": null, "short_name": null, "social_facility:for": null, "opening_hours:signed": null, "official_name": null, "check_date:opening_hours": null, "level": null, "amenity": null, "fax": null, "layer": "Centroïdes", "path": "Point?crs=EPSG:4326&field=full_id:string(0,0)&field=osm_id:string(0,0)&field=osm_type:string(0,0)&field=shop:string(0,0)&field=check_date:string(0,0)&field=operator:string(0,0)&field=email:string(0,0)&field=disused%3Ashop:string(0,0)&field=wheelchair:string(0,0)&field=contact%3Awebsite:string(0,0)&field=building%3Alevels:string(0,0)&field=survey%3Adate:string(0,0)&field=addr%3Astreet:string(0,0)&field=addr%3Ahousenumber:string(0,0)&field=phone:string(0,0)&field=ref%3AFR%3ASIREN:string(0,0)&field=contact%3Ahousenumber:string(0,0)&field=contact%3Afax:string(0,0)&field=contact%3Aemail:string(0,0)&field=addr%3Apostcode:string(0,0)&field=addr%3Acity:string(0,0)&field=ref%3Avatin:string(0,0)&field=ref%3AFR%3ANAF:string(0,0)&field=opening_hours:string(0,0)&field=contact%3Astreet:string(0,0)&field=contact%3Apostcode:string(0,0)&field=contact%3Aphone:string(0,0)&field=contact%3Afacebook:string(0,0)&field=contact%3Acity:string(0,0)&field=ref%3AFR%3ASIRET:string(0,0)&field=website:string(0,0)&field=type:string(0,0)&field=name:string(0,0)&field=building:string(0,0)&uid={40d23ed8-e06c-4513-b0ac-f85083e27a2b}" }, "geometry": { "type": "Point", "coordinates": [ 0.699908763393732, 47.337724609675426 ] } },
{ "type": "Feature", "properties": { "full_id": "w950091940", "osm_id": "950091940", "osm_type": "way", "shop": "weapons", "check_date": null, "operator": null, "email": null, "disused:shop": null, "wheelchair": null, "contact:website": null, "building:levels": null, "survey:date": null, "addr:street": null, "addr:housenumber": null, "phone": null, "ref:FR:SIREN": null, "contact:housenumber": null, "contact:fax": null, "contact:email": null, "addr:postcode": null, "addr:city": null, "ref:vatin": null, "ref:FR:NAF": null, "opening_hours": null, "contact:street": null, "contact:postcode": null, "contact:phone": null, "contact:facebook": null, "contact:city": null, "ref:FR:SIRET": null, "website": null, "type": null, "name": null, "building": "yes", "contact:instagram": null, "panoramax": null, "min_age": null, "check_date:panoramax": null, "sport": null, "payment:cards": null, "image": null, "clothes": null, "club": null, "second_hand": null, "phone:mobile": null, "harassment_prevention": null, "contact:mobile": null, "source:name:br": null, "name:br": null, "drive_through": null, "delivery": null, "currency:EUR": null, "start_date": null, "payment:cash": null, "addr:country": null, "entrance": null, "payment:debit_cards": null, "payment:credit_cards": null, "payment:visa": null, "payment:paypal": null, "payment:mastercard": null, "payment:maestro": null, "payment:cheque": null, "payment:cb": null, "facebook": null, "description": null, "wheelchair:entrance_width": null, "wheelchair:description": null, "short_name": null, "social_facility:for": null, "opening_hours:signed": null, "official_name": null, "check_date:opening_hours": null, "level": null, "amenity": null, "fax": null, "layer": "Centroïdes", "path": "Point?crs=EPSG:4326&field=full_id:string(0,0)&field=osm_id:string(0,0)&field=osm_type:string(0,0)&field=shop:string(0,0)&field=check_date:string(0,0)&field=operator:string(0,0)&field=email:string(0,0)&field=disused%3Ashop:string(0,0)&field=wheelchair:string(0,0)&field=contact%3Awebsite:string(0,0)&field=building%3Alevels:string(0,0)&field=survey%3Adate:string(0,0)&field=addr%3Astreet:string(0,0)&field=addr%3Ahousenumber:string(0,0)&field=phone:string(0,0)&field=ref%3AFR%3ASIREN:string(0,0)&field=contact%3Ahousenumber:string(0,0)&field=contact%3Afax:string(0,0)&field=contact%3Aemail:string(0,0)&field=addr%3Apostcode:string(0,0)&field=addr%3Acity:string(0,0)&field=ref%3Avatin:string(0,0)&field=ref%3AFR%3ANAF:string(0,0)&field=opening_hours:string(0,0)&field=contact%3Astreet:string(0,0)&field=contact%3Apostcode:string(0,0)&field=contact%3Aphone:string(0,0)&field=contact%3Afacebook:string(0,0)&field=contact%3Acity:string(0,0)&field=ref%3AFR%3ASIRET:string(0,0)&field=website:string(0,0)&field=type:string(0,0)&field=name:string(0,0)&field=building:string(0,0)&uid={40d23ed8-e06c-4513-b0ac-f85083e27a2b}" }, "geometry": { "type": "Point", "coordinates": [ 4.860528157738308, 44.919095803277528 ] } },
{ "type": "Feature", "properties": { "full_id": "w962675821", "osm_id": "962675821", "osm_type": "way", "shop": "weapons", "check_date": null, "operator": null, "email": null, "disused:shop": null, "wheelchair": null, "contact:website": null, "building:levels": null, "survey:date": null, "addr:street": null, "addr:housenumber": null, "phone": "+33 3 27 82 07 72", "ref:FR:SIREN": null, "contact:housenumber": null, "contact:fax": null, "contact:email": null, "addr:postcode": null, "addr:city": null, "ref:vatin": null, "ref:FR:NAF": null, "opening_hours": null, "contact:street": null, "contact:postcode": null, "contact:phone": null, "contact:facebook": null, "contact:city": null, "ref:FR:SIRET": null, "website": null, "type": null, "name": "La Pourvoirie", "building": "yes", "contact:instagram": null, "panoramax": null, "min_age": null, "check_date:panoramax": null, "sport": null, "payment:cards": null, "image": null, "clothes": null, "club": null, "second_hand": null, "phone:mobile": null, "harassment_prevention": null, "contact:mobile": null, "source:name:br": null, "name:br": null, "drive_through": null, "delivery": null, "currency:EUR": null, "start_date": null, "payment:cash": null, "addr:country": null, "entrance": null, "payment:debit_cards": null, "payment:credit_cards": null, "payment:visa": null, "payment:paypal": null, "payment:mastercard": null, "payment:maestro": null, "payment:cheque": null, "payment:cb": null, "facebook": null, "description": null, "wheelchair:entrance_width": null, "wheelchair:description": null, "short_name": null, "social_facility:for": null, "opening_hours:signed": null, "official_name": null, "check_date:opening_hours": null, "level": null, "amenity": null, "fax": null, "layer": "Centroïdes", "path": "Point?crs=EPSG:4326&field=full_id:string(0,0)&field=osm_id:string(0,0)&field=osm_type:string(0,0)&field=shop:string(0,0)&field=check_date:string(0,0)&field=operator:string(0,0)&field=email:string(0,0)&field=disused%3Ashop:string(0,0)&field=wheelchair:string(0,0)&field=contact%3Awebsite:string(0,0)&field=building%3Alevels:string(0,0)&field=survey%3Adate:string(0,0)&field=addr%3Astreet:string(0,0)&field=addr%3Ahousenumber:string(0,0)&field=phone:string(0,0)&field=ref%3AFR%3ASIREN:string(0,0)&field=contact%3Ahousenumber:string(0,0)&field=contact%3Afax:string(0,0)&field=contact%3Aemail:string(0,0)&field=addr%3Apostcode:string(0,0)&field=addr%3Acity:string(0,0)&field=ref%3Avatin:string(0,0)&field=ref%3AFR%3ANAF:string(0,0)&field=opening_hours:string(0,0)&field=contact%3Astreet:string(0,0)&field=contact%3Apostcode:string(0,0)&field=contact%3Aphone:string(0,0)&field=contact%3Afacebook:string(0,0)&field=contact%3Acity:string(0,0)&field=ref%3AFR%3ASIRET:string(0,0)&field=website:string(0,0)&field=type:string(0,0)&field=name:string(0,0)&field=building:string(0,0)&uid={40d23ed8-e06c-4513-b0ac-f85083e27a2b}" }, "geometry": { "type": "Point", "coordinates": [ 3.322410424956427, 50.243201806078254 ] } },
{ "type": "Feature", "properties": { "full_id": "w1089241968", "osm_id": "1089241968", "osm_type": "way", "shop": "weapons", "check_date": null, "operator": null, "email": null, "disused:shop": null, "wheelchair": null, "contact:website": null, "building:levels": null, "survey:date": null, "addr:street": null, "addr:housenumber": null, "phone": null, "ref:FR:SIREN": null, "contact:housenumber": null, "contact:fax": null, "contact:email": null, "addr:postcode": null, "addr:city": null, "ref:vatin": null, "ref:FR:NAF": null, "opening_hours": null, "contact:street": null, "contact:postcode": null, "contact:phone": null, "contact:facebook": null, "contact:city": null, "ref:FR:SIRET": null, "website": null, "type": null, "name": "L'atelier du fusil", "building": "yes", "contact:instagram": null, "panoramax": null, "min_age": null, "check_date:panoramax": null, "sport": null, "payment:cards": null, "image": null, "clothes": null, "club": null, "second_hand": null, "phone:mobile": null, "harassment_prevention": null, "contact:mobile": null, "source:name:br": null, "name:br": null, "drive_through": null, "delivery": null, "currency:EUR": null, "start_date": null, "payment:cash": null, "addr:country": null, "entrance": null, "payment:debit_cards": null, "payment:credit_cards": null, "payment:visa": null, "payment:paypal": null, "payment:mastercard": null, "payment:maestro": null, "payment:cheque": null, "payment:cb": null, "facebook": null, "description": null, "wheelchair:entrance_width": null, "wheelchair:description": null, "short_name": null, "social_facility:for": null, "opening_hours:signed": null, "official_name": null, "check_date:opening_hours": null, "level": null, "amenity": null, "fax": null, "layer": "Centroïdes", "path": "Point?crs=EPSG:4326&field=full_id:string(0,0)&field=osm_id:string(0,0)&field=osm_type:string(0,0)&field=shop:string(0,0)&field=check_date:string(0,0)&field=operator:string(0,0)&field=email:string(0,0)&field=disused%3Ashop:string(0,0)&field=wheelchair:string(0,0)&field=contact%3Awebsite:string(0,0)&field=building%3Alevels:string(0,0)&field=survey%3Adate:string(0,0)&field=addr%3Astreet:string(0,0)&field=addr%3Ahousenumber:string(0,0)&field=phone:string(0,0)&field=ref%3AFR%3ASIREN:string(0,0)&field=contact%3Ahousenumber:string(0,0)&field=contact%3Afax:string(0,0)&field=contact%3Aemail:string(0,0)&field=addr%3Apostcode:string(0,0)&field=addr%3Acity:string(0,0)&field=ref%3Avatin:string(0,0)&field=ref%3AFR%3ANAF:string(0,0)&field=opening_hours:string(0,0)&field=contact%3Astreet:string(0,0)&field=contact%3Apostcode:string(0,0)&field=contact%3Aphone:string(0,0)&field=contact%3Afacebook:string(0,0)&field=contact%3Acity:string(0,0)&field=ref%3AFR%3ASIRET:string(0,0)&field=website:string(0,0)&field=type:string(0,0)&field=name:string(0,0)&field=building:string(0,0)&uid={40d23ed8-e06c-4513-b0ac-f85083e27a2b}" }, "geometry": { "type": "Point", "coordinates": [ -2.820701521357743, 48.427073220357052 ] } },
{ "type": "Feature", "properties": { "full_id": "w1152787503", "osm_id": "1152787503", "osm_type": "way", "shop": "weapons", "check_date": null, "operator": null, "email": null, "disused:shop": null, "wheelchair": null, "contact:website": null, "building:levels": null, "survey:date": null, "addr:street": null, "addr:housenumber": null, "phone": null, "ref:FR:SIREN": null, "contact:housenumber": null, "contact:fax": null, "contact:email": null, "addr:postcode": null, "addr:city": null, "ref:vatin": null, "ref:FR:NAF": null, "opening_hours": null, "contact:street": null, "contact:postcode": null, "contact:phone": null, "contact:facebook": null, "contact:city": null, "ref:FR:SIRET": null, "website": null, "type": null, "name": "Armurerie Sabatier", "building": "yes", "contact:instagram": null, "panoramax": null, "min_age": null, "check_date:panoramax": null, "sport": null, "payment:cards": null, "image": null, "clothes": null, "club": null, "second_hand": null, "phone:mobile": null, "harassment_prevention": null, "contact:mobile": null, "source:name:br": null, "name:br": null, "drive_through": null, "delivery": null, "currency:EUR": null, "start_date": null, "payment:cash": null, "addr:country": null, "entrance": null, "payment:debit_cards": null, "payment:credit_cards": null, "payment:visa": null, "payment:paypal": null, "payment:mastercard": null, "payment:maestro": null, "payment:cheque": null, "payment:cb": null, "facebook": null, "description": null, "wheelchair:entrance_width": null, "wheelchair:description": null, "short_name": null, "social_facility:for": null, "opening_hours:signed": null, "official_name": null, "check_date:opening_hours": null, "level": null, "amenity": null, "fax": null, "layer": "Centroïdes", "path": "Point?crs=EPSG:4326&field=full_id:string(0,0)&field=osm_id:string(0,0)&field=osm_type:string(0,0)&field=shop:string(0,0)&field=check_date:string(0,0)&field=operator:string(0,0)&field=email:string(0,0)&field=disused%3Ashop:string(0,0)&field=wheelchair:string(0,0)&field=contact%3Awebsite:string(0,0)&field=building%3Alevels:string(0,0)&field=survey%3Adate:string(0,0)&field=addr%3Astreet:string(0,0)&field=addr%3Ahousenumber:string(0,0)&field=phone:string(0,0)&field=ref%3AFR%3ASIREN:string(0,0)&field=contact%3Ahousenumber:string(0,0)&field=contact%3Afax:string(0,0)&field=contact%3Aemail:string(0,0)&field=addr%3Apostcode:string(0,0)&field=addr%3Acity:string(0,0)&field=ref%3Avatin:string(0,0)&field=ref%3AFR%3ANAF:string(0,0)&field=opening_hours:string(0,0)&field=contact%3Astreet:string(0,0)&field=contact%3Apostcode:string(0,0)&field=contact%3Aphone:string(0,0)&field=contact%3Afacebook:string(0,0)&field=contact%3Acity:string(0,0)&field=ref%3AFR%3ASIRET:string(0,0)&field=website:string(0,0)&field=type:string(0,0)&field=name:string(0,0)&field=building:string(0,0)&uid={40d23ed8-e06c-4513-b0ac-f85083e27a2b}" }, "geometry": { "type": "Point", "coordinates": [ 3.409956751919741, 43.447036583348101 ] } },
{ "type": "Feature", "properties": { "full_id": "n340351924", "osm_id": "340351924", "osm_type": "node", "shop": "weapons", "check_date": null, "operator": null, "email": null, "disused:shop": null, "wheelchair": "yes", "contact:website": null, "building:levels": null, "survey:date": null, "addr:street": null, "addr:housenumber": null, "phone": null, "ref:FR:SIREN": null, "contact:housenumber": null, "contact:fax": null, "contact:email": null, "addr:postcode": null, "addr:city": null, "ref:vatin": null, "ref:FR:NAF": null, "opening_hours": null, "contact:street": null, "contact:postcode": null, "contact:phone": null, "contact:facebook": null, "contact:city": null, "ref:FR:SIRET": "91033025700015", "website": "https://www.armurerie-pontarlier.fr/index.html", "type": null, "name": "Armes Temis", "building": null, "contact:instagram": null, "panoramax": null, "min_age": null, "check_date:panoramax": null, "sport": null, "payment:cards": null, "image": null, "clothes": null, "club": null, "second_hand": null, "phone:mobile": null, "harassment_prevention": null, "contact:mobile": null, "source:name:br": null, "name:br": null, "drive_through": null, "delivery": null, "currency:EUR": null, "start_date": null, "payment:cash": null, "addr:country": null, "entrance": null, "payment:debit_cards": null, "payment:credit_cards": null, "payment:visa": null, "payment:paypal": null, "payment:mastercard": null, "payment:maestro": null, "payment:cheque": null, "payment:cb": null, "facebook": null, "description": null, "wheelchair:entrance_width": null, "wheelchair:description": null, "short_name": null, "social_facility:for": null, "opening_hours:signed": null, "official_name": null, "check_date:opening_hours": null, "level": null, "amenity": null, "fax": null, "layer": "shop_weapons_France", "path": "Point?crs=EPSG:4326&field=full_id:string(0,0)&field=osm_id:string(0,0)&field=osm_type:string(0,0)&field=shop:string(0,0)&field=contact%3Ainstagram:string(0,0)&field=panoramax:string(0,0)&field=min_age:string(0,0)&field=check_date%3Apanoramax:string(0,0)&field=sport:string(0,0)&field=payment%3Acards:string(0,0)&field=image:string(0,0)&field=clothes:string(0,0)&field=type:string(0,0)&field=club:string(0,0)&field=second_hand:string(0,0)&field=ref%3AFR%3ASIREN:string(0,0)&field=phone%3Amobile:string(0,0)&field=harassment_prevention:string(0,0)&field=contact%3Amobile:string(0,0)&field=source%3Aname%3Abr:string(0,0)&field=name%3Abr:string(0,0)&field=drive_through:string(0,0)&field=delivery:string(0,0)&field=currency%3AEUR:string(0,0)&field=start_date:string(0,0)&field=contact%3Afacebook:string(0,0)&field=payment%3Acash:string(0,0)&field=addr%3Acountry:string(0,0)&field=entrance:string(0,0)&field=payment%3Adebit_cards:string(0,0)&field=payment%3Acredit_cards:string(0,0)&field=ref%3AFR%3ANAF:string(0,0)&field=payment%3Avisa:string(0,0)&field=payment%3Apaypal:string(0,0)&field=payment%3Amastercard:string(0,0)&field=payment%3Amaestro:string(0,0)&field=payment%3Acheque:string(0,0)&field=payment%3Acb:string(0,0)&field=facebook:string(0,0)&field=contact%3Aemail:string(0,0)&field=contact%3Aphone:string(0,0)&field=operator:string(0,0)&field=description:string(0,0)&field=wheelchair%3Aentrance_width:string(0,0)&field=wheelchair%3Adescription:string(0,0)&field=short_name:string(0,0)&field=social_facility%3Afor:string(0,0)&field=addr%3Acity:string(0,0)&field=opening_hours%3Asigned:string(0,0)&field=official_name:string(0,0)&field=check_date%3Aopening_hours:string(0,0)&field=level:string(0,0)&field=amenity:string(0,0)&field=survey%3Adate:string(0,0)&field=opening_hours:string(0,0)&field=fax:string(0,0)&field=email:string(0,0)&field=contact%3Awebsite:string(0,0)&field=contact%3Apostcode:string(0,0)&field=contact%3Acity:string(0,0)&field=contact%3Astreet:string(0,0)&field=contact%3Ahousenumber:string(0,0)&field=check_date:string(0,0)&field=phone:string(0,0)&field=addr%3Astreet:string(0,0)&field=addr%3Apostcode:string(0,0)&field=addr%3Ahousenumber:string(0,0)&field=wheelchair:string(0,0)&field=website:string(0,0)&field=ref%3AFR%3ASIRET:string(0,0)&field=name:string(0,0)&uid={4518d7bb-bdbd-4c09-8855-e4ec48aa2337}" }, "geometry": { "type": "Point", "coordinates": [ 6.3573676, 46.9039706 ] } },
{ "type": "Feature", "properties": { "full_id": "n749483606", "osm_id": "749483606", "osm_type": "node", "shop": "weapons", "check_date": null, "operator": null, "email": null, "disused:shop": null, "wheelchair": null, "contact:website": null, "building:levels": null, "survey:date": null, "addr:street": null, "addr:housenumber": null, "phone": null, "ref:FR:SIREN": null, "contact:housenumber": null, "contact:fax": null, "contact:email": null, "addr:postcode": null, "addr:city": null, "ref:vatin": null, "ref:FR:NAF": null, "opening_hours": null, "contact:street": null, "contact:postcode": null, "contact:phone": null, "contact:facebook": null, "contact:city": null, "ref:FR:SIRET": null, "website": null, "type": null, "name": "FOB", "building": null, "contact:instagram": null, "panoramax": null, "min_age": null, "check_date:panoramax": null, "sport": null, "payment:cards": null, "image": null, "clothes": null, "club": null, "second_hand": null, "phone:mobile": null, "harassment_prevention": null, "contact:mobile": null, "source:name:br": null, "name:br": null, "drive_through": null, "delivery": null, "currency:EUR": null, "start_date": null, "payment:cash": null, "addr:country": null, "entrance": null, "payment:debit_cards": null, "payment:credit_cards": null, "payment:visa": null, "payment:paypal": null, "payment:mastercard": null, "payment:maestro": null, "payment:cheque": null, "payment:cb": null, "facebook": null, "description": null, "wheelchair:entrance_width": null, "wheelchair:description": null, "short_name": null, "social_facility:for": null, "opening_hours:signed": null, "official_name": null, "check_date:opening_hours": null, "level": null, "amenity": null, "fax": null, "layer": "shop_weapons_France", "path": "Point?crs=EPSG:4326&field=full_id:string(0,0)&field=osm_id:string(0,0)&field=osm_type:string(0,0)&field=shop:string(0,0)&field=contact%3Ainstagram:string(0,0)&field=panoramax:string(0,0)&field=min_age:string(0,0)&field=check_date%3Apanoramax:string(0,0)&field=sport:string(0,0)&field=payment%3Acards:string(0,0)&field=image:string(0,0)&field=clothes:string(0,0)&field=type:string(0,0)&field=club:string(0,0)&field=second_hand:string(0,0)&field=ref%3AFR%3ASIREN:string(0,0)&field=phone%3Amobile:string(0,0)&field=harassment_prevention:string(0,0)&field=contact%3Amobile:string(0,0)&field=source%3Aname%3Abr:string(0,0)&field=name%3Abr:string(0,0)&field=drive_through:string(0,0)&field=delivery:string(0,0)&field=currency%3AEUR:string(0,0)&field=start_date:string(0,0)&field=contact%3Afacebook:string(0,0)&field=payment%3Acash:string(0,0)&field=addr%3Acountry:string(0,0)&field=entrance:string(0,0)&field=payment%3Adebit_cards:string(0,0)&field=payment%3Acredit_cards:string(0,0)&field=ref%3AFR%3ANAF:string(0,0)&field=payment%3Avisa:string(0,0)&field=payment%3Apaypal:string(0,0)&field=payment%3Amastercard:string(0,0)&field=payment%3Amaestro:string(0,0)&field=payment%3Acheque:string(0,0)&field=payment%3Acb:string(0,0)&field=facebook:string(0,0)&field=contact%3Aemail:string(0,0)&field=contact%3Aphone:string(0,0)&field=operator:string(0,0)&field=description:string(0,0)&field=wheelchair%3Aentrance_width:string(0,0)&field=wheelchair%3Adescription:string(0,0)&field=short_name:string(0,0)&field=social_facility%3Afor:string(0,0)&field=addr%3Acity:string(0,0)&field=opening_hours%3Asigned:string(0,0)&field=official_name:string(0,0)&field=check_date%3Aopening_hours:string(0,0)&field=level:string(0,0)&field=amenity:string(0,0)&field=survey%3Adate:string(0,0)&field=opening_hours:string(0,0)&field=fax:string(0,0)&field=email:string(0,0)&field=contact%3Awebsite:string(0,0)&field=contact%3Apostcode:string(0,0)&field=contact%3Acity:string(0,0)&field=contact%3Astreet:string(0,0)&field=contact%3Ahousenumber:string(0,0)&field=check_date:string(0,0)&field=phone:string(0,0)&field=addr%3Astreet:string(0,0)&field=addr%3Apostcode:string(0,0)&field=addr%3Ahousenumber:string(0,0)&field=wheelchair:string(0,0)&field=website:string(0,0)&field=ref%3AFR%3ASIRET:string(0,0)&field=name:string(0,0)&uid={4518d7bb-bdbd-4c09-8855-e4ec48aa2337}" }, "geometry": { "type": "Point", "coordinates": [ 5.4091144, 44.0920959 ] } },
{ "type": "Feature", "properties": { "full_id": "n806511130", "osm_id": "806511130", "osm_type": "node", "shop": "weapons", "check_date": null, "operator": null, "email": null, "disused:shop": null, "wheelchair": null, "contact:website": null, "building:levels": null, "survey:date": null, "addr:street": "Rue de Sébastopol", "addr:housenumber": "53", "phone": "+687 27 52 52", "ref:FR:SIREN": null, "contact:housenumber": null, "contact:fax": null, "contact:email": null, "addr:postcode": "98800", "addr:city": null, "ref:vatin": null, "ref:FR:NAF": null, "opening_hours": null, "contact:street": null, "contact:postcode": null, "contact:phone": null, "contact:facebook": null, "contact:city": null, "ref:FR:SIRET": null, "website": null, "type": null, "name": "L'Armurerie", "building": null, "contact:instagram": null, "panoramax": null, "min_age": null, "check_date:panoramax": null, "sport": null, "payment:cards": null, "image": null, "clothes": null, "club": null, "second_hand": null, "phone:mobile": null, "harassment_prevention": null, "contact:mobile": null, "source:name:br": null, "name:br": null, "drive_through": null, "delivery": null, "currency:EUR": null, "start_date": null, "payment:cash": null, "addr:country": null, "entrance": null, "payment:debit_cards": null, "payment:credit_cards": null, "payment:visa": null, "payment:paypal": null, "payment:mastercard": null, "payment:maestro": null, "payment:cheque": null, "payment:cb": null, "facebook": null, "description": null, "wheelchair:entrance_width": null, "wheelchair:description": null, "short_name": null, "social_facility:for": null, "opening_hours:signed": null, "official_name": null, "check_date:opening_hours": null, "level": null, "amenity": null, "fax": null, "layer": "shop_weapons_France", "path": "Point?crs=EPSG:4326&field=full_id:string(0,0)&field=osm_id:string(0,0)&field=osm_type:string(0,0)&field=shop:string(0,0)&field=contact%3Ainstagram:string(0,0)&field=panoramax:string(0,0)&field=min_age:string(0,0)&field=check_date%3Apanoramax:string(0,0)&field=sport:string(0,0)&field=payment%3Acards:string(0,0)&field=image:string(0,0)&field=clothes:string(0,0)&field=type:string(0,0)&field=club:string(0,0)&field=second_hand:string(0,0)&field=ref%3AFR%3ASIREN:string(0,0)&field=phone%3Amobile:string(0,0)&field=harassment_prevention:string(0,0)&field=contact%3Amobile:string(0,0)&field=source%3Aname%3Abr:string(0,0)&field=name%3Abr:string(0,0)&field=drive_through:string(0,0)&field=delivery:string(0,0)&field=currency%3AEUR:string(0,0)&field=start_date:string(0,0)&field=contact%3Afacebook:string(0,0)&field=payment%3Acash:string(0,0)&field=addr%3Acountry:string(0,0)&field=entrance:string(0,0)&field=payment%3Adebit_cards:string(0,0)&field=payment%3Acredit_cards:string(0,0)&field=ref%3AFR%3ANAF:string(0,0)&field=payment%3Avisa:string(0,0)&field=payment%3Apaypal:string(0,0)&field=payment%3Amastercard:string(0,0)&field=payment%3Amaestro:string(0,0)&field=payment%3Acheque:string(0,0)&field=payment%3Acb:string(0,0)&field=facebook:string(0,0)&field=contact%3Aemail:string(0,0)&field=contact%3Aphone:string(0,0)&field=operator:string(0,0)&field=description:string(0,0)&field=wheelchair%3Aentrance_width:string(0,0)&field=wheelchair%3Adescription:string(0,0)&field=short_name:string(0,0)&field=social_facility%3Afor:string(0,0)&field=addr%3Acity:string(0,0)&field=opening_hours%3Asigned:string(0,0)&field=official_name:string(0,0)&field=check_date%3Aopening_hours:string(0,0)&field=level:string(0,0)&field=amenity:string(0,0)&field=survey%3Adate:string(0,0)&field=opening_hours:string(0,0)&field=fax:string(0,0)&field=email:string(0,0)&field=contact%3Awebsite:string(0,0)&field=contact%3Apostcode:string(0,0)&field=contact%3Acity:string(0,0)&field=contact%3Astreet:string(0,0)&field=contact%3Ahousenumber:string(0,0)&field=check_date:string(0,0)&field=phone:string(0,0)&field=addr%3Astreet:string(0,0)&field=addr%3Apostcode:string(0,0)&field=addr%3Ahousenumber:string(0,0)&field=wheelchair:string(0,0)&field=website:string(0,0)&field=ref%3AFR%3ASIRET:string(0,0)&field=name:string(0,0)&uid={4518d7bb-bdbd-4c09-8855-e4ec48aa2337}" }, "geometry": { "type": "Point", "coordinates": [ 166.4437725, -22.2738155 ] } },
{ "type": "Feature", "properties": { "full_id": "n1846829882", "osm_id": "1846829882", "osm_type": "node", "shop": null, "check_date": null, "operator": null, "email": null, "disused:shop": null, "wheelchair": null, "contact:website": null, "building:levels": null, "survey:date": null, "addr:street": null, "addr:housenumber": "8", "phone": null, "ref:FR:SIREN": null, "contact:housenumber": null, "contact:fax": null, "contact:email": null, "addr:postcode": null, "addr:city": null, "ref:vatin": null, "ref:FR:NAF": null, "opening_hours": null, "contact:street": null, "contact:postcode": null, "contact:phone": null, "contact:facebook": null, "contact:city": null, "ref:FR:SIRET": null, "website": null, "type": null, "name": null, "building": null, "contact:instagram": null, "panoramax": null, "min_age": null, "check_date:panoramax": null, "sport": null, "payment:cards": null, "image": null, "clothes": null, "club": null, "second_hand": null, "phone:mobile": null, "harassment_prevention": null, "contact:mobile": null, "source:name:br": null, "name:br": null, "drive_through": null, "delivery": null, "currency:EUR": null, "start_date": null, "payment:cash": null, "addr:country": null, "entrance": null, "payment:debit_cards": null, "payment:credit_cards": null, "payment:visa": null, "payment:paypal": null, "payment:mastercard": null, "payment:maestro": null, "payment:cheque": null, "payment:cb": null, "facebook": null, "description": null, "wheelchair:entrance_width": null, "wheelchair:description": null, "short_name": null, "social_facility:for": null, "opening_hours:signed": null, "official_name": null, "check_date:opening_hours": null, "level": null, "amenity": null, "fax": null, "layer": "shop_weapons_France", "path": "Point?crs=EPSG:4326&field=full_id:string(0,0)&field=osm_id:string(0,0)&field=osm_type:string(0,0)&field=shop:string(0,0)&field=contact%3Ainstagram:string(0,0)&field=panoramax:string(0,0)&field=min_age:string(0,0)&field=check_date%3Apanoramax:string(0,0)&field=sport:string(0,0)&field=payment%3Acards:string(0,0)&field=image:string(0,0)&field=clothes:string(0,0)&field=type:string(0,0)&field=club:string(0,0)&field=second_hand:string(0,0)&field=ref%3AFR%3ASIREN:string(0,0)&field=phone%3Amobile:string(0,0)&field=harassment_prevention:string(0,0)&field=contact%3Amobile:string(0,0)&field=source%3Aname%3Abr:string(0,0)&field=name%3Abr:string(0,0)&field=drive_through:string(0,0)&field=delivery:string(0,0)&field=currency%3AEUR:string(0,0)&field=start_date:string(0,0)&field=contact%3Afacebook:string(0,0)&field=payment%3Acash:string(0,0)&field=addr%3Acountry:string(0,0)&field=entrance:string(0,0)&field=payment%3Adebit_cards:string(0,0)&field=payment%3Acredit_cards:string(0,0)&field=ref%3AFR%3ANAF:string(0,0)&field=payment%3Avisa:string(0,0)&field=payment%3Apaypal:string(0,0)&field=payment%3Amastercard:string(0,0)&field=payment%3Amaestro:string(0,0)&field=payment%3Acheque:string(0,0)&field=payment%3Acb:string(0,0)&field=facebook:string(0,0)&field=contact%3Aemail:string(0,0)&field=contact%3Aphone:string(0,0)&field=operator:string(0,0)&field=description:string(0,0)&field=wheelchair%3Aentrance_width:string(0,0)&field=wheelchair%3Adescription:string(0,0)&field=short_name:string(0,0)&field=social_facility%3Afor:string(0,0)&field=addr%3Acity:string(0,0)&field=opening_hours%3Asigned:string(0,0)&field=official_name:string(0,0)&field=check_date%3Aopening_hours:string(0,0)&field=level:string(0,0)&field=amenity:string(0,0)&field=survey%3Adate:string(0,0)&field=opening_hours:string(0,0)&field=fax:string(0,0)&field=email:string(0,0)&field=contact%3Awebsite:string(0,0)&field=contact%3Apostcode:string(0,0)&field=contact%3Acity:string(0,0)&field=contact%3Astreet:string(0,0)&field=contact%3Ahousenumber:string(0,0)&field=check_date:string(0,0)&field=phone:string(0,0)&field=addr%3Astreet:string(0,0)&field=addr%3Apostcode:string(0,0)&field=addr%3Ahousenumber:string(0,0)&field=wheelchair:string(0,0)&field=website:string(0,0)&field=ref%3AFR%3ASIRET:string(0,0)&field=name:string(0,0)&uid={4518d7bb-bdbd-4c09-8855-e4ec48aa2337}" }, "geometry": { "type": "Point", "coordinates": [ 7.515341, 47.583938 ] } },
{ "type": "Feature", "properties": { "full_id": "n1864625040", "osm_id": "1864625040", "osm_type": "node", "shop": "weapons", "check_date": "2023-05-27", "operator": null, "email": null, "disused:shop": null, "wheelchair": null, "contact:website": null, "building:levels": null, "survey:date": null, "addr:street": "Rue de Paris", "addr:housenumber": "48", "phone": null, "ref:FR:SIREN": null, "contact:housenumber": null, "contact:fax": null, "contact:email": null, "addr:postcode": "78100", "addr:city": null, "ref:vatin": null, "ref:FR:NAF": null, "opening_hours": null, "contact:street": null, "contact:postcode": null, "contact:phone": null, "contact:facebook": null, "contact:city": null, "ref:FR:SIRET": null, "website": null, "type": null, "name": "Armes", "building": null, "contact:instagram": null, "panoramax": null, "min_age": null, "check_date:panoramax": null, "sport": null, "payment:cards": null, "image": null, "clothes": null, "club": null, "second_hand": null, "phone:mobile": null, "harassment_prevention": null, "contact:mobile": null, "source:name:br": null, "name:br": null, "drive_through": null, "delivery": null, "currency:EUR": null, "start_date": null, "payment:cash": null, "addr:country": null, "entrance": null, "payment:debit_cards": null, "payment:credit_cards": null, "payment:visa": null, "payment:paypal": null, "payment:mastercard": null, "payment:maestro": null, "payment:cheque": null, "payment:cb": null, "facebook": null, "description": null, "wheelchair:entrance_width": null, "wheelchair:description": null, "short_name": null, "social_facility:for": null, "opening_hours:signed": null, "official_name": null, "check_date:opening_hours": null, "level": null, "amenity": null, "fax": null, "layer": "shop_weapons_France", "path": "Point?crs=EPSG:4326&field=full_id:string(0,0)&field=osm_id:string(0,0)&field=osm_type:string(0,0)&field=shop:string(0,0)&field=contact%3Ainstagram:string(0,0)&field=panoramax:string(0,0)&field=min_age:string(0,0)&field=check_date%3Apanoramax:string(0,0)&field=sport:string(0,0)&field=payment%3Acards:string(0,0)&field=image:string(0,0)&field=clothes:string(0,0)&field=type:string(0,0)&field=club:string(0,0)&field=second_hand:string(0,0)&field=ref%3AFR%3ASIREN:string(0,0)&field=phone%3Amobile:string(0,0)&field=harassment_prevention:string(0,0)&field=contact%3Amobile:string(0,0)&field=source%3Aname%3Abr:string(0,0)&field=name%3Abr:string(0,0)&field=drive_through:string(0,0)&field=delivery:string(0,0)&field=currency%3AEUR:string(0,0)&field=start_date:string(0,0)&field=contact%3Afacebook:string(0,0)&field=payment%3Acash:string(0,0)&field=addr%3Acountry:string(0,0)&field=entrance:string(0,0)&field=payment%3Adebit_cards:string(0,0)&field=payment%3Acredit_cards:string(0,0)&field=ref%3AFR%3ANAF:string(0,0)&field=payment%3Avisa:string(0,0)&field=payment%3Apaypal:string(0,0)&field=payment%3Amastercard:string(0,0)&field=payment%3Amaestro:string(0,0)&field=payment%3Acheque:string(0,0)&field=payment%3Acb:string(0,0)&field=facebook:string(0,0)&field=contact%3Aemail:string(0,0)&field=contact%3Aphone:string(0,0)&field=operator:string(0,0)&field=description:string(0,0)&field=wheelchair%3Aentrance_width:string(0,0)&field=wheelchair%3Adescription:string(0,0)&field=short_name:string(0,0)&field=social_facility%3Afor:string(0,0)&field=addr%3Acity:string(0,0)&field=opening_hours%3Asigned:string(0,0)&field=official_name:string(0,0)&field=check_date%3Aopening_hours:string(0,0)&field=level:string(0,0)&field=amenity:string(0,0)&field=survey%3Adate:string(0,0)&field=opening_hours:string(0,0)&field=fax:string(0,0)&field=email:string(0,0)&field=contact%3Awebsite:string(0,0)&field=contact%3Apostcode:string(0,0)&field=contact%3Acity:string(0,0)&field=contact%3Astreet:string(0,0)&field=contact%3Ahousenumber:string(0,0)&field=check_date:string(0,0)&field=phone:string(0,0)&field=addr%3Astreet:string(0,0)&field=addr%3Apostcode:string(0,0)&field=addr%3Ahousenumber:string(0,0)&field=wheelchair:string(0,0)&field=website:string(0,0)&field=ref%3AFR%3ASIRET:string(0,0)&field=name:string(0,0)&uid={4518d7bb-bdbd-4c09-8855-e4ec48aa2337}" }, "geometry": { "type": "Point", "coordinates": [ 2.0934773, 48.8953111 ] } },
{ "type": "Feature", "properties": { "full_id": "n2086044627", "osm_id": "2086044627", "osm_type": "node", "shop": "weapons", "check_date": null, "operator": null, "email": null, "disused:shop": null, "wheelchair": null, "contact:website": null, "building:levels": null, "survey:date": null, "addr:street": null, "addr:housenumber": null, "phone": null, "ref:FR:SIREN": null, "contact:housenumber": "12", "contact:fax": null, "contact:email": null, "addr:postcode": null, "addr:city": null, "ref:vatin": null, "ref:FR:NAF": null, "opening_hours": null, "contact:street": "Rue Gambetta", "contact:postcode": null, "contact:phone": null, "contact:facebook": null, "contact:city": null, "ref:FR:SIRET": "52393554200010", "website": null, "type": null, "name": null, "building": null, "contact:instagram": null, "panoramax": null, "min_age": null, "check_date:panoramax": null, "sport": null, "payment:cards": null, "image": null, "clothes": null, "club": null, "second_hand": null, "phone:mobile": null, "harassment_prevention": null, "contact:mobile": null, "source:name:br": null, "name:br": null, "drive_through": null, "delivery": null, "currency:EUR": null, "start_date": null, "payment:cash": null, "addr:country": null, "entrance": null, "payment:debit_cards": null, "payment:credit_cards": null, "payment:visa": null, "payment:paypal": null, "payment:mastercard": null, "payment:maestro": null, "payment:cheque": null, "payment:cb": null, "facebook": null, "description": null, "wheelchair:entrance_width": null, "wheelchair:description": null, "short_name": null, "social_facility:for": null, "opening_hours:signed": null, "official_name": null, "check_date:opening_hours": null, "level": null, "amenity": null, "fax": null, "layer": "shop_weapons_France", "path": "Point?crs=EPSG:4326&field=full_id:string(0,0)&field=osm_id:string(0,0)&field=osm_type:string(0,0)&field=shop:string(0,0)&field=contact%3Ainstagram:string(0,0)&field=panoramax:string(0,0)&field=min_age:string(0,0)&field=check_date%3Apanoramax:string(0,0)&field=sport:string(0,0)&field=payment%3Acards:string(0,0)&field=image:string(0,0)&field=clothes:string(0,0)&field=type:string(0,0)&field=club:string(0,0)&field=second_hand:string(0,0)&field=ref%3AFR%3ASIREN:string(0,0)&field=phone%3Amobile:string(0,0)&field=harassment_prevention:string(0,0)&field=contact%3Amobile:string(0,0)&field=source%3Aname%3Abr:string(0,0)&field=name%3Abr:string(0,0)&field=drive_through:string(0,0)&field=delivery:string(0,0)&field=currency%3AEUR:string(0,0)&field=start_date:string(0,0)&field=contact%3Afacebook:string(0,0)&field=payment%3Acash:string(0,0)&field=addr%3Acountry:string(0,0)&field=entrance:string(0,0)&field=payment%3Adebit_cards:string(0,0)&field=payment%3Acredit_cards:string(0,0)&field=ref%3AFR%3ANAF:string(0,0)&field=payment%3Avisa:string(0,0)&field=payment%3Apaypal:string(0,0)&field=payment%3Amastercard:string(0,0)&field=payment%3Amaestro:string(0,0)&field=payment%3Acheque:string(0,0)&field=payment%3Acb:string(0,0)&field=facebook:string(0,0)&field=contact%3Aemail:string(0,0)&field=contact%3Aphone:string(0,0)&field=operator:string(0,0)&field=description:string(0,0)&field=wheelchair%3Aentrance_width:string(0,0)&field=wheelchair%3Adescription:string(0,0)&field=short_name:string(0,0)&field=social_facility%3Afor:string(0,0)&field=addr%3Acity:string(0,0)&field=opening_hours%3Asigned:string(0,0)&field=official_name:string(0,0)&field=check_date%3Aopening_hours:string(0,0)&field=level:string(0,0)&field=amenity:string(0,0)&field=survey%3Adate:string(0,0)&field=opening_hours:string(0,0)&field=fax:string(0,0)&field=email:string(0,0)&field=contact%3Awebsite:string(0,0)&field=contact%3Apostcode:string(0,0)&field=contact%3Acity:string(0,0)&field=contact%3Astreet:string(0,0)&field=contact%3Ahousenumber:string(0,0)&field=check_date:string(0,0)&field=phone:string(0,0)&field=addr%3Astreet:string(0,0)&field=addr%3Apostcode:string(0,0)&field=addr%3Ahousenumber:string(0,0)&field=wheelchair:string(0,0)&field=website:string(0,0)&field=ref%3AFR%3ASIRET:string(0,0)&field=name:string(0,0)&uid={4518d7bb-bdbd-4c09-8855-e4ec48aa2337}" }, "geometry": { "type": "Point", "coordinates": [ -1.4430226, 49.0512793 ] } },
{ "type": "Feature", "properties": { "full_id": "n2242868411", "osm_id": "2242868411", "osm_type": "node", "shop": "weapons", "check_date": null, "operator": null, "email": "contact@nantesarmes.fr", "disused:shop": null, "wheelchair": null, "contact:website": "https://www.nantesarmes.fr/", "building:levels": null, "survey:date": "2020-05-14", "addr:street": null, "addr:housenumber": null, "phone": "+33 2 40 47 76 74", "ref:FR:SIREN": null, "contact:housenumber": "8", "contact:fax": null, "contact:email": null, "addr:postcode": null, "addr:city": null, "ref:vatin": null, "ref:FR:NAF": null, "opening_hours": "Tu-Sa 09:00-12:30,14:00-19:00", "contact:street": "Allée Duquesne", "contact:postcode": "44000", "contact:phone": null, "contact:facebook": null, "contact:city": "Nantes", "ref:FR:SIRET": "35179397100018", "website": null, "type": null, "name": "Nantes Armes", "building": null, "contact:instagram": null, "panoramax": null, "min_age": null, "check_date:panoramax": null, "sport": null, "payment:cards": null, "image": null, "clothes": null, "club": null, "second_hand": null, "phone:mobile": null, "harassment_prevention": null, "contact:mobile": null, "source:name:br": null, "name:br": null, "drive_through": null, "delivery": null, "currency:EUR": null, "start_date": null, "payment:cash": null, "addr:country": null, "entrance": null, "payment:debit_cards": null, "payment:credit_cards": null, "payment:visa": null, "payment:paypal": null, "payment:mastercard": null, "payment:maestro": null, "payment:cheque": null, "payment:cb": null, "facebook": null, "description": null, "wheelchair:entrance_width": null, "wheelchair:description": null, "short_name": null, "social_facility:for": null, "opening_hours:signed": null, "official_name": null, "check_date:opening_hours": null, "level": null, "amenity": null, "fax": "+33 2 40 48 59 09", "layer": "shop_weapons_France", "path": "Point?crs=EPSG:4326&field=full_id:string(0,0)&field=osm_id:string(0,0)&field=osm_type:string(0,0)&field=shop:string(0,0)&field=contact%3Ainstagram:string(0,0)&field=panoramax:string(0,0)&field=min_age:string(0,0)&field=check_date%3Apanoramax:string(0,0)&field=sport:string(0,0)&field=payment%3Acards:string(0,0)&field=image:string(0,0)&field=clothes:string(0,0)&field=type:string(0,0)&field=club:string(0,0)&field=second_hand:string(0,0)&field=ref%3AFR%3ASIREN:string(0,0)&field=phone%3Amobile:string(0,0)&field=harassment_prevention:string(0,0)&field=contact%3Amobile:string(0,0)&field=source%3Aname%3Abr:string(0,0)&field=name%3Abr:string(0,0)&field=drive_through:string(0,0)&field=delivery:string(0,0)&field=currency%3AEUR:string(0,0)&field=start_date:string(0,0)&field=contact%3Afacebook:string(0,0)&field=payment%3Acash:string(0,0)&field=addr%3Acountry:string(0,0)&field=entrance:string(0,0)&field=payment%3Adebit_cards:string(0,0)&field=payment%3Acredit_cards:string(0,0)&field=ref%3AFR%3ANAF:string(0,0)&field=payment%3Avisa:string(0,0)&field=payment%3Apaypal:string(0,0)&field=payment%3Amastercard:string(0,0)&field=payment%3Amaestro:string(0,0)&field=payment%3Acheque:string(0,0)&field=payment%3Acb:string(0,0)&field=facebook:string(0,0)&field=contact%3Aemail:string(0,0)&field=contact%3Aphone:string(0,0)&field=operator:string(0,0)&field=description:string(0,0)&field=wheelchair%3Aentrance_width:string(0,0)&field=wheelchair%3Adescription:string(0,0)&field=short_name:string(0,0)&field=social_facility%3Afor:string(0,0)&field=addr%3Acity:string(0,0)&field=opening_hours%3Asigned:string(0,0)&field=official_name:string(0,0)&field=check_date%3Aopening_hours:string(0,0)&field=level:string(0,0)&field=amenity:string(0,0)&field=survey%3Adate:string(0,0)&field=opening_hours:string(0,0)&field=fax:string(0,0)&field=email:string(0,0)&field=contact%3Awebsite:string(0,0)&field=contact%3Apostcode:string(0,0)&field=contact%3Acity:string(0,0)&field=contact%3Astreet:string(0,0)&field=contact%3Ahousenumber:string(0,0)&field=check_date:string(0,0)&field=phone:string(0,0)&field=addr%3Astreet:string(0,0)&field=addr%3Apostcode:string(0,0)&field=addr%3Ahousenumber:string(0,0)&field=wheelchair:string(0,0)&field=website:string(0,0)&field=ref%3AFR%3ASIRET:string(0,0)&field=name:string(0,0)&uid={4518d7bb-bdbd-4c09-8855-e4ec48aa2337}" }, "geometry": { "type": "Point", "coordinates": [ -1.5568396, 47.2180552 ] } },
{ "type": "Feature", "properties": { "full_id": "n2483357181", "osm_id": "2483357181", "osm_type": "node", "shop": "weapons", "check_date": "2024-09-19", "operator": null, "email": null, "disused:shop": null, "wheelchair": null, "contact:website": null, "building:levels": null, "survey:date": null, "addr:street": null, "addr:housenumber": null, "phone": null, "ref:FR:SIREN": null, "contact:housenumber": null, "contact:fax": null, "contact:email": null, "addr:postcode": null, "addr:city": null, "ref:vatin": null, "ref:FR:NAF": null, "opening_hours": null, "contact:street": null, "contact:postcode": null, "contact:phone": null, "contact:facebook": null, "contact:city": null, "ref:FR:SIRET": null, "website": null, "type": null, "name": "Tir 1000", "building": null, "contact:instagram": null, "panoramax": null, "min_age": null, "check_date:panoramax": null, "sport": null, "payment:cards": null, "image": null, "clothes": null, "club": null, "second_hand": null, "phone:mobile": null, "harassment_prevention": null, "contact:mobile": null, "source:name:br": null, "name:br": null, "drive_through": null, "delivery": null, "currency:EUR": null, "start_date": null, "payment:cash": null, "addr:country": null, "entrance": null, "payment:debit_cards": null, "payment:credit_cards": null, "payment:visa": null, "payment:paypal": null, "payment:mastercard": null, "payment:maestro": null, "payment:cheque": null, "payment:cb": null, "facebook": null, "description": null, "wheelchair:entrance_width": null, "wheelchair:description": null, "short_name": null, "social_facility:for": null, "opening_hours:signed": null, "official_name": null, "check_date:opening_hours": null, "level": "0", "amenity": "shooting_stand", "fax": null, "layer": "shop_weapons_France", "path": "Point?crs=EPSG:4326&field=full_id:string(0,0)&field=osm_id:string(0,0)&field=osm_type:string(0,0)&field=shop:string(0,0)&field=contact%3Ainstagram:string(0,0)&field=panoramax:string(0,0)&field=min_age:string(0,0)&field=check_date%3Apanoramax:string(0,0)&field=sport:string(0,0)&field=payment%3Acards:string(0,0)&field=image:string(0,0)&field=clothes:string(0,0)&field=type:string(0,0)&field=club:string(0,0)&field=second_hand:string(0,0)&field=ref%3AFR%3ASIREN:string(0,0)&field=phone%3Amobile:string(0,0)&field=harassment_prevention:string(0,0)&field=contact%3Amobile:string(0,0)&field=source%3Aname%3Abr:string(0,0)&field=name%3Abr:string(0,0)&field=drive_through:string(0,0)&field=delivery:string(0,0)&field=currency%3AEUR:string(0,0)&field=start_date:string(0,0)&field=contact%3Afacebook:string(0,0)&field=payment%3Acash:string(0,0)&field=addr%3Acountry:string(0,0)&field=entrance:string(0,0)&field=payment%3Adebit_cards:string(0,0)&field=payment%3Acredit_cards:string(0,0)&field=ref%3AFR%3ANAF:string(0,0)&field=payment%3Avisa:string(0,0)&field=payment%3Apaypal:string(0,0)&field=payment%3Amastercard:string(0,0)&field=payment%3Amaestro:string(0,0)&field=payment%3Acheque:string(0,0)&field=payment%3Acb:string(0,0)&field=facebook:string(0,0)&field=contact%3Aemail:string(0,0)&field=contact%3Aphone:string(0,0)&field=operator:string(0,0)&field=description:string(0,0)&field=wheelchair%3Aentrance_width:string(0,0)&field=wheelchair%3Adescription:string(0,0)&field=short_name:string(0,0)&field=social_facility%3Afor:string(0,0)&field=addr%3Acity:string(0,0)&field=opening_hours%3Asigned:string(0,0)&field=official_name:string(0,0)&field=check_date%3Aopening_hours:string(0,0)&field=level:string(0,0)&field=amenity:string(0,0)&field=survey%3Adate:string(0,0)&field=opening_hours:string(0,0)&field=fax:string(0,0)&field=email:string(0,0)&field=contact%3Awebsite:string(0,0)&field=contact%3Apostcode:string(0,0)&field=contact%3Acity:string(0,0)&field=contact%3Astreet:string(0,0)&field=contact%3Ahousenumber:string(0,0)&field=check_date:string(0,0)&field=phone:string(0,0)&field=addr%3Astreet:string(0,0)&field=addr%3Apostcode:string(0,0)&field=addr%3Ahousenumber:string(0,0)&field=wheelchair:string(0,0)&field=website:string(0,0)&field=ref%3AFR%3ASIRET:string(0,0)&field=name:string(0,0)&uid={4518d7bb-bdbd-4c09-8855-e4ec48aa2337}" }, "geometry": { "type": "Point", "coordinates": [ 2.3647065, 48.8329457 ] } },
{ "type": "Feature", "properties": { "full_id": "n2487891109", "osm_id": "2487891109", "osm_type": "node", "shop": "weapons", "check_date": null, "operator": null, "email": null, "disused:shop": null, "wheelchair": null, "contact:website": null, "building:levels": null, "survey:date": null, "addr:street": null, "addr:housenumber": null, "phone": "+33254220900", "ref:FR:SIREN": null, "contact:housenumber": null, "contact:fax": null, "contact:email": null, "addr:postcode": null, "addr:city": null, "ref:vatin": null, "ref:FR:NAF": null, "opening_hours": null, "contact:street": null, "contact:postcode": null, "contact:phone": null, "contact:facebook": null, "contact:city": null, "ref:FR:SIRET": null, "website": "https://www.armurerie-bonnin.com/", "type": null, "name": "Armererie Bonnin", "building": null, "contact:instagram": null, "panoramax": null, "min_age": null, "check_date:panoramax": null, "sport": null, "payment:cards": null, "image": null, "clothes": null, "club": null, "second_hand": null, "phone:mobile": null, "harassment_prevention": null, "contact:mobile": null, "source:name:br": null, "name:br": null, "drive_through": null, "delivery": null, "currency:EUR": null, "start_date": null, "payment:cash": null, "addr:country": null, "entrance": null, "payment:debit_cards": null, "payment:credit_cards": null, "payment:visa": null, "payment:paypal": null, "payment:mastercard": null, "payment:maestro": null, "payment:cheque": null, "payment:cb": null, "facebook": null, "description": null, "wheelchair:entrance_width": null, "wheelchair:description": null, "short_name": null, "social_facility:for": null, "opening_hours:signed": null, "official_name": null, "check_date:opening_hours": null, "level": null, "amenity": null, "fax": null, "layer": "shop_weapons_France", "path": "Point?crs=EPSG:4326&field=full_id:string(0,0)&field=osm_id:string(0,0)&field=osm_type:string(0,0)&field=shop:string(0,0)&field=contact%3Ainstagram:string(0,0)&field=panoramax:string(0,0)&field=min_age:string(0,0)&field=check_date%3Apanoramax:string(0,0)&field=sport:string(0,0)&field=payment%3Acards:string(0,0)&field=image:string(0,0)&field=clothes:string(0,0)&field=type:string(0,0)&field=club:string(0,0)&field=second_hand:string(0,0)&field=ref%3AFR%3ASIREN:string(0,0)&field=phone%3Amobile:string(0,0)&field=harassment_prevention:string(0,0)&field=contact%3Amobile:string(0,0)&field=source%3Aname%3Abr:string(0,0)&field=name%3Abr:string(0,0)&field=drive_through:string(0,0)&field=delivery:string(0,0)&field=currency%3AEUR:string(0,0)&field=start_date:string(0,0)&field=contact%3Afacebook:string(0,0)&field=payment%3Acash:string(0,0)&field=addr%3Acountry:string(0,0)&field=entrance:string(0,0)&field=payment%3Adebit_cards:string(0,0)&field=payment%3Acredit_cards:string(0,0)&field=ref%3AFR%3ANAF:string(0,0)&field=payment%3Avisa:string(0,0)&field=payment%3Apaypal:string(0,0)&field=payment%3Amastercard:string(0,0)&field=payment%3Amaestro:string(0,0)&field=payment%3Acheque:string(0,0)&field=payment%3Acb:string(0,0)&field=facebook:string(0,0)&field=contact%3Aemail:string(0,0)&field=contact%3Aphone:string(0,0)&field=operator:string(0,0)&field=description:string(0,0)&field=wheelchair%3Aentrance_width:string(0,0)&field=wheelchair%3Adescription:string(0,0)&field=short_name:string(0,0)&field=social_facility%3Afor:string(0,0)&field=addr%3Acity:string(0,0)&field=opening_hours%3Asigned:string(0,0)&field=official_name:string(0,0)&field=check_date%3Aopening_hours:string(0,0)&field=level:string(0,0)&field=amenity:string(0,0)&field=survey%3Adate:string(0,0)&field=opening_hours:string(0,0)&field=fax:string(0,0)&field=email:string(0,0)&field=contact%3Awebsite:string(0,0)&field=contact%3Apostcode:string(0,0)&field=contact%3Acity:string(0,0)&field=contact%3Astreet:string(0,0)&field=contact%3Ahousenumber:string(0,0)&field=check_date:string(0,0)&field=phone:string(0,0)&field=addr%3Astreet:string(0,0)&field=addr%3Apostcode:string(0,0)&field=addr%3Ahousenumber:string(0,0)&field=wheelchair:string(0,0)&field=website:string(0,0)&field=ref%3AFR%3ASIRET:string(0,0)&field=name:string(0,0)&uid={4518d7bb-bdbd-4c09-8855-e4ec48aa2337}" }, "geometry": { "type": "Point", "coordinates": [ 1.8303789, 46.8272489 ] } },
{ "type": "Feature", "properties": { "full_id": "n2517232311", "osm_id": "2517232311", "osm_type": "node", "shop": "weapons", "check_date": null, "operator": null, "email": null, "disused:shop": null, "wheelchair": null, "contact:website": null, "building:levels": null, "survey:date": null, "addr:street": null, "addr:housenumber": null, "phone": null, "ref:FR:SIREN": null, "contact:housenumber": null, "contact:fax": null, "contact:email": null, "addr:postcode": null, "addr:city": null, "ref:vatin": null, "ref:FR:NAF": null, "opening_hours": null, "contact:street": null, "contact:postcode": null, "contact:phone": null, "contact:facebook": null, "contact:city": null, "ref:FR:SIRET": "87962034200029", "website": "https://www.armurerie-poirson.fr/", "type": null, "name": "Russier", "building": null, "contact:instagram": null, "panoramax": null, "min_age": null, "check_date:panoramax": null, "sport": null, "payment:cards": null, "image": null, "clothes": null, "club": null, "second_hand": null, "phone:mobile": null, "harassment_prevention": null, "contact:mobile": null, "source:name:br": null, "name:br": null, "drive_through": null, "delivery": null, "currency:EUR": null, "start_date": null, "payment:cash": null, "addr:country": null, "entrance": null, "payment:debit_cards": null, "payment:credit_cards": null, "payment:visa": null, "payment:paypal": null, "payment:mastercard": null, "payment:maestro": null, "payment:cheque": null, "payment:cb": null, "facebook": null, "description": null, "wheelchair:entrance_width": null, "wheelchair:description": null, "short_name": null, "social_facility:for": null, "opening_hours:signed": "no", "official_name": "Armurerie Guarneri", "check_date:opening_hours": "2025-06-24", "level": null, "amenity": null, "fax": null, "layer": "shop_weapons_France", "path": "Point?crs=EPSG:4326&field=full_id:string(0,0)&field=osm_id:string(0,0)&field=osm_type:string(0,0)&field=shop:string(0,0)&field=contact%3Ainstagram:string(0,0)&field=panoramax:string(0,0)&field=min_age:string(0,0)&field=check_date%3Apanoramax:string(0,0)&field=sport:string(0,0)&field=payment%3Acards:string(0,0)&field=image:string(0,0)&field=clothes:string(0,0)&field=type:string(0,0)&field=club:string(0,0)&field=second_hand:string(0,0)&field=ref%3AFR%3ASIREN:string(0,0)&field=phone%3Amobile:string(0,0)&field=harassment_prevention:string(0,0)&field=contact%3Amobile:string(0,0)&field=source%3Aname%3Abr:string(0,0)&field=name%3Abr:string(0,0)&field=drive_through:string(0,0)&field=delivery:string(0,0)&field=currency%3AEUR:string(0,0)&field=start_date:string(0,0)&field=contact%3Afacebook:string(0,0)&field=payment%3Acash:string(0,0)&field=addr%3Acountry:string(0,0)&field=entrance:string(0,0)&field=payment%3Adebit_cards:string(0,0)&field=payment%3Acredit_cards:string(0,0)&field=ref%3AFR%3ANAF:string(0,0)&field=payment%3Avisa:string(0,0)&field=payment%3Apaypal:string(0,0)&field=payment%3Amastercard:string(0,0)&field=payment%3Amaestro:string(0,0)&field=payment%3Acheque:string(0,0)&field=payment%3Acb:string(0,0)&field=facebook:string(0,0)&field=contact%3Aemail:string(0,0)&field=contact%3Aphone:string(0,0)&field=operator:string(0,0)&field=description:string(0,0)&field=wheelchair%3Aentrance_width:string(0,0)&field=wheelchair%3Adescription:string(0,0)&field=short_name:string(0,0)&field=social_facility%3Afor:string(0,0)&field=addr%3Acity:string(0,0)&field=opening_hours%3Asigned:string(0,0)&field=official_name:string(0,0)&field=check_date%3Aopening_hours:string(0,0)&field=level:string(0,0)&field=amenity:string(0,0)&field=survey%3Adate:string(0,0)&field=opening_hours:string(0,0)&field=fax:string(0,0)&field=email:string(0,0)&field=contact%3Awebsite:string(0,0)&field=contact%3Apostcode:string(0,0)&field=contact%3Acity:string(0,0)&field=contact%3Astreet:string(0,0)&field=contact%3Ahousenumber:string(0,0)&field=check_date:string(0,0)&field=phone:string(0,0)&field=addr%3Astreet:string(0,0)&field=addr%3Apostcode:string(0,0)&field=addr%3Ahousenumber:string(0,0)&field=wheelchair:string(0,0)&field=website:string(0,0)&field=ref%3AFR%3ASIRET:string(0,0)&field=name:string(0,0)&uid={4518d7bb-bdbd-4c09-8855-e4ec48aa2337}" }, "geometry": { "type": "Point", "coordinates": [ 4.3896924, 45.4298539 ] } },
{ "type": "Feature", "properties": { "full_id": "n2702538002", "osm_id": "2702538002", "osm_type": "node", "shop": "weapons", "check_date": null, "operator": null, "email": null, "disused:shop": null, "wheelchair": null, "contact:website": null, "building:levels": null, "survey:date": null, "addr:street": "Rue de Verdun", "addr:housenumber": "158", "phone": null, "ref:FR:SIREN": null, "contact:housenumber": null, "contact:fax": null, "contact:email": null, "addr:postcode": "76600", "addr:city": "Le Havre", "ref:vatin": null, "ref:FR:NAF": null, "opening_hours": null, "contact:street": null, "contact:postcode": null, "contact:phone": null, "contact:facebook": null, "contact:city": null, "ref:FR:SIRET": "33973484000012", "website": null, "type": null, "name": "Armurerie de Graville", "building": null, "contact:instagram": null, "panoramax": null, "min_age": null, "check_date:panoramax": null, "sport": null, "payment:cards": null, "image": null, "clothes": null, "club": null, "second_hand": null, "phone:mobile": null, "harassment_prevention": null, "contact:mobile": null, "source:name:br": null, "name:br": null, "drive_through": null, "delivery": null, "currency:EUR": null, "start_date": null, "payment:cash": null, "addr:country": null, "entrance": null, "payment:debit_cards": null, "payment:credit_cards": null, "payment:visa": null, "payment:paypal": null, "payment:mastercard": null, "payment:maestro": null, "payment:cheque": null, "payment:cb": null, "facebook": null, "description": null, "wheelchair:entrance_width": null, "wheelchair:description": null, "short_name": null, "social_facility:for": null, "opening_hours:signed": null, "official_name": null, "check_date:opening_hours": null, "level": null, "amenity": null, "fax": null, "layer": "shop_weapons_France", "path": "Point?crs=EPSG:4326&field=full_id:string(0,0)&field=osm_id:string(0,0)&field=osm_type:string(0,0)&field=shop:string(0,0)&field=contact%3Ainstagram:string(0,0)&field=panoramax:string(0,0)&field=min_age:string(0,0)&field=check_date%3Apanoramax:string(0,0)&field=sport:string(0,0)&field=payment%3Acards:string(0,0)&field=image:string(0,0)&field=clothes:string(0,0)&field=type:string(0,0)&field=club:string(0,0)&field=second_hand:string(0,0)&field=ref%3AFR%3ASIREN:string(0,0)&field=phone%3Amobile:string(0,0)&field=harassment_prevention:string(0,0)&field=contact%3Amobile:string(0,0)&field=source%3Aname%3Abr:string(0,0)&field=name%3Abr:string(0,0)&field=drive_through:string(0,0)&field=delivery:string(0,0)&field=currency%3AEUR:string(0,0)&field=start_date:string(0,0)&field=contact%3Afacebook:string(0,0)&field=payment%3Acash:string(0,0)&field=addr%3Acountry:string(0,0)&field=entrance:string(0,0)&field=payment%3Adebit_cards:string(0,0)&field=payment%3Acredit_cards:string(0,0)&field=ref%3AFR%3ANAF:string(0,0)&field=payment%3Avisa:string(0,0)&field=payment%3Apaypal:string(0,0)&field=payment%3Amastercard:string(0,0)&field=payment%3Amaestro:string(0,0)&field=payment%3Acheque:string(0,0)&field=payment%3Acb:string(0,0)&field=facebook:string(0,0)&field=contact%3Aemail:string(0,0)&field=contact%3Aphone:string(0,0)&field=operator:string(0,0)&field=description:string(0,0)&field=wheelchair%3Aentrance_width:string(0,0)&field=wheelchair%3Adescription:string(0,0)&field=short_name:string(0,0)&field=social_facility%3Afor:string(0,0)&field=addr%3Acity:string(0,0)&field=opening_hours%3Asigned:string(0,0)&field=official_name:string(0,0)&field=check_date%3Aopening_hours:string(0,0)&field=level:string(0,0)&field=amenity:string(0,0)&field=survey%3Adate:string(0,0)&field=opening_hours:string(0,0)&field=fax:string(0,0)&field=email:string(0,0)&field=contact%3Awebsite:string(0,0)&field=contact%3Apostcode:string(0,0)&field=contact%3Acity:string(0,0)&field=contact%3Astreet:string(0,0)&field=contact%3Ahousenumber:string(0,0)&field=check_date:string(0,0)&field=phone:string(0,0)&field=addr%3Astreet:string(0,0)&field=addr%3Apostcode:string(0,0)&field=addr%3Ahousenumber:string(0,0)&field=wheelchair:string(0,0)&field=website:string(0,0)&field=ref%3AFR%3ASIRET:string(0,0)&field=name:string(0,0)&uid={4518d7bb-bdbd-4c09-8855-e4ec48aa2337}" }, "geometry": { "type": "Point", "coordinates": [ 0.1585654, 49.5020731 ] } },
{ "type": "Feature", "properties": { "full_id": "n2861478143", "osm_id": "2861478143", "osm_type": "node", "shop": "weapons", "check_date": null, "operator": null, "email": null, "disused:shop": null, "wheelchair": null, "contact:website": null, "building:levels": null, "survey:date": null, "addr:street": null, "addr:housenumber": null, "phone": null, "ref:FR:SIREN": null, "contact:housenumber": null, "contact:fax": null, "contact:email": null, "addr:postcode": null, "addr:city": null, "ref:vatin": null, "ref:FR:NAF": null, "opening_hours": null, "contact:street": null, "contact:postcode": null, "contact:phone": null, "contact:facebook": null, "contact:city": null, "ref:FR:SIRET": null, "website": null, "type": null, "name": "Armurie Châtelleraudaise", "building": null, "contact:instagram": null, "panoramax": null, "min_age": null, "check_date:panoramax": null, "sport": null, "payment:cards": null, "image": null, "clothes": null, "club": null, "second_hand": null, "phone:mobile": null, "harassment_prevention": null, "contact:mobile": null, "source:name:br": null, "name:br": null, "drive_through": null, "delivery": null, "currency:EUR": null, "start_date": null, "payment:cash": null, "addr:country": null, "entrance": null, "payment:debit_cards": null, "payment:credit_cards": null, "payment:visa": null, "payment:paypal": null, "payment:mastercard": null, "payment:maestro": null, "payment:cheque": null, "payment:cb": null, "facebook": null, "description": null, "wheelchair:entrance_width": null, "wheelchair:description": null, "short_name": null, "social_facility:for": "senior", "opening_hours:signed": null, "official_name": null, "check_date:opening_hours": null, "level": null, "amenity": null, "fax": null, "layer": "shop_weapons_France", "path": "Point?crs=EPSG:4326&field=full_id:string(0,0)&field=osm_id:string(0,0)&field=osm_type:string(0,0)&field=shop:string(0,0)&field=contact%3Ainstagram:string(0,0)&field=panoramax:string(0,0)&field=min_age:string(0,0)&field=check_date%3Apanoramax:string(0,0)&field=sport:string(0,0)&field=payment%3Acards:string(0,0)&field=image:string(0,0)&field=clothes:string(0,0)&field=type:string(0,0)&field=club:string(0,0)&field=second_hand:string(0,0)&field=ref%3AFR%3ASIREN:string(0,0)&field=phone%3Amobile:string(0,0)&field=harassment_prevention:string(0,0)&field=contact%3Amobile:string(0,0)&field=source%3Aname%3Abr:string(0,0)&field=name%3Abr:string(0,0)&field=drive_through:string(0,0)&field=delivery:string(0,0)&field=currency%3AEUR:string(0,0)&field=start_date:string(0,0)&field=contact%3Afacebook:string(0,0)&field=payment%3Acash:string(0,0)&field=addr%3Acountry:string(0,0)&field=entrance:string(0,0)&field=payment%3Adebit_cards:string(0,0)&field=payment%3Acredit_cards:string(0,0)&field=ref%3AFR%3ANAF:string(0,0)&field=payment%3Avisa:string(0,0)&field=payment%3Apaypal:string(0,0)&field=payment%3Amastercard:string(0,0)&field=payment%3Amaestro:string(0,0)&field=payment%3Acheque:string(0,0)&field=payment%3Acb:string(0,0)&field=facebook:string(0,0)&field=contact%3Aemail:string(0,0)&field=contact%3Aphone:string(0,0)&field=operator:string(0,0)&field=description:string(0,0)&field=wheelchair%3Aentrance_width:string(0,0)&field=wheelchair%3Adescription:string(0,0)&field=short_name:string(0,0)&field=social_facility%3Afor:string(0,0)&field=addr%3Acity:string(0,0)&field=opening_hours%3Asigned:string(0,0)&field=official_name:string(0,0)&field=check_date%3Aopening_hours:string(0,0)&field=level:string(0,0)&field=amenity:string(0,0)&field=survey%3Adate:string(0,0)&field=opening_hours:string(0,0)&field=fax:string(0,0)&field=email:string(0,0)&field=contact%3Awebsite:string(0,0)&field=contact%3Apostcode:string(0,0)&field=contact%3Acity:string(0,0)&field=contact%3Astreet:string(0,0)&field=contact%3Ahousenumber:string(0,0)&field=check_date:string(0,0)&field=phone:string(0,0)&field=addr%3Astreet:string(0,0)&field=addr%3Apostcode:string(0,0)&field=addr%3Ahousenumber:string(0,0)&field=wheelchair:string(0,0)&field=website:string(0,0)&field=ref%3AFR%3ASIRET:string(0,0)&field=name:string(0,0)&uid={4518d7bb-bdbd-4c09-8855-e4ec48aa2337}" }, "geometry": { "type": "Point", "coordinates": [ 0.5377755, 46.8161608 ] } },
{ "type": "Feature", "properties": { "full_id": "n2992825744", "osm_id": "2992825744", "osm_type": "node", "shop": "weapons", "check_date": null, "operator": null, "email": null, "disused:shop": null, "wheelchair": null, "contact:website": null, "building:levels": null, "survey:date": null, "addr:street": null, "addr:housenumber": null, "phone": null, "ref:FR:SIREN": null, "contact:housenumber": null, "contact:fax": null, "contact:email": null, "addr:postcode": null, "addr:city": null, "ref:vatin": null, "ref:FR:NAF": null, "opening_hours": null, "contact:street": null, "contact:postcode": null, "contact:phone": null, "contact:facebook": null, "contact:city": null, "ref:FR:SIRET": null, "website": null, "type": null, "name": "Armurerie du Vieux Bourg de Kourou", "building": null, "contact:instagram": null, "panoramax": null, "min_age": null, "check_date:panoramax": null, "sport": null, "payment:cards": null, "image": null, "clothes": null, "club": null, "second_hand": null, "phone:mobile": null, "harassment_prevention": null, "contact:mobile": null, "source:name:br": null, "name:br": null, "drive_through": null, "delivery": null, "currency:EUR": null, "start_date": null, "payment:cash": null, "addr:country": null, "entrance": null, "payment:debit_cards": null, "payment:credit_cards": null, "payment:visa": null, "payment:paypal": null, "payment:mastercard": null, "payment:maestro": null, "payment:cheque": null, "payment:cb": null, "facebook": null, "description": null, "wheelchair:entrance_width": null, "wheelchair:description": null, "short_name": "AVBK", "social_facility:for": null, "opening_hours:signed": null, "official_name": null, "check_date:opening_hours": null, "level": null, "amenity": null, "fax": null, "layer": "shop_weapons_France", "path": "Point?crs=EPSG:4326&field=full_id:string(0,0)&field=osm_id:string(0,0)&field=osm_type:string(0,0)&field=shop:string(0,0)&field=contact%3Ainstagram:string(0,0)&field=panoramax:string(0,0)&field=min_age:string(0,0)&field=check_date%3Apanoramax:string(0,0)&field=sport:string(0,0)&field=payment%3Acards:string(0,0)&field=image:string(0,0)&field=clothes:string(0,0)&field=type:string(0,0)&field=club:string(0,0)&field=second_hand:string(0,0)&field=ref%3AFR%3ASIREN:string(0,0)&field=phone%3Amobile:string(0,0)&field=harassment_prevention:string(0,0)&field=contact%3Amobile:string(0,0)&field=source%3Aname%3Abr:string(0,0)&field=name%3Abr:string(0,0)&field=drive_through:string(0,0)&field=delivery:string(0,0)&field=currency%3AEUR:string(0,0)&field=start_date:string(0,0)&field=contact%3Afacebook:string(0,0)&field=payment%3Acash:string(0,0)&field=addr%3Acountry:string(0,0)&field=entrance:string(0,0)&field=payment%3Adebit_cards:string(0,0)&field=payment%3Acredit_cards:string(0,0)&field=ref%3AFR%3ANAF:string(0,0)&field=payment%3Avisa:string(0,0)&field=payment%3Apaypal:string(0,0)&field=payment%3Amastercard:string(0,0)&field=payment%3Amaestro:string(0,0)&field=payment%3Acheque:string(0,0)&field=payment%3Acb:string(0,0)&field=facebook:string(0,0)&field=contact%3Aemail:string(0,0)&field=contact%3Aphone:string(0,0)&field=operator:string(0,0)&field=description:string(0,0)&field=wheelchair%3Aentrance_width:string(0,0)&field=wheelchair%3Adescription:string(0,0)&field=short_name:string(0,0)&field=social_facility%3Afor:string(0,0)&field=addr%3Acity:string(0,0)&field=opening_hours%3Asigned:string(0,0)&field=official_name:string(0,0)&field=check_date%3Aopening_hours:string(0,0)&field=level:string(0,0)&field=amenity:string(0,0)&field=survey%3Adate:string(0,0)&field=opening_hours:string(0,0)&field=fax:string(0,0)&field=email:string(0,0)&field=contact%3Awebsite:string(0,0)&field=contact%3Apostcode:string(0,0)&field=contact%3Acity:string(0,0)&field=contact%3Astreet:string(0,0)&field=contact%3Ahousenumber:string(0,0)&field=check_date:string(0,0)&field=phone:string(0,0)&field=addr%3Astreet:string(0,0)&field=addr%3Apostcode:string(0,0)&field=addr%3Ahousenumber:string(0,0)&field=wheelchair:string(0,0)&field=website:string(0,0)&field=ref%3AFR%3ASIRET:string(0,0)&field=name:string(0,0)&uid={4518d7bb-bdbd-4c09-8855-e4ec48aa2337}" }, "geometry": { "type": "Point", "coordinates": [ -52.6414702, 5.1650557 ] } },
{ "type": "Feature", "properties": { "full_id": "n3098438923", "osm_id": "3098438923", "osm_type": "node", "shop": "weapons", "check_date": null, "operator": null, "email": null, "disused:shop": null, "wheelchair": "no", "contact:website": null, "building:levels": null, "survey:date": null, "addr:street": "Place de la Nouvelle Orléans", "addr:housenumber": "3", "phone": "+33 238885945", "ref:FR:SIREN": null, "contact:housenumber": null, "contact:fax": null, "contact:email": null, "addr:postcode": "45000", "addr:city": "Orléans", "ref:vatin": null, "ref:FR:NAF": null, "opening_hours": "Tu-Sa 09:00-12:00,14:00-19:00", "contact:street": null, "contact:postcode": null, "contact:phone": null, "contact:facebook": null, "contact:city": null, "ref:FR:SIRET": "45068565600024", "website": null, "type": null, "name": "Armurerie Foulquier", "building": null, "contact:instagram": null, "panoramax": null, "min_age": null, "check_date:panoramax": null, "sport": null, "payment:cards": null, "image": null, "clothes": null, "club": null, "second_hand": null, "phone:mobile": null, "harassment_prevention": null, "contact:mobile": null, "source:name:br": null, "name:br": null, "drive_through": null, "delivery": null, "currency:EUR": null, "start_date": null, "payment:cash": null, "addr:country": null, "entrance": null, "payment:debit_cards": null, "payment:credit_cards": null, "payment:visa": null, "payment:paypal": null, "payment:mastercard": null, "payment:maestro": null, "payment:cheque": null, "payment:cb": null, "facebook": null, "description": null, "wheelchair:entrance_width": null, "wheelchair:description": null, "short_name": null, "social_facility:for": null, "opening_hours:signed": null, "official_name": null, "check_date:opening_hours": null, "level": null, "amenity": null, "fax": null, "layer": "shop_weapons_France", "path": "Point?crs=EPSG:4326&field=full_id:string(0,0)&field=osm_id:string(0,0)&field=osm_type:string(0,0)&field=shop:string(0,0)&field=contact%3Ainstagram:string(0,0)&field=panoramax:string(0,0)&field=min_age:string(0,0)&field=check_date%3Apanoramax:string(0,0)&field=sport:string(0,0)&field=payment%3Acards:string(0,0)&field=image:string(0,0)&field=clothes:string(0,0)&field=type:string(0,0)&field=club:string(0,0)&field=second_hand:string(0,0)&field=ref%3AFR%3ASIREN:string(0,0)&field=phone%3Amobile:string(0,0)&field=harassment_prevention:string(0,0)&field=contact%3Amobile:string(0,0)&field=source%3Aname%3Abr:string(0,0)&field=name%3Abr:string(0,0)&field=drive_through:string(0,0)&field=delivery:string(0,0)&field=currency%3AEUR:string(0,0)&field=start_date:string(0,0)&field=contact%3Afacebook:string(0,0)&field=payment%3Acash:string(0,0)&field=addr%3Acountry:string(0,0)&field=entrance:string(0,0)&field=payment%3Adebit_cards:string(0,0)&field=payment%3Acredit_cards:string(0,0)&field=ref%3AFR%3ANAF:string(0,0)&field=payment%3Avisa:string(0,0)&field=payment%3Apaypal:string(0,0)&field=payment%3Amastercard:string(0,0)&field=payment%3Amaestro:string(0,0)&field=payment%3Acheque:string(0,0)&field=payment%3Acb:string(0,0)&field=facebook:string(0,0)&field=contact%3Aemail:string(0,0)&field=contact%3Aphone:string(0,0)&field=operator:string(0,0)&field=description:string(0,0)&field=wheelchair%3Aentrance_width:string(0,0)&field=wheelchair%3Adescription:string(0,0)&field=short_name:string(0,0)&field=social_facility%3Afor:string(0,0)&field=addr%3Acity:string(0,0)&field=opening_hours%3Asigned:string(0,0)&field=official_name:string(0,0)&field=check_date%3Aopening_hours:string(0,0)&field=level:string(0,0)&field=amenity:string(0,0)&field=survey%3Adate:string(0,0)&field=opening_hours:string(0,0)&field=fax:string(0,0)&field=email:string(0,0)&field=contact%3Awebsite:string(0,0)&field=contact%3Apostcode:string(0,0)&field=contact%3Acity:string(0,0)&field=contact%3Astreet:string(0,0)&field=contact%3Ahousenumber:string(0,0)&field=check_date:string(0,0)&field=phone:string(0,0)&field=addr%3Astreet:string(0,0)&field=addr%3Apostcode:string(0,0)&field=addr%3Ahousenumber:string(0,0)&field=wheelchair:string(0,0)&field=website:string(0,0)&field=ref%3AFR%3ASIRET:string(0,0)&field=name:string(0,0)&uid={4518d7bb-bdbd-4c09-8855-e4ec48aa2337}" }, "geometry": { "type": "Point", "coordinates": [ 1.8953968, 47.9188017 ] } },
{ "type": "Feature", "properties": { "full_id": "n3149363796", "osm_id": "3149363796", "osm_type": "node", "shop": "weapons", "check_date": null, "operator": null, "email": null, "disused:shop": null, "wheelchair": null, "contact:website": null, "building:levels": null, "survey:date": null, "addr:street": "Rue de Lyon", "addr:housenumber": "22", "phone": "+33 4 77 24 04 40", "ref:FR:SIREN": null, "contact:housenumber": null, "contact:fax": null, "contact:email": null, "addr:postcode": "42130", "addr:city": "Boën-sur-Lignon", "ref:vatin": null, "ref:FR:NAF": null, "opening_hours": null, "contact:street": null, "contact:postcode": null, "contact:phone": null, "contact:facebook": null, "contact:city": null, "ref:FR:SIRET": null, "website": "http://armeslatour.com", "type": null, "name": "Armes Latour", "building": null, "contact:instagram": null, "panoramax": null, "min_age": null, "check_date:panoramax": null, "sport": null, "payment:cards": null, "image": null, "clothes": null, "club": null, "second_hand": null, "phone:mobile": null, "harassment_prevention": null, "contact:mobile": null, "source:name:br": null, "name:br": null, "drive_through": null, "delivery": null, "currency:EUR": null, "start_date": null, "payment:cash": null, "addr:country": null, "entrance": null, "payment:debit_cards": null, "payment:credit_cards": null, "payment:visa": null, "payment:paypal": null, "payment:mastercard": null, "payment:maestro": null, "payment:cheque": null, "payment:cb": null, "facebook": null, "description": null, "wheelchair:entrance_width": null, "wheelchair:description": null, "short_name": null, "social_facility:for": null, "opening_hours:signed": null, "official_name": null, "check_date:opening_hours": null, "level": null, "amenity": null, "fax": "+33 4 77 24 06 70", "layer": "shop_weapons_France", "path": "Point?crs=EPSG:4326&field=full_id:string(0,0)&field=osm_id:string(0,0)&field=osm_type:string(0,0)&field=shop:string(0,0)&field=contact%3Ainstagram:string(0,0)&field=panoramax:string(0,0)&field=min_age:string(0,0)&field=check_date%3Apanoramax:string(0,0)&field=sport:string(0,0)&field=payment%3Acards:string(0,0)&field=image:string(0,0)&field=clothes:string(0,0)&field=type:string(0,0)&field=club:string(0,0)&field=second_hand:string(0,0)&field=ref%3AFR%3ASIREN:string(0,0)&field=phone%3Amobile:string(0,0)&field=harassment_prevention:string(0,0)&field=contact%3Amobile:string(0,0)&field=source%3Aname%3Abr:string(0,0)&field=name%3Abr:string(0,0)&field=drive_through:string(0,0)&field=delivery:string(0,0)&field=currency%3AEUR:string(0,0)&field=start_date:string(0,0)&field=contact%3Afacebook:string(0,0)&field=payment%3Acash:string(0,0)&field=addr%3Acountry:string(0,0)&field=entrance:string(0,0)&field=payment%3Adebit_cards:string(0,0)&field=payment%3Acredit_cards:string(0,0)&field=ref%3AFR%3ANAF:string(0,0)&field=payment%3Avisa:string(0,0)&field=payment%3Apaypal:string(0,0)&field=payment%3Amastercard:string(0,0)&field=payment%3Amaestro:string(0,0)&field=payment%3Acheque:string(0,0)&field=payment%3Acb:string(0,0)&field=facebook:string(0,0)&field=contact%3Aemail:string(0,0)&field=contact%3Aphone:string(0,0)&field=operator:string(0,0)&field=description:string(0,0)&field=wheelchair%3Aentrance_width:string(0,0)&field=wheelchair%3Adescription:string(0,0)&field=short_name:string(0,0)&field=social_facility%3Afor:string(0,0)&field=addr%3Acity:string(0,0)&field=opening_hours%3Asigned:string(0,0)&field=official_name:string(0,0)&field=check_date%3Aopening_hours:string(0,0)&field=level:string(0,0)&field=amenity:string(0,0)&field=survey%3Adate:string(0,0)&field=opening_hours:string(0,0)&field=fax:string(0,0)&field=email:string(0,0)&field=contact%3Awebsite:string(0,0)&field=contact%3Apostcode:string(0,0)&field=contact%3Acity:string(0,0)&field=contact%3Astreet:string(0,0)&field=contact%3Ahousenumber:string(0,0)&field=check_date:string(0,0)&field=phone:string(0,0)&field=addr%3Astreet:string(0,0)&field=addr%3Apostcode:string(0,0)&field=addr%3Ahousenumber:string(0,0)&field=wheelchair:string(0,0)&field=website:string(0,0)&field=ref%3AFR%3ASIRET:string(0,0)&field=name:string(0,0)&uid={4518d7bb-bdbd-4c09-8855-e4ec48aa2337}" }, "geometry": { "type": "Point", "coordinates": [ 4.0053212, 45.7437042 ] } },
{ "type": "Feature", "properties": { "full_id": "n3220411088", "osm_id": "3220411088", "osm_type": "node", "shop": "weapons", "check_date": null, "operator": null, "email": null, "disused:shop": null, "wheelchair": null, "contact:website": null, "building:levels": null, "survey:date": null, "addr:street": null, "addr:housenumber": null, "phone": null, "ref:FR:SIREN": null, "contact:housenumber": null, "contact:fax": null, "contact:email": null, "addr:postcode": null, "addr:city": null, "ref:vatin": null, "ref:FR:NAF": null, "opening_hours": null, "contact:street": null, "contact:postcode": null, "contact:phone": null, "contact:facebook": null, "contact:city": null, "ref:FR:SIRET": null, "website": null, "type": null, "name": "Le Coq de Bruyère", "building": null, "contact:instagram": null, "panoramax": null, "min_age": null, "check_date:panoramax": null, "sport": null, "payment:cards": null, "image": null, "clothes": null, "club": null, "second_hand": null, "phone:mobile": null, "harassment_prevention": null, "contact:mobile": null, "source:name:br": null, "name:br": null, "drive_through": null, "delivery": null, "currency:EUR": null, "start_date": null, "payment:cash": null, "addr:country": null, "entrance": null, "payment:debit_cards": null, "payment:credit_cards": null, "payment:visa": null, "payment:paypal": null, "payment:mastercard": null, "payment:maestro": null, "payment:cheque": null, "payment:cb": null, "facebook": null, "description": null, "wheelchair:entrance_width": null, "wheelchair:description": null, "short_name": null, "social_facility:for": null, "opening_hours:signed": null, "official_name": null, "check_date:opening_hours": null, "level": null, "amenity": null, "fax": null, "layer": "shop_weapons_France", "path": "Point?crs=EPSG:4326&field=full_id:string(0,0)&field=osm_id:string(0,0)&field=osm_type:string(0,0)&field=shop:string(0,0)&field=contact%3Ainstagram:string(0,0)&field=panoramax:string(0,0)&field=min_age:string(0,0)&field=check_date%3Apanoramax:string(0,0)&field=sport:string(0,0)&field=payment%3Acards:string(0,0)&field=image:string(0,0)&field=clothes:string(0,0)&field=type:string(0,0)&field=club:string(0,0)&field=second_hand:string(0,0)&field=ref%3AFR%3ASIREN:string(0,0)&field=phone%3Amobile:string(0,0)&field=harassment_prevention:string(0,0)&field=contact%3Amobile:string(0,0)&field=source%3Aname%3Abr:string(0,0)&field=name%3Abr:string(0,0)&field=drive_through:string(0,0)&field=delivery:string(0,0)&field=currency%3AEUR:string(0,0)&field=start_date:string(0,0)&field=contact%3Afacebook:string(0,0)&field=payment%3Acash:string(0,0)&field=addr%3Acountry:string(0,0)&field=entrance:string(0,0)&field=payment%3Adebit_cards:string(0,0)&field=payment%3Acredit_cards:string(0,0)&field=ref%3AFR%3ANAF:string(0,0)&field=payment%3Avisa:string(0,0)&field=payment%3Apaypal:string(0,0)&field=payment%3Amastercard:string(0,0)&field=payment%3Amaestro:string(0,0)&field=payment%3Acheque:string(0,0)&field=payment%3Acb:string(0,0)&field=facebook:string(0,0)&field=contact%3Aemail:string(0,0)&field=contact%3Aphone:string(0,0)&field=operator:string(0,0)&field=description:string(0,0)&field=wheelchair%3Aentrance_width:string(0,0)&field=wheelchair%3Adescription:string(0,0)&field=short_name:string(0,0)&field=social_facility%3Afor:string(0,0)&field=addr%3Acity:string(0,0)&field=opening_hours%3Asigned:string(0,0)&field=official_name:string(0,0)&field=check_date%3Aopening_hours:string(0,0)&field=level:string(0,0)&field=amenity:string(0,0)&field=survey%3Adate:string(0,0)&field=opening_hours:string(0,0)&field=fax:string(0,0)&field=email:string(0,0)&field=contact%3Awebsite:string(0,0)&field=contact%3Apostcode:string(0,0)&field=contact%3Acity:string(0,0)&field=contact%3Astreet:string(0,0)&field=contact%3Ahousenumber:string(0,0)&field=check_date:string(0,0)&field=phone:string(0,0)&field=addr%3Astreet:string(0,0)&field=addr%3Apostcode:string(0,0)&field=addr%3Ahousenumber:string(0,0)&field=wheelchair:string(0,0)&field=website:string(0,0)&field=ref%3AFR%3ASIRET:string(0,0)&field=name:string(0,0)&uid={4518d7bb-bdbd-4c09-8855-e4ec48aa2337}" }, "geometry": { "type": "Point", "coordinates": [ 2.4458393, 44.9287233 ] } },
{ "type": "Feature", "properties": { "full_id": "n3267513982", "osm_id": "3267513982", "osm_type": "node", "shop": "weapons", "check_date": null, "operator": null, "email": null, "disused:shop": null, "wheelchair": null, "contact:website": null, "building:levels": null, "survey:date": null, "addr:street": "Rue Bannier", "addr:housenumber": "71", "phone": "+33 238681237", "ref:FR:SIREN": null, "contact:housenumber": null, "contact:fax": null, "contact:email": null, "addr:postcode": "45000", "addr:city": "Orléans", "ref:vatin": null, "ref:FR:NAF": null, "opening_hours": "Tu-Sa 09:30-12:00,14:00-19:00", "contact:street": null, "contact:postcode": null, "contact:phone": null, "contact:facebook": null, "contact:city": null, "ref:FR:SIRET": null, "website": null, "type": null, "name": "Armurerie Célant", "building": null, "contact:instagram": null, "panoramax": null, "min_age": null, "check_date:panoramax": null, "sport": null, "payment:cards": null, "image": null, "clothes": null, "club": null, "second_hand": null, "phone:mobile": null, "harassment_prevention": null, "contact:mobile": null, "source:name:br": null, "name:br": null, "drive_through": null, "delivery": null, "currency:EUR": null, "start_date": null, "payment:cash": null, "addr:country": null, "entrance": null, "payment:debit_cards": null, "payment:credit_cards": null, "payment:visa": null, "payment:paypal": null, "payment:mastercard": null, "payment:maestro": null, "payment:cheque": null, "payment:cb": null, "facebook": null, "description": null, "wheelchair:entrance_width": null, "wheelchair:description": null, "short_name": null, "social_facility:for": null, "opening_hours:signed": null, "official_name": null, "check_date:opening_hours": null, "level": null, "amenity": null, "fax": null, "layer": "shop_weapons_France", "path": "Point?crs=EPSG:4326&field=full_id:string(0,0)&field=osm_id:string(0,0)&field=osm_type:string(0,0)&field=shop:string(0,0)&field=contact%3Ainstagram:string(0,0)&field=panoramax:string(0,0)&field=min_age:string(0,0)&field=check_date%3Apanoramax:string(0,0)&field=sport:string(0,0)&field=payment%3Acards:string(0,0)&field=image:string(0,0)&field=clothes:string(0,0)&field=type:string(0,0)&field=club:string(0,0)&field=second_hand:string(0,0)&field=ref%3AFR%3ASIREN:string(0,0)&field=phone%3Amobile:string(0,0)&field=harassment_prevention:string(0,0)&field=contact%3Amobile:string(0,0)&field=source%3Aname%3Abr:string(0,0)&field=name%3Abr:string(0,0)&field=drive_through:string(0,0)&field=delivery:string(0,0)&field=currency%3AEUR:string(0,0)&field=start_date:string(0,0)&field=contact%3Afacebook:string(0,0)&field=payment%3Acash:string(0,0)&field=addr%3Acountry:string(0,0)&field=entrance:string(0,0)&field=payment%3Adebit_cards:string(0,0)&field=payment%3Acredit_cards:string(0,0)&field=ref%3AFR%3ANAF:string(0,0)&field=payment%3Avisa:string(0,0)&field=payment%3Apaypal:string(0,0)&field=payment%3Amastercard:string(0,0)&field=payment%3Amaestro:string(0,0)&field=payment%3Acheque:string(0,0)&field=payment%3Acb:string(0,0)&field=facebook:string(0,0)&field=contact%3Aemail:string(0,0)&field=contact%3Aphone:string(0,0)&field=operator:string(0,0)&field=description:string(0,0)&field=wheelchair%3Aentrance_width:string(0,0)&field=wheelchair%3Adescription:string(0,0)&field=short_name:string(0,0)&field=social_facility%3Afor:string(0,0)&field=addr%3Acity:string(0,0)&field=opening_hours%3Asigned:string(0,0)&field=official_name:string(0,0)&field=check_date%3Aopening_hours:string(0,0)&field=level:string(0,0)&field=amenity:string(0,0)&field=survey%3Adate:string(0,0)&field=opening_hours:string(0,0)&field=fax:string(0,0)&field=email:string(0,0)&field=contact%3Awebsite:string(0,0)&field=contact%3Apostcode:string(0,0)&field=contact%3Acity:string(0,0)&field=contact%3Astreet:string(0,0)&field=contact%3Ahousenumber:string(0,0)&field=check_date:string(0,0)&field=phone:string(0,0)&field=addr%3Astreet:string(0,0)&field=addr%3Apostcode:string(0,0)&field=addr%3Ahousenumber:string(0,0)&field=wheelchair:string(0,0)&field=website:string(0,0)&field=ref%3AFR%3ASIRET:string(0,0)&field=name:string(0,0)&uid={4518d7bb-bdbd-4c09-8855-e4ec48aa2337}" }, "geometry": { "type": "Point", "coordinates": [ 1.9025191, 47.9050065 ] } },
{ "type": "Feature", "properties": { "full_id": "n3267513983", "osm_id": "3267513983", "osm_type": "node", "shop": "weapons", "check_date": null, "operator": null, "email": null, "disused:shop": null, "wheelchair": null, "contact:website": null, "building:levels": null, "survey:date": null, "addr:street": "Rue Bannier", "addr:housenumber": "73", "phone": null, "ref:FR:SIREN": null, "contact:housenumber": null, "contact:fax": null, "contact:email": null, "addr:postcode": "45000", "addr:city": "Orléans", "ref:vatin": null, "ref:FR:NAF": null, "opening_hours": null, "contact:street": null, "contact:postcode": null, "contact:phone": null, "contact:facebook": null, "contact:city": null, "ref:FR:SIRET": null, "website": null, "type": null, "name": "Armurerie Célant", "building": null, "contact:instagram": null, "panoramax": null, "min_age": null, "check_date:panoramax": null, "sport": null, "payment:cards": null, "image": null, "clothes": null, "club": null, "second_hand": null, "phone:mobile": null, "harassment_prevention": null, "contact:mobile": null, "source:name:br": null, "name:br": null, "drive_through": null, "delivery": null, "currency:EUR": null, "start_date": null, "payment:cash": null, "addr:country": null, "entrance": null, "payment:debit_cards": null, "payment:credit_cards": null, "payment:visa": null, "payment:paypal": null, "payment:mastercard": null, "payment:maestro": null, "payment:cheque": null, "payment:cb": null, "facebook": null, "description": null, "wheelchair:entrance_width": null, "wheelchair:description": null, "short_name": null, "social_facility:for": null, "opening_hours:signed": null, "official_name": null, "check_date:opening_hours": null, "level": null, "amenity": null, "fax": null, "layer": "shop_weapons_France", "path": "Point?crs=EPSG:4326&field=full_id:string(0,0)&field=osm_id:string(0,0)&field=osm_type:string(0,0)&field=shop:string(0,0)&field=contact%3Ainstagram:string(0,0)&field=panoramax:string(0,0)&field=min_age:string(0,0)&field=check_date%3Apanoramax:string(0,0)&field=sport:string(0,0)&field=payment%3Acards:string(0,0)&field=image:string(0,0)&field=clothes:string(0,0)&field=type:string(0,0)&field=club:string(0,0)&field=second_hand:string(0,0)&field=ref%3AFR%3ASIREN:string(0,0)&field=phone%3Amobile:string(0,0)&field=harassment_prevention:string(0,0)&field=contact%3Amobile:string(0,0)&field=source%3Aname%3Abr:string(0,0)&field=name%3Abr:string(0,0)&field=drive_through:string(0,0)&field=delivery:string(0,0)&field=currency%3AEUR:string(0,0)&field=start_date:string(0,0)&field=contact%3Afacebook:string(0,0)&field=payment%3Acash:string(0,0)&field=addr%3Acountry:string(0,0)&field=entrance:string(0,0)&field=payment%3Adebit_cards:string(0,0)&field=payment%3Acredit_cards:string(0,0)&field=ref%3AFR%3ANAF:string(0,0)&field=payment%3Avisa:string(0,0)&field=payment%3Apaypal:string(0,0)&field=payment%3Amastercard:string(0,0)&field=payment%3Amaestro:string(0,0)&field=payment%3Acheque:string(0,0)&field=payment%3Acb:string(0,0)&field=facebook:string(0,0)&field=contact%3Aemail:string(0,0)&field=contact%3Aphone:string(0,0)&field=operator:string(0,0)&field=description:string(0,0)&field=wheelchair%3Aentrance_width:string(0,0)&field=wheelchair%3Adescription:string(0,0)&field=short_name:string(0,0)&field=social_facility%3Afor:string(0,0)&field=addr%3Acity:string(0,0)&field=opening_hours%3Asigned:string(0,0)&field=official_name:string(0,0)&field=check_date%3Aopening_hours:string(0,0)&field=level:string(0,0)&field=amenity:string(0,0)&field=survey%3Adate:string(0,0)&field=opening_hours:string(0,0)&field=fax:string(0,0)&field=email:string(0,0)&field=contact%3Awebsite:string(0,0)&field=contact%3Apostcode:string(0,0)&field=contact%3Acity:string(0,0)&field=contact%3Astreet:string(0,0)&field=contact%3Ahousenumber:string(0,0)&field=check_date:string(0,0)&field=phone:string(0,0)&field=addr%3Astreet:string(0,0)&field=addr%3Apostcode:string(0,0)&field=addr%3Ahousenumber:string(0,0)&field=wheelchair:string(0,0)&field=website:string(0,0)&field=ref%3AFR%3ASIRET:string(0,0)&field=name:string(0,0)&uid={4518d7bb-bdbd-4c09-8855-e4ec48aa2337}" }, "geometry": { "type": "Point", "coordinates": [ 1.9024968, 47.905063 ] } },
{ "type": "Feature", "properties": { "full_id": "n3392933812", "osm_id": "3392933812", "osm_type": "node", "shop": "weapons", "check_date": null, "operator": null, "email": null, "disused:shop": null, "wheelchair": "no", "contact:website": null, "building:levels": null, "survey:date": "2022-11-23", "addr:street": "Rue du Grand Saint-Jean", "addr:housenumber": "11", "phone": "+33467581557", "ref:FR:SIREN": null, "contact:housenumber": null, "contact:fax": null, "contact:email": null, "addr:postcode": "34000", "addr:city": "Montpellier", "ref:vatin": null, "ref:FR:NAF": null, "opening_hours": null, "contact:street": null, "contact:postcode": null, "contact:phone": null, "contact:facebook": null, "contact:city": null, "ref:FR:SIRET": null, "website": null, "type": null, "name": "Chasse 2000", "building": null, "contact:instagram": null, "panoramax": null, "min_age": null, "check_date:panoramax": null, "sport": null, "payment:cards": null, "image": null, "clothes": null, "club": null, "second_hand": null, "phone:mobile": null, "harassment_prevention": null, "contact:mobile": null, "source:name:br": null, "name:br": null, "drive_through": null, "delivery": null, "currency:EUR": null, "start_date": null, "payment:cash": null, "addr:country": null, "entrance": null, "payment:debit_cards": null, "payment:credit_cards": null, "payment:visa": null, "payment:paypal": null, "payment:mastercard": null, "payment:maestro": null, "payment:cheque": null, "payment:cb": null, "facebook": null, "description": null, "wheelchair:entrance_width": "83", "wheelchair:description": "présence d'une marche à l'entrée", "short_name": null, "social_facility:for": null, "opening_hours:signed": null, "official_name": null, "check_date:opening_hours": null, "level": null, "amenity": null, "fax": null, "layer": "shop_weapons_France", "path": "Point?crs=EPSG:4326&field=full_id:string(0,0)&field=osm_id:string(0,0)&field=osm_type:string(0,0)&field=shop:string(0,0)&field=contact%3Ainstagram:string(0,0)&field=panoramax:string(0,0)&field=min_age:string(0,0)&field=check_date%3Apanoramax:string(0,0)&field=sport:string(0,0)&field=payment%3Acards:string(0,0)&field=image:string(0,0)&field=clothes:string(0,0)&field=type:string(0,0)&field=club:string(0,0)&field=second_hand:string(0,0)&field=ref%3AFR%3ASIREN:string(0,0)&field=phone%3Amobile:string(0,0)&field=harassment_prevention:string(0,0)&field=contact%3Amobile:string(0,0)&field=source%3Aname%3Abr:string(0,0)&field=name%3Abr:string(0,0)&field=drive_through:string(0,0)&field=delivery:string(0,0)&field=currency%3AEUR:string(0,0)&field=start_date:string(0,0)&field=contact%3Afacebook:string(0,0)&field=payment%3Acash:string(0,0)&field=addr%3Acountry:string(0,0)&field=entrance:string(0,0)&field=payment%3Adebit_cards:string(0,0)&field=payment%3Acredit_cards:string(0,0)&field=ref%3AFR%3ANAF:string(0,0)&field=payment%3Avisa:string(0,0)&field=payment%3Apaypal:string(0,0)&field=payment%3Amastercard:string(0,0)&field=payment%3Amaestro:string(0,0)&field=payment%3Acheque:string(0,0)&field=payment%3Acb:string(0,0)&field=facebook:string(0,0)&field=contact%3Aemail:string(0,0)&field=contact%3Aphone:string(0,0)&field=operator:string(0,0)&field=description:string(0,0)&field=wheelchair%3Aentrance_width:string(0,0)&field=wheelchair%3Adescription:string(0,0)&field=short_name:string(0,0)&field=social_facility%3Afor:string(0,0)&field=addr%3Acity:string(0,0)&field=opening_hours%3Asigned:string(0,0)&field=official_name:string(0,0)&field=check_date%3Aopening_hours:string(0,0)&field=level:string(0,0)&field=amenity:string(0,0)&field=survey%3Adate:string(0,0)&field=opening_hours:string(0,0)&field=fax:string(0,0)&field=email:string(0,0)&field=contact%3Awebsite:string(0,0)&field=contact%3Apostcode:string(0,0)&field=contact%3Acity:string(0,0)&field=contact%3Astreet:string(0,0)&field=contact%3Ahousenumber:string(0,0)&field=check_date:string(0,0)&field=phone:string(0,0)&field=addr%3Astreet:string(0,0)&field=addr%3Apostcode:string(0,0)&field=addr%3Ahousenumber:string(0,0)&field=wheelchair:string(0,0)&field=website:string(0,0)&field=ref%3AFR%3ASIRET:string(0,0)&field=name:string(0,0)&uid={4518d7bb-bdbd-4c09-8855-e4ec48aa2337}" }, "geometry": { "type": "Point", "coordinates": [ 3.8761986, 43.6050497 ] } },
{ "type": "Feature", "properties": { "full_id": "n3454153118", "osm_id": "3454153118", "osm_type": "node", "shop": "weapons", "check_date": null, "operator": null, "email": null, "disused:shop": null, "wheelchair": null, "contact:website": null, "building:levels": null, "survey:date": null, "addr:street": null, "addr:housenumber": null, "phone": null, "ref:FR:SIREN": null, "contact:housenumber": null, "contact:fax": null, "contact:email": null, "addr:postcode": null, "addr:city": null, "ref:vatin": null, "ref:FR:NAF": null, "opening_hours": null, "contact:street": null, "contact:postcode": null, "contact:phone": null, "contact:facebook": null, "contact:city": null, "ref:FR:SIRET": null, "website": null, "type": null, "name": null, "building": null, "contact:instagram": null, "panoramax": null, "min_age": null, "check_date:panoramax": null, "sport": null, "payment:cards": null, "image": null, "clothes": null, "club": null, "second_hand": null, "phone:mobile": null, "harassment_prevention": null, "contact:mobile": null, "source:name:br": null, "name:br": null, "drive_through": null, "delivery": null, "currency:EUR": null, "start_date": null, "payment:cash": null, "addr:country": null, "entrance": null, "payment:debit_cards": null, "payment:credit_cards": null, "payment:visa": null, "payment:paypal": null, "payment:mastercard": null, "payment:maestro": null, "payment:cheque": null, "payment:cb": null, "facebook": null, "description": null, "wheelchair:entrance_width": null, "wheelchair:description": null, "short_name": null, "social_facility:for": null, "opening_hours:signed": null, "official_name": null, "check_date:opening_hours": null, "level": null, "amenity": null, "fax": null, "layer": "shop_weapons_France", "path": "Point?crs=EPSG:4326&field=full_id:string(0,0)&field=osm_id:string(0,0)&field=osm_type:string(0,0)&field=shop:string(0,0)&field=contact%3Ainstagram:string(0,0)&field=panoramax:string(0,0)&field=min_age:string(0,0)&field=check_date%3Apanoramax:string(0,0)&field=sport:string(0,0)&field=payment%3Acards:string(0,0)&field=image:string(0,0)&field=clothes:string(0,0)&field=type:string(0,0)&field=club:string(0,0)&field=second_hand:string(0,0)&field=ref%3AFR%3ASIREN:string(0,0)&field=phone%3Amobile:string(0,0)&field=harassment_prevention:string(0,0)&field=contact%3Amobile:string(0,0)&field=source%3Aname%3Abr:string(0,0)&field=name%3Abr:string(0,0)&field=drive_through:string(0,0)&field=delivery:string(0,0)&field=currency%3AEUR:string(0,0)&field=start_date:string(0,0)&field=contact%3Afacebook:string(0,0)&field=payment%3Acash:string(0,0)&field=addr%3Acountry:string(0,0)&field=entrance:string(0,0)&field=payment%3Adebit_cards:string(0,0)&field=payment%3Acredit_cards:string(0,0)&field=ref%3AFR%3ANAF:string(0,0)&field=payment%3Avisa:string(0,0)&field=payment%3Apaypal:string(0,0)&field=payment%3Amastercard:string(0,0)&field=payment%3Amaestro:string(0,0)&field=payment%3Acheque:string(0,0)&field=payment%3Acb:string(0,0)&field=facebook:string(0,0)&field=contact%3Aemail:string(0,0)&field=contact%3Aphone:string(0,0)&field=operator:string(0,0)&field=description:string(0,0)&field=wheelchair%3Aentrance_width:string(0,0)&field=wheelchair%3Adescription:string(0,0)&field=short_name:string(0,0)&field=social_facility%3Afor:string(0,0)&field=addr%3Acity:string(0,0)&field=opening_hours%3Asigned:string(0,0)&field=official_name:string(0,0)&field=check_date%3Aopening_hours:string(0,0)&field=level:string(0,0)&field=amenity:string(0,0)&field=survey%3Adate:string(0,0)&field=opening_hours:string(0,0)&field=fax:string(0,0)&field=email:string(0,0)&field=contact%3Awebsite:string(0,0)&field=contact%3Apostcode:string(0,0)&field=contact%3Acity:string(0,0)&field=contact%3Astreet:string(0,0)&field=contact%3Ahousenumber:string(0,0)&field=check_date:string(0,0)&field=phone:string(0,0)&field=addr%3Astreet:string(0,0)&field=addr%3Apostcode:string(0,0)&field=addr%3Ahousenumber:string(0,0)&field=wheelchair:string(0,0)&field=website:string(0,0)&field=ref%3AFR%3ASIRET:string(0,0)&field=name:string(0,0)&uid={4518d7bb-bdbd-4c09-8855-e4ec48aa2337}" }, "geometry": { "type": "Point", "coordinates": [ 4.8470531, 44.774578 ] } },
{ "type": "Feature", "properties": { "full_id": "n3618284525", "osm_id": "3618284525", "osm_type": "node", "shop": "weapons", "check_date": null, "operator": null, "email": null, "disused:shop": null, "wheelchair": null, "contact:website": null, "building:levels": null, "survey:date": null, "addr:street": null, "addr:housenumber": null, "phone": null, "ref:FR:SIREN": null, "contact:housenumber": null, "contact:fax": null, "contact:email": null, "addr:postcode": null, "addr:city": null, "ref:vatin": null, "ref:FR:NAF": null, "opening_hours": null, "contact:street": null, "contact:postcode": null, "contact:phone": null, "contact:facebook": null, "contact:city": null, "ref:FR:SIRET": null, "website": null, "type": null, "name": "Airsoft", "building": null, "contact:instagram": null, "panoramax": null, "min_age": null, "check_date:panoramax": null, "sport": null, "payment:cards": null, "image": null, "clothes": null, "club": null, "second_hand": null, "phone:mobile": null, "harassment_prevention": null, "contact:mobile": null, "source:name:br": null, "name:br": null, "drive_through": null, "delivery": null, "currency:EUR": null, "start_date": null, "payment:cash": null, "addr:country": null, "entrance": null, "payment:debit_cards": null, "payment:credit_cards": null, "payment:visa": null, "payment:paypal": null, "payment:mastercard": null, "payment:maestro": null, "payment:cheque": null, "payment:cb": null, "facebook": null, "description": null, "wheelchair:entrance_width": null, "wheelchair:description": null, "short_name": null, "social_facility:for": null, "opening_hours:signed": null, "official_name": null, "check_date:opening_hours": null, "level": null, "amenity": null, "fax": null, "layer": "shop_weapons_France", "path": "Point?crs=EPSG:4326&field=full_id:string(0,0)&field=osm_id:string(0,0)&field=osm_type:string(0,0)&field=shop:string(0,0)&field=contact%3Ainstagram:string(0,0)&field=panoramax:string(0,0)&field=min_age:string(0,0)&field=check_date%3Apanoramax:string(0,0)&field=sport:string(0,0)&field=payment%3Acards:string(0,0)&field=image:string(0,0)&field=clothes:string(0,0)&field=type:string(0,0)&field=club:string(0,0)&field=second_hand:string(0,0)&field=ref%3AFR%3ASIREN:string(0,0)&field=phone%3Amobile:string(0,0)&field=harassment_prevention:string(0,0)&field=contact%3Amobile:string(0,0)&field=source%3Aname%3Abr:string(0,0)&field=name%3Abr:string(0,0)&field=drive_through:string(0,0)&field=delivery:string(0,0)&field=currency%3AEUR:string(0,0)&field=start_date:string(0,0)&field=contact%3Afacebook:string(0,0)&field=payment%3Acash:string(0,0)&field=addr%3Acountry:string(0,0)&field=entrance:string(0,0)&field=payment%3Adebit_cards:string(0,0)&field=payment%3Acredit_cards:string(0,0)&field=ref%3AFR%3ANAF:string(0,0)&field=payment%3Avisa:string(0,0)&field=payment%3Apaypal:string(0,0)&field=payment%3Amastercard:string(0,0)&field=payment%3Amaestro:string(0,0)&field=payment%3Acheque:string(0,0)&field=payment%3Acb:string(0,0)&field=facebook:string(0,0)&field=contact%3Aemail:string(0,0)&field=contact%3Aphone:string(0,0)&field=operator:string(0,0)&field=description:string(0,0)&field=wheelchair%3Aentrance_width:string(0,0)&field=wheelchair%3Adescription:string(0,0)&field=short_name:string(0,0)&field=social_facility%3Afor:string(0,0)&field=addr%3Acity:string(0,0)&field=opening_hours%3Asigned:string(0,0)&field=official_name:string(0,0)&field=check_date%3Aopening_hours:string(0,0)&field=level:string(0,0)&field=amenity:string(0,0)&field=survey%3Adate:string(0,0)&field=opening_hours:string(0,0)&field=fax:string(0,0)&field=email:string(0,0)&field=contact%3Awebsite:string(0,0)&field=contact%3Apostcode:string(0,0)&field=contact%3Acity:string(0,0)&field=contact%3Astreet:string(0,0)&field=contact%3Ahousenumber:string(0,0)&field=check_date:string(0,0)&field=phone:string(0,0)&field=addr%3Astreet:string(0,0)&field=addr%3Apostcode:string(0,0)&field=addr%3Ahousenumber:string(0,0)&field=wheelchair:string(0,0)&field=website:string(0,0)&field=ref%3AFR%3ASIRET:string(0,0)&field=name:string(0,0)&uid={4518d7bb-bdbd-4c09-8855-e4ec48aa2337}" }, "geometry": { "type": "Point", "coordinates": [ 7.3403146, 48.0850584 ] } },
{ "type": "Feature", "properties": { "full_id": "n3650868688", "osm_id": "3650868688", "osm_type": "node", "shop": "weapons", "check_date": null, "operator": null, "email": null, "disused:shop": null, "wheelchair": null, "contact:website": null, "building:levels": null, "survey:date": null, "addr:street": null, "addr:housenumber": null, "phone": null, "ref:FR:SIREN": null, "contact:housenumber": null, "contact:fax": null, "contact:email": null, "addr:postcode": null, "addr:city": null, "ref:vatin": null, "ref:FR:NAF": null, "opening_hours": null, "contact:street": null, "contact:postcode": null, "contact:phone": null, "contact:facebook": null, "contact:city": null, "ref:FR:SIRET": null, "website": null, "type": null, "name": "Armurerie Fillaudeau", "building": null, "contact:instagram": null, "panoramax": null, "min_age": null, "check_date:panoramax": null, "sport": null, "payment:cards": null, "image": null, "clothes": null, "club": null, "second_hand": null, "phone:mobile": null, "harassment_prevention": null, "contact:mobile": null, "source:name:br": null, "name:br": null, "drive_through": null, "delivery": null, "currency:EUR": null, "start_date": null, "payment:cash": null, "addr:country": null, "entrance": null, "payment:debit_cards": null, "payment:credit_cards": null, "payment:visa": null, "payment:paypal": null, "payment:mastercard": null, "payment:maestro": null, "payment:cheque": null, "payment:cb": null, "facebook": null, "description": null, "wheelchair:entrance_width": null, "wheelchair:description": null, "short_name": null, "social_facility:for": null, "opening_hours:signed": null, "official_name": null, "check_date:opening_hours": null, "level": null, "amenity": null, "fax": null, "layer": "shop_weapons_France", "path": "Point?crs=EPSG:4326&field=full_id:string(0,0)&field=osm_id:string(0,0)&field=osm_type:string(0,0)&field=shop:string(0,0)&field=contact%3Ainstagram:string(0,0)&field=panoramax:string(0,0)&field=min_age:string(0,0)&field=check_date%3Apanoramax:string(0,0)&field=sport:string(0,0)&field=payment%3Acards:string(0,0)&field=image:string(0,0)&field=clothes:string(0,0)&field=type:string(0,0)&field=club:string(0,0)&field=second_hand:string(0,0)&field=ref%3AFR%3ASIREN:string(0,0)&field=phone%3Amobile:string(0,0)&field=harassment_prevention:string(0,0)&field=contact%3Amobile:string(0,0)&field=source%3Aname%3Abr:string(0,0)&field=name%3Abr:string(0,0)&field=drive_through:string(0,0)&field=delivery:string(0,0)&field=currency%3AEUR:string(0,0)&field=start_date:string(0,0)&field=contact%3Afacebook:string(0,0)&field=payment%3Acash:string(0,0)&field=addr%3Acountry:string(0,0)&field=entrance:string(0,0)&field=payment%3Adebit_cards:string(0,0)&field=payment%3Acredit_cards:string(0,0)&field=ref%3AFR%3ANAF:string(0,0)&field=payment%3Avisa:string(0,0)&field=payment%3Apaypal:string(0,0)&field=payment%3Amastercard:string(0,0)&field=payment%3Amaestro:string(0,0)&field=payment%3Acheque:string(0,0)&field=payment%3Acb:string(0,0)&field=facebook:string(0,0)&field=contact%3Aemail:string(0,0)&field=contact%3Aphone:string(0,0)&field=operator:string(0,0)&field=description:string(0,0)&field=wheelchair%3Aentrance_width:string(0,0)&field=wheelchair%3Adescription:string(0,0)&field=short_name:string(0,0)&field=social_facility%3Afor:string(0,0)&field=addr%3Acity:string(0,0)&field=opening_hours%3Asigned:string(0,0)&field=official_name:string(0,0)&field=check_date%3Aopening_hours:string(0,0)&field=level:string(0,0)&field=amenity:string(0,0)&field=survey%3Adate:string(0,0)&field=opening_hours:string(0,0)&field=fax:string(0,0)&field=email:string(0,0)&field=contact%3Awebsite:string(0,0)&field=contact%3Apostcode:string(0,0)&field=contact%3Acity:string(0,0)&field=contact%3Astreet:string(0,0)&field=contact%3Ahousenumber:string(0,0)&field=check_date:string(0,0)&field=phone:string(0,0)&field=addr%3Astreet:string(0,0)&field=addr%3Apostcode:string(0,0)&field=addr%3Ahousenumber:string(0,0)&field=wheelchair:string(0,0)&field=website:string(0,0)&field=ref%3AFR%3ASIRET:string(0,0)&field=name:string(0,0)&uid={4518d7bb-bdbd-4c09-8855-e4ec48aa2337}" }, "geometry": { "type": "Point", "coordinates": [ -1.3090384, 46.9781983 ] } },
{ "type": "Feature", "properties": { "full_id": "n3659912507", "osm_id": "3659912507", "osm_type": "node", "shop": "weapons", "check_date": null, "operator": null, "email": null, "disused:shop": null, "wheelchair": null, "contact:website": null, "building:levels": null, "survey:date": null, "addr:street": null, "addr:housenumber": null, "phone": null, "ref:FR:SIREN": null, "contact:housenumber": null, "contact:fax": null, "contact:email": null, "addr:postcode": null, "addr:city": null, "ref:vatin": null, "ref:FR:NAF": null, "opening_hours": null, "contact:street": null, "contact:postcode": null, "contact:phone": null, "contact:facebook": null, "contact:city": null, "ref:FR:SIRET": null, "website": "https://www.deejo.fr", "type": null, "name": "Deejo", "building": null, "contact:instagram": null, "panoramax": null, "min_age": null, "check_date:panoramax": null, "sport": null, "payment:cards": null, "image": null, "clothes": null, "club": null, "second_hand": null, "phone:mobile": null, "harassment_prevention": null, "contact:mobile": null, "source:name:br": null, "name:br": null, "drive_through": null, "delivery": null, "currency:EUR": null, "start_date": null, "payment:cash": null, "addr:country": null, "entrance": null, "payment:debit_cards": null, "payment:credit_cards": null, "payment:visa": null, "payment:paypal": null, "payment:mastercard": null, "payment:maestro": null, "payment:cheque": null, "payment:cb": null, "facebook": null, "description": "coutellerie", "wheelchair:entrance_width": null, "wheelchair:description": null, "short_name": null, "social_facility:for": null, "opening_hours:signed": null, "official_name": null, "check_date:opening_hours": null, "level": null, "amenity": null, "fax": null, "layer": "shop_weapons_France", "path": "Point?crs=EPSG:4326&field=full_id:string(0,0)&field=osm_id:string(0,0)&field=osm_type:string(0,0)&field=shop:string(0,0)&field=contact%3Ainstagram:string(0,0)&field=panoramax:string(0,0)&field=min_age:string(0,0)&field=check_date%3Apanoramax:string(0,0)&field=sport:string(0,0)&field=payment%3Acards:string(0,0)&field=image:string(0,0)&field=clothes:string(0,0)&field=type:string(0,0)&field=club:string(0,0)&field=second_hand:string(0,0)&field=ref%3AFR%3ASIREN:string(0,0)&field=phone%3Amobile:string(0,0)&field=harassment_prevention:string(0,0)&field=contact%3Amobile:string(0,0)&field=source%3Aname%3Abr:string(0,0)&field=name%3Abr:string(0,0)&field=drive_through:string(0,0)&field=delivery:string(0,0)&field=currency%3AEUR:string(0,0)&field=start_date:string(0,0)&field=contact%3Afacebook:string(0,0)&field=payment%3Acash:string(0,0)&field=addr%3Acountry:string(0,0)&field=entrance:string(0,0)&field=payment%3Adebit_cards:string(0,0)&field=payment%3Acredit_cards:string(0,0)&field=ref%3AFR%3ANAF:string(0,0)&field=payment%3Avisa:string(0,0)&field=payment%3Apaypal:string(0,0)&field=payment%3Amastercard:string(0,0)&field=payment%3Amaestro:string(0,0)&field=payment%3Acheque:string(0,0)&field=payment%3Acb:string(0,0)&field=facebook:string(0,0)&field=contact%3Aemail:string(0,0)&field=contact%3Aphone:string(0,0)&field=operator:string(0,0)&field=description:string(0,0)&field=wheelchair%3Aentrance_width:string(0,0)&field=wheelchair%3Adescription:string(0,0)&field=short_name:string(0,0)&field=social_facility%3Afor:string(0,0)&field=addr%3Acity:string(0,0)&field=opening_hours%3Asigned:string(0,0)&field=official_name:string(0,0)&field=check_date%3Aopening_hours:string(0,0)&field=level:string(0,0)&field=amenity:string(0,0)&field=survey%3Adate:string(0,0)&field=opening_hours:string(0,0)&field=fax:string(0,0)&field=email:string(0,0)&field=contact%3Awebsite:string(0,0)&field=contact%3Apostcode:string(0,0)&field=contact%3Acity:string(0,0)&field=contact%3Astreet:string(0,0)&field=contact%3Ahousenumber:string(0,0)&field=check_date:string(0,0)&field=phone:string(0,0)&field=addr%3Astreet:string(0,0)&field=addr%3Apostcode:string(0,0)&field=addr%3Ahousenumber:string(0,0)&field=wheelchair:string(0,0)&field=website:string(0,0)&field=ref%3AFR%3ASIRET:string(0,0)&field=name:string(0,0)&uid={4518d7bb-bdbd-4c09-8855-e4ec48aa2337}" }, "geometry": { "type": "Point", "coordinates": [ 2.3653898, 48.8622853 ] } },
{ "type": "Feature", "properties": { "full_id": "n3679455709", "osm_id": "3679455709", "osm_type": "node", "shop": "weapons", "check_date": null, "operator": null, "email": "contact@armureriedelest.fr", "disused:shop": null, "wheelchair": null, "contact:website": null, "building:levels": null, "survey:date": null, "addr:street": null, "addr:housenumber": null, "phone": null, "ref:FR:SIREN": null, "contact:housenumber": null, "contact:fax": null, "contact:email": null, "addr:postcode": null, "addr:city": null, "ref:vatin": null, "ref:FR:NAF": null, "opening_hours": null, "contact:street": null, "contact:postcode": null, "contact:phone": null, "contact:facebook": null, "contact:city": null, "ref:FR:SIRET": null, "website": "https://www.armureriedelest.fr/", "type": null, "name": "Armurerie de l'Est", "building": null, "contact:instagram": null, "panoramax": null, "min_age": null, "check_date:panoramax": null, "sport": null, "payment:cards": null, "image": null, "clothes": null, "club": null, "second_hand": null, "phone:mobile": null, "harassment_prevention": null, "contact:mobile": null, "source:name:br": null, "name:br": null, "drive_through": null, "delivery": null, "currency:EUR": null, "start_date": null, "payment:cash": null, "addr:country": null, "entrance": null, "payment:debit_cards": null, "payment:credit_cards": null, "payment:visa": null, "payment:paypal": null, "payment:mastercard": null, "payment:maestro": null, "payment:cheque": null, "payment:cb": null, "facebook": null, "description": null, "wheelchair:entrance_width": null, "wheelchair:description": null, "short_name": null, "social_facility:for": null, "opening_hours:signed": null, "official_name": null, "check_date:opening_hours": null, "level": null, "amenity": null, "fax": null, "layer": "shop_weapons_France", "path": "Point?crs=EPSG:4326&field=full_id:string(0,0)&field=osm_id:string(0,0)&field=osm_type:string(0,0)&field=shop:string(0,0)&field=contact%3Ainstagram:string(0,0)&field=panoramax:string(0,0)&field=min_age:string(0,0)&field=check_date%3Apanoramax:string(0,0)&field=sport:string(0,0)&field=payment%3Acards:string(0,0)&field=image:string(0,0)&field=clothes:string(0,0)&field=type:string(0,0)&field=club:string(0,0)&field=second_hand:string(0,0)&field=ref%3AFR%3ASIREN:string(0,0)&field=phone%3Amobile:string(0,0)&field=harassment_prevention:string(0,0)&field=contact%3Amobile:string(0,0)&field=source%3Aname%3Abr:string(0,0)&field=name%3Abr:string(0,0)&field=drive_through:string(0,0)&field=delivery:string(0,0)&field=currency%3AEUR:string(0,0)&field=start_date:string(0,0)&field=contact%3Afacebook:string(0,0)&field=payment%3Acash:string(0,0)&field=addr%3Acountry:string(0,0)&field=entrance:string(0,0)&field=payment%3Adebit_cards:string(0,0)&field=payment%3Acredit_cards:string(0,0)&field=ref%3AFR%3ANAF:string(0,0)&field=payment%3Avisa:string(0,0)&field=payment%3Apaypal:string(0,0)&field=payment%3Amastercard:string(0,0)&field=payment%3Amaestro:string(0,0)&field=payment%3Acheque:string(0,0)&field=payment%3Acb:string(0,0)&field=facebook:string(0,0)&field=contact%3Aemail:string(0,0)&field=contact%3Aphone:string(0,0)&field=operator:string(0,0)&field=description:string(0,0)&field=wheelchair%3Aentrance_width:string(0,0)&field=wheelchair%3Adescription:string(0,0)&field=short_name:string(0,0)&field=social_facility%3Afor:string(0,0)&field=addr%3Acity:string(0,0)&field=opening_hours%3Asigned:string(0,0)&field=official_name:string(0,0)&field=check_date%3Aopening_hours:string(0,0)&field=level:string(0,0)&field=amenity:string(0,0)&field=survey%3Adate:string(0,0)&field=opening_hours:string(0,0)&field=fax:string(0,0)&field=email:string(0,0)&field=contact%3Awebsite:string(0,0)&field=contact%3Apostcode:string(0,0)&field=contact%3Acity:string(0,0)&field=contact%3Astreet:string(0,0)&field=contact%3Ahousenumber:string(0,0)&field=check_date:string(0,0)&field=phone:string(0,0)&field=addr%3Astreet:string(0,0)&field=addr%3Apostcode:string(0,0)&field=addr%3Ahousenumber:string(0,0)&field=wheelchair:string(0,0)&field=website:string(0,0)&field=ref%3AFR%3ASIRET:string(0,0)&field=name:string(0,0)&uid={4518d7bb-bdbd-4c09-8855-e4ec48aa2337}" }, "geometry": { "type": "Point", "coordinates": [ 5.868821, 48.7123755 ] } },
{ "type": "Feature", "properties": { "full_id": "n3820669297", "osm_id": "3820669297", "osm_type": "node", "shop": "weapons", "check_date": null, "operator": null, "email": null, "disused:shop": null, "wheelchair": null, "contact:website": null, "building:levels": null, "survey:date": "2024-12-24", "addr:street": null, "addr:housenumber": null, "phone": "+33 2 40 94 42 93", "ref:FR:SIREN": null, "contact:housenumber": null, "contact:fax": null, "contact:email": null, "addr:postcode": null, "addr:city": null, "ref:vatin": null, "ref:FR:NAF": null, "opening_hours": "Tu-Sa 09:00-12:30,14:00-18:00", "contact:street": null, "contact:postcode": null, "contact:phone": null, "contact:facebook": null, "contact:city": null, "ref:FR:SIRET": null, "website": null, "type": null, "name": "Armurerie de Retz", "building": null, "contact:instagram": null, "panoramax": null, "min_age": null, "check_date:panoramax": null, "sport": null, "payment:cards": null, "image": null, "clothes": null, "club": null, "second_hand": null, "phone:mobile": null, "harassment_prevention": null, "contact:mobile": null, "source:name:br": null, "name:br": null, "drive_through": null, "delivery": null, "currency:EUR": null, "start_date": null, "payment:cash": null, "addr:country": null, "entrance": null, "payment:debit_cards": null, "payment:credit_cards": null, "payment:visa": null, "payment:paypal": null, "payment:mastercard": null, "payment:maestro": null, "payment:cheque": null, "payment:cb": null, "facebook": null, "description": null, "wheelchair:entrance_width": null, "wheelchair:description": null, "short_name": null, "social_facility:for": null, "opening_hours:signed": null, "official_name": null, "check_date:opening_hours": null, "level": null, "amenity": null, "fax": null, "layer": "shop_weapons_France", "path": "Point?crs=EPSG:4326&field=full_id:string(0,0)&field=osm_id:string(0,0)&field=osm_type:string(0,0)&field=shop:string(0,0)&field=contact%3Ainstagram:string(0,0)&field=panoramax:string(0,0)&field=min_age:string(0,0)&field=check_date%3Apanoramax:string(0,0)&field=sport:string(0,0)&field=payment%3Acards:string(0,0)&field=image:string(0,0)&field=clothes:string(0,0)&field=type:string(0,0)&field=club:string(0,0)&field=second_hand:string(0,0)&field=ref%3AFR%3ASIREN:string(0,0)&field=phone%3Amobile:string(0,0)&field=harassment_prevention:string(0,0)&field=contact%3Amobile:string(0,0)&field=source%3Aname%3Abr:string(0,0)&field=name%3Abr:string(0,0)&field=drive_through:string(0,0)&field=delivery:string(0,0)&field=currency%3AEUR:string(0,0)&field=start_date:string(0,0)&field=contact%3Afacebook:string(0,0)&field=payment%3Acash:string(0,0)&field=addr%3Acountry:string(0,0)&field=entrance:string(0,0)&field=payment%3Adebit_cards:string(0,0)&field=payment%3Acredit_cards:string(0,0)&field=ref%3AFR%3ANAF:string(0,0)&field=payment%3Avisa:string(0,0)&field=payment%3Apaypal:string(0,0)&field=payment%3Amastercard:string(0,0)&field=payment%3Amaestro:string(0,0)&field=payment%3Acheque:string(0,0)&field=payment%3Acb:string(0,0)&field=facebook:string(0,0)&field=contact%3Aemail:string(0,0)&field=contact%3Aphone:string(0,0)&field=operator:string(0,0)&field=description:string(0,0)&field=wheelchair%3Aentrance_width:string(0,0)&field=wheelchair%3Adescription:string(0,0)&field=short_name:string(0,0)&field=social_facility%3Afor:string(0,0)&field=addr%3Acity:string(0,0)&field=opening_hours%3Asigned:string(0,0)&field=official_name:string(0,0)&field=check_date%3Aopening_hours:string(0,0)&field=level:string(0,0)&field=amenity:string(0,0)&field=survey%3Adate:string(0,0)&field=opening_hours:string(0,0)&field=fax:string(0,0)&field=email:string(0,0)&field=contact%3Awebsite:string(0,0)&field=contact%3Apostcode:string(0,0)&field=contact%3Acity:string(0,0)&field=contact%3Astreet:string(0,0)&field=contact%3Ahousenumber:string(0,0)&field=check_date:string(0,0)&field=phone:string(0,0)&field=addr%3Astreet:string(0,0)&field=addr%3Apostcode:string(0,0)&field=addr%3Ahousenumber:string(0,0)&field=wheelchair:string(0,0)&field=website:string(0,0)&field=ref%3AFR%3ASIRET:string(0,0)&field=name:string(0,0)&uid={4518d7bb-bdbd-4c09-8855-e4ec48aa2337}" }, "geometry": { "type": "Point", "coordinates": [ -1.8200383, 46.9925606 ] } },
{ "type": "Feature", "properties": { "full_id": "n3927291874", "osm_id": "3927291874", "osm_type": "node", "shop": "weapons", "check_date": null, "operator": null, "email": null, "disused:shop": null, "wheelchair": null, "contact:website": null, "building:levels": null, "survey:date": null, "addr:street": "Quai de l'Ouvèze", "addr:housenumber": null, "phone": "+33 4 90 33 02 65", "ref:FR:SIREN": null, "contact:housenumber": "17", "contact:fax": null, "contact:email": null, "addr:postcode": "84370", "addr:city": "Bédarrides", "ref:vatin": null, "ref:FR:NAF": null, "opening_hours": null, "contact:street": null, "contact:postcode": null, "contact:phone": null, "contact:facebook": null, "contact:city": null, "ref:FR:SIRET": null, "website": null, "type": null, "name": "TCA", "building": null, "contact:instagram": null, "panoramax": null, "min_age": null, "check_date:panoramax": null, "sport": null, "payment:cards": null, "image": null, "clothes": null, "club": null, "second_hand": null, "phone:mobile": null, "harassment_prevention": null, "contact:mobile": null, "source:name:br": null, "name:br": null, "drive_through": null, "delivery": null, "currency:EUR": null, "start_date": null, "payment:cash": null, "addr:country": null, "entrance": null, "payment:debit_cards": null, "payment:credit_cards": null, "payment:visa": null, "payment:paypal": null, "payment:mastercard": null, "payment:maestro": null, "payment:cheque": null, "payment:cb": null, "facebook": null, "description": null, "wheelchair:entrance_width": null, "wheelchair:description": null, "short_name": null, "social_facility:for": null, "opening_hours:signed": null, "official_name": null, "check_date:opening_hours": null, "level": null, "amenity": null, "fax": null, "layer": "shop_weapons_France", "path": "Point?crs=EPSG:4326&field=full_id:string(0,0)&field=osm_id:string(0,0)&field=osm_type:string(0,0)&field=shop:string(0,0)&field=contact%3Ainstagram:string(0,0)&field=panoramax:string(0,0)&field=min_age:string(0,0)&field=check_date%3Apanoramax:string(0,0)&field=sport:string(0,0)&field=payment%3Acards:string(0,0)&field=image:string(0,0)&field=clothes:string(0,0)&field=type:string(0,0)&field=club:string(0,0)&field=second_hand:string(0,0)&field=ref%3AFR%3ASIREN:string(0,0)&field=phone%3Amobile:string(0,0)&field=harassment_prevention:string(0,0)&field=contact%3Amobile:string(0,0)&field=source%3Aname%3Abr:string(0,0)&field=name%3Abr:string(0,0)&field=drive_through:string(0,0)&field=delivery:string(0,0)&field=currency%3AEUR:string(0,0)&field=start_date:string(0,0)&field=contact%3Afacebook:string(0,0)&field=payment%3Acash:string(0,0)&field=addr%3Acountry:string(0,0)&field=entrance:string(0,0)&field=payment%3Adebit_cards:string(0,0)&field=payment%3Acredit_cards:string(0,0)&field=ref%3AFR%3ANAF:string(0,0)&field=payment%3Avisa:string(0,0)&field=payment%3Apaypal:string(0,0)&field=payment%3Amastercard:string(0,0)&field=payment%3Amaestro:string(0,0)&field=payment%3Acheque:string(0,0)&field=payment%3Acb:string(0,0)&field=facebook:string(0,0)&field=contact%3Aemail:string(0,0)&field=contact%3Aphone:string(0,0)&field=operator:string(0,0)&field=description:string(0,0)&field=wheelchair%3Aentrance_width:string(0,0)&field=wheelchair%3Adescription:string(0,0)&field=short_name:string(0,0)&field=social_facility%3Afor:string(0,0)&field=addr%3Acity:string(0,0)&field=opening_hours%3Asigned:string(0,0)&field=official_name:string(0,0)&field=check_date%3Aopening_hours:string(0,0)&field=level:string(0,0)&field=amenity:string(0,0)&field=survey%3Adate:string(0,0)&field=opening_hours:string(0,0)&field=fax:string(0,0)&field=email:string(0,0)&field=contact%3Awebsite:string(0,0)&field=contact%3Apostcode:string(0,0)&field=contact%3Acity:string(0,0)&field=contact%3Astreet:string(0,0)&field=contact%3Ahousenumber:string(0,0)&field=check_date:string(0,0)&field=phone:string(0,0)&field=addr%3Astreet:string(0,0)&field=addr%3Apostcode:string(0,0)&field=addr%3Ahousenumber:string(0,0)&field=wheelchair:string(0,0)&field=website:string(0,0)&field=ref%3AFR%3ASIRET:string(0,0)&field=name:string(0,0)&uid={4518d7bb-bdbd-4c09-8855-e4ec48aa2337}" }, "geometry": { "type": "Point", "coordinates": [ 4.8983602, 44.0392723 ] } },
{ "type": "Feature", "properties": { "full_id": "n3985131787", "osm_id": "3985131787", "osm_type": "node", "shop": "weapons", "check_date": null, "operator": null, "email": null, "disused:shop": null, "wheelchair": null, "contact:website": null, "building:levels": null, "survey:date": null, "addr:street": null, "addr:housenumber": null, "phone": null, "ref:FR:SIREN": null, "contact:housenumber": null, "contact:fax": null, "contact:email": null, "addr:postcode": null, "addr:city": null, "ref:vatin": null, "ref:FR:NAF": null, "opening_hours": "Tu-Sa 10:00-19:00", "contact:street": null, "contact:postcode": null, "contact:phone": null, "contact:facebook": null, "contact:city": null, "ref:FR:SIRET": null, "website": null, "type": null, "name": "Vouzelaud", "building": null, "contact:instagram": null, "panoramax": null, "min_age": null, "check_date:panoramax": null, "sport": null, "payment:cards": null, "image": null, "clothes": null, "club": null, "second_hand": null, "phone:mobile": null, "harassment_prevention": null, "contact:mobile": null, "source:name:br": null, "name:br": null, "drive_through": null, "delivery": null, "currency:EUR": null, "start_date": null, "payment:cash": null, "addr:country": null, "entrance": null, "payment:debit_cards": null, "payment:credit_cards": null, "payment:visa": null, "payment:paypal": null, "payment:mastercard": null, "payment:maestro": null, "payment:cheque": null, "payment:cb": null, "facebook": null, "description": null, "wheelchair:entrance_width": null, "wheelchair:description": null, "short_name": null, "social_facility:for": null, "opening_hours:signed": null, "official_name": null, "check_date:opening_hours": null, "level": null, "amenity": null, "fax": null, "layer": "shop_weapons_France", "path": "Point?crs=EPSG:4326&field=full_id:string(0,0)&field=osm_id:string(0,0)&field=osm_type:string(0,0)&field=shop:string(0,0)&field=contact%3Ainstagram:string(0,0)&field=panoramax:string(0,0)&field=min_age:string(0,0)&field=check_date%3Apanoramax:string(0,0)&field=sport:string(0,0)&field=payment%3Acards:string(0,0)&field=image:string(0,0)&field=clothes:string(0,0)&field=type:string(0,0)&field=club:string(0,0)&field=second_hand:string(0,0)&field=ref%3AFR%3ASIREN:string(0,0)&field=phone%3Amobile:string(0,0)&field=harassment_prevention:string(0,0)&field=contact%3Amobile:string(0,0)&field=source%3Aname%3Abr:string(0,0)&field=name%3Abr:string(0,0)&field=drive_through:string(0,0)&field=delivery:string(0,0)&field=currency%3AEUR:string(0,0)&field=start_date:string(0,0)&field=contact%3Afacebook:string(0,0)&field=payment%3Acash:string(0,0)&field=addr%3Acountry:string(0,0)&field=entrance:string(0,0)&field=payment%3Adebit_cards:string(0,0)&field=payment%3Acredit_cards:string(0,0)&field=ref%3AFR%3ANAF:string(0,0)&field=payment%3Avisa:string(0,0)&field=payment%3Apaypal:string(0,0)&field=payment%3Amastercard:string(0,0)&field=payment%3Amaestro:string(0,0)&field=payment%3Acheque:string(0,0)&field=payment%3Acb:string(0,0)&field=facebook:string(0,0)&field=contact%3Aemail:string(0,0)&field=contact%3Aphone:string(0,0)&field=operator:string(0,0)&field=description:string(0,0)&field=wheelchair%3Aentrance_width:string(0,0)&field=wheelchair%3Adescription:string(0,0)&field=short_name:string(0,0)&field=social_facility%3Afor:string(0,0)&field=addr%3Acity:string(0,0)&field=opening_hours%3Asigned:string(0,0)&field=official_name:string(0,0)&field=check_date%3Aopening_hours:string(0,0)&field=level:string(0,0)&field=amenity:string(0,0)&field=survey%3Adate:string(0,0)&field=opening_hours:string(0,0)&field=fax:string(0,0)&field=email:string(0,0)&field=contact%3Awebsite:string(0,0)&field=contact%3Apostcode:string(0,0)&field=contact%3Acity:string(0,0)&field=contact%3Astreet:string(0,0)&field=contact%3Ahousenumber:string(0,0)&field=check_date:string(0,0)&field=phone:string(0,0)&field=addr%3Astreet:string(0,0)&field=addr%3Apostcode:string(0,0)&field=addr%3Ahousenumber:string(0,0)&field=wheelchair:string(0,0)&field=website:string(0,0)&field=ref%3AFR%3ASIRET:string(0,0)&field=name:string(0,0)&uid={4518d7bb-bdbd-4c09-8855-e4ec48aa2337}" }, "geometry": { "type": "Point", "coordinates": [ 2.3027964, 48.8761553 ] } },
{ "type": "Feature", "properties": { "full_id": "n4361206083", "osm_id": "4361206083", "osm_type": "node", "shop": "weapons", "check_date": null, "operator": "Magasin de Lavenère", "email": null, "disused:shop": null, "wheelchair": "yes", "contact:website": null, "building:levels": null, "survey:date": null, "addr:street": "Rue des Pyrénées", "addr:housenumber": "21", "phone": "+33 5 62693178", "ref:FR:SIREN": null, "contact:housenumber": null, "contact:fax": null, "contact:email": null, "addr:postcode": "32160", "addr:city": "Plaisance", "ref:vatin": null, "ref:FR:NAF": null, "opening_hours": null, "contact:street": null, "contact:postcode": null, "contact:phone": null, "contact:facebook": null, "contact:city": null, "ref:FR:SIRET": null, "website": "https://www.peche-chasse-plaisance.fr/", "type": null, "name": "De Lavenère Pêche et Chasse", "building": null, "contact:instagram": null, "panoramax": null, "min_age": null, "check_date:panoramax": null, "sport": null, "payment:cards": null, "image": null, "clothes": null, "club": null, "second_hand": null, "phone:mobile": null, "harassment_prevention": null, "contact:mobile": null, "source:name:br": null, "name:br": null, "drive_through": null, "delivery": null, "currency:EUR": null, "start_date": null, "payment:cash": null, "addr:country": null, "entrance": null, "payment:debit_cards": null, "payment:credit_cards": null, "payment:visa": null, "payment:paypal": null, "payment:mastercard": null, "payment:maestro": null, "payment:cheque": null, "payment:cb": null, "facebook": null, "description": null, "wheelchair:entrance_width": null, "wheelchair:description": null, "short_name": null, "social_facility:for": null, "opening_hours:signed": null, "official_name": null, "check_date:opening_hours": null, "level": null, "amenity": null, "fax": null, "layer": "shop_weapons_France", "path": "Point?crs=EPSG:4326&field=full_id:string(0,0)&field=osm_id:string(0,0)&field=osm_type:string(0,0)&field=shop:string(0,0)&field=contact%3Ainstagram:string(0,0)&field=panoramax:string(0,0)&field=min_age:string(0,0)&field=check_date%3Apanoramax:string(0,0)&field=sport:string(0,0)&field=payment%3Acards:string(0,0)&field=image:string(0,0)&field=clothes:string(0,0)&field=type:string(0,0)&field=club:string(0,0)&field=second_hand:string(0,0)&field=ref%3AFR%3ASIREN:string(0,0)&field=phone%3Amobile:string(0,0)&field=harassment_prevention:string(0,0)&field=contact%3Amobile:string(0,0)&field=source%3Aname%3Abr:string(0,0)&field=name%3Abr:string(0,0)&field=drive_through:string(0,0)&field=delivery:string(0,0)&field=currency%3AEUR:string(0,0)&field=start_date:string(0,0)&field=contact%3Afacebook:string(0,0)&field=payment%3Acash:string(0,0)&field=addr%3Acountry:string(0,0)&field=entrance:string(0,0)&field=payment%3Adebit_cards:string(0,0)&field=payment%3Acredit_cards:string(0,0)&field=ref%3AFR%3ANAF:string(0,0)&field=payment%3Avisa:string(0,0)&field=payment%3Apaypal:string(0,0)&field=payment%3Amastercard:string(0,0)&field=payment%3Amaestro:string(0,0)&field=payment%3Acheque:string(0,0)&field=payment%3Acb:string(0,0)&field=facebook:string(0,0)&field=contact%3Aemail:string(0,0)&field=contact%3Aphone:string(0,0)&field=operator:string(0,0)&field=description:string(0,0)&field=wheelchair%3Aentrance_width:string(0,0)&field=wheelchair%3Adescription:string(0,0)&field=short_name:string(0,0)&field=social_facility%3Afor:string(0,0)&field=addr%3Acity:string(0,0)&field=opening_hours%3Asigned:string(0,0)&field=official_name:string(0,0)&field=check_date%3Aopening_hours:string(0,0)&field=level:string(0,0)&field=amenity:string(0,0)&field=survey%3Adate:string(0,0)&field=opening_hours:string(0,0)&field=fax:string(0,0)&field=email:string(0,0)&field=contact%3Awebsite:string(0,0)&field=contact%3Apostcode:string(0,0)&field=contact%3Acity:string(0,0)&field=contact%3Astreet:string(0,0)&field=contact%3Ahousenumber:string(0,0)&field=check_date:string(0,0)&field=phone:string(0,0)&field=addr%3Astreet:string(0,0)&field=addr%3Apostcode:string(0,0)&field=addr%3Ahousenumber:string(0,0)&field=wheelchair:string(0,0)&field=website:string(0,0)&field=ref%3AFR%3ASIRET:string(0,0)&field=name:string(0,0)&uid={4518d7bb-bdbd-4c09-8855-e4ec48aa2337}" }, "geometry": { "type": "Point", "coordinates": [ 0.0484615, 43.605243 ] } },
{ "type": "Feature", "properties": { "full_id": "n4405084753", "osm_id": "4405084753", "osm_type": "node", "shop": "weapons", "check_date": null, "operator": null, "email": null, "disused:shop": null, "wheelchair": null, "contact:website": "https://www.henry-huret.com/", "building:levels": null, "survey:date": null, "addr:street": null, "addr:housenumber": null, "phone": null, "ref:FR:SIREN": null, "contact:housenumber": "49", "contact:fax": null, "contact:email": null, "addr:postcode": null, "addr:city": null, "ref:vatin": null, "ref:FR:NAF": null, "opening_hours": "Tu-Sa 10:00-13:00,14:00-18:30", "contact:street": "Rue Pierre Mauroy", "contact:postcode": "59000", "contact:phone": "+33 3 20 06 09 50", "contact:facebook": null, "contact:city": "Lille", "ref:FR:SIRET": null, "website": null, "type": null, "name": "Henry Huret", "building": null, "contact:instagram": null, "panoramax": null, "min_age": null, "check_date:panoramax": null, "sport": null, "payment:cards": null, "image": null, "clothes": null, "club": null, "second_hand": null, "phone:mobile": null, "harassment_prevention": null, "contact:mobile": null, "source:name:br": null, "name:br": null, "drive_through": null, "delivery": null, "currency:EUR": null, "start_date": null, "payment:cash": null, "addr:country": null, "entrance": null, "payment:debit_cards": null, "payment:credit_cards": null, "payment:visa": null, "payment:paypal": null, "payment:mastercard": null, "payment:maestro": null, "payment:cheque": null, "payment:cb": null, "facebook": null, "description": null, "wheelchair:entrance_width": null, "wheelchair:description": null, "short_name": null, "social_facility:for": null, "opening_hours:signed": null, "official_name": null, "check_date:opening_hours": null, "level": null, "amenity": null, "fax": null, "layer": "shop_weapons_France", "path": "Point?crs=EPSG:4326&field=full_id:string(0,0)&field=osm_id:string(0,0)&field=osm_type:string(0,0)&field=shop:string(0,0)&field=contact%3Ainstagram:string(0,0)&field=panoramax:string(0,0)&field=min_age:string(0,0)&field=check_date%3Apanoramax:string(0,0)&field=sport:string(0,0)&field=payment%3Acards:string(0,0)&field=image:string(0,0)&field=clothes:string(0,0)&field=type:string(0,0)&field=club:string(0,0)&field=second_hand:string(0,0)&field=ref%3AFR%3ASIREN:string(0,0)&field=phone%3Amobile:string(0,0)&field=harassment_prevention:string(0,0)&field=contact%3Amobile:string(0,0)&field=source%3Aname%3Abr:string(0,0)&field=name%3Abr:string(0,0)&field=drive_through:string(0,0)&field=delivery:string(0,0)&field=currency%3AEUR:string(0,0)&field=start_date:string(0,0)&field=contact%3Afacebook:string(0,0)&field=payment%3Acash:string(0,0)&field=addr%3Acountry:string(0,0)&field=entrance:string(0,0)&field=payment%3Adebit_cards:string(0,0)&field=payment%3Acredit_cards:string(0,0)&field=ref%3AFR%3ANAF:string(0,0)&field=payment%3Avisa:string(0,0)&field=payment%3Apaypal:string(0,0)&field=payment%3Amastercard:string(0,0)&field=payment%3Amaestro:string(0,0)&field=payment%3Acheque:string(0,0)&field=payment%3Acb:string(0,0)&field=facebook:string(0,0)&field=contact%3Aemail:string(0,0)&field=contact%3Aphone:string(0,0)&field=operator:string(0,0)&field=description:string(0,0)&field=wheelchair%3Aentrance_width:string(0,0)&field=wheelchair%3Adescription:string(0,0)&field=short_name:string(0,0)&field=social_facility%3Afor:string(0,0)&field=addr%3Acity:string(0,0)&field=opening_hours%3Asigned:string(0,0)&field=official_name:string(0,0)&field=check_date%3Aopening_hours:string(0,0)&field=level:string(0,0)&field=amenity:string(0,0)&field=survey%3Adate:string(0,0)&field=opening_hours:string(0,0)&field=fax:string(0,0)&field=email:string(0,0)&field=contact%3Awebsite:string(0,0)&field=contact%3Apostcode:string(0,0)&field=contact%3Acity:string(0,0)&field=contact%3Astreet:string(0,0)&field=contact%3Ahousenumber:string(0,0)&field=check_date:string(0,0)&field=phone:string(0,0)&field=addr%3Astreet:string(0,0)&field=addr%3Apostcode:string(0,0)&field=addr%3Ahousenumber:string(0,0)&field=wheelchair:string(0,0)&field=website:string(0,0)&field=ref%3AFR%3ASIRET:string(0,0)&field=name:string(0,0)&uid={4518d7bb-bdbd-4c09-8855-e4ec48aa2337}" }, "geometry": { "type": "Point", "coordinates": [ 3.0673052, 50.6353716 ] } },
{ "type": "Feature", "properties": { "full_id": "n4485472186", "osm_id": "4485472186", "osm_type": "node", "shop": "weapons", "check_date": null, "operator": null, "email": "contact@armureriebarreau.fr", "disused:shop": null, "wheelchair": null, "contact:website": null, "building:levels": null, "survey:date": null, "addr:street": "Rue de la Borderie", "addr:housenumber": "1", "phone": "+33 6 83 05 74 86", "ref:FR:SIREN": null, "contact:housenumber": null, "contact:fax": null, "contact:email": null, "addr:postcode": "35500", "addr:city": "Vitré", "ref:vatin": null, "ref:FR:NAF": null, "opening_hours": null, "contact:street": null, "contact:postcode": null, "contact:phone": null, "contact:facebook": null, "contact:city": null, "ref:FR:SIRET": null, "website": null, "type": null, "name": "Armurerie Barreau", "building": null, "contact:instagram": null, "panoramax": null, "min_age": null, "check_date:panoramax": null, "sport": null, "payment:cards": null, "image": null, "clothes": null, "club": null, "second_hand": null, "phone:mobile": null, "harassment_prevention": null, "contact:mobile": null, "source:name:br": null, "name:br": null, "drive_through": null, "delivery": null, "currency:EUR": null, "start_date": null, "payment:cash": null, "addr:country": null, "entrance": null, "payment:debit_cards": null, "payment:credit_cards": null, "payment:visa": null, "payment:paypal": null, "payment:mastercard": null, "payment:maestro": null, "payment:cheque": null, "payment:cb": null, "facebook": null, "description": null, "wheelchair:entrance_width": null, "wheelchair:description": null, "short_name": null, "social_facility:for": null, "opening_hours:signed": null, "official_name": null, "check_date:opening_hours": null, "level": null, "amenity": null, "fax": null, "layer": "shop_weapons_France", "path": "Point?crs=EPSG:4326&field=full_id:string(0,0)&field=osm_id:string(0,0)&field=osm_type:string(0,0)&field=shop:string(0,0)&field=contact%3Ainstagram:string(0,0)&field=panoramax:string(0,0)&field=min_age:string(0,0)&field=check_date%3Apanoramax:string(0,0)&field=sport:string(0,0)&field=payment%3Acards:string(0,0)&field=image:string(0,0)&field=clothes:string(0,0)&field=type:string(0,0)&field=club:string(0,0)&field=second_hand:string(0,0)&field=ref%3AFR%3ASIREN:string(0,0)&field=phone%3Amobile:string(0,0)&field=harassment_prevention:string(0,0)&field=contact%3Amobile:string(0,0)&field=source%3Aname%3Abr:string(0,0)&field=name%3Abr:string(0,0)&field=drive_through:string(0,0)&field=delivery:string(0,0)&field=currency%3AEUR:string(0,0)&field=start_date:string(0,0)&field=contact%3Afacebook:string(0,0)&field=payment%3Acash:string(0,0)&field=addr%3Acountry:string(0,0)&field=entrance:string(0,0)&field=payment%3Adebit_cards:string(0,0)&field=payment%3Acredit_cards:string(0,0)&field=ref%3AFR%3ANAF:string(0,0)&field=payment%3Avisa:string(0,0)&field=payment%3Apaypal:string(0,0)&field=payment%3Amastercard:string(0,0)&field=payment%3Amaestro:string(0,0)&field=payment%3Acheque:string(0,0)&field=payment%3Acb:string(0,0)&field=facebook:string(0,0)&field=contact%3Aemail:string(0,0)&field=contact%3Aphone:string(0,0)&field=operator:string(0,0)&field=description:string(0,0)&field=wheelchair%3Aentrance_width:string(0,0)&field=wheelchair%3Adescription:string(0,0)&field=short_name:string(0,0)&field=social_facility%3Afor:string(0,0)&field=addr%3Acity:string(0,0)&field=opening_hours%3Asigned:string(0,0)&field=official_name:string(0,0)&field=check_date%3Aopening_hours:string(0,0)&field=level:string(0,0)&field=amenity:string(0,0)&field=survey%3Adate:string(0,0)&field=opening_hours:string(0,0)&field=fax:string(0,0)&field=email:string(0,0)&field=contact%3Awebsite:string(0,0)&field=contact%3Apostcode:string(0,0)&field=contact%3Acity:string(0,0)&field=contact%3Astreet:string(0,0)&field=contact%3Ahousenumber:string(0,0)&field=check_date:string(0,0)&field=phone:string(0,0)&field=addr%3Astreet:string(0,0)&field=addr%3Apostcode:string(0,0)&field=addr%3Ahousenumber:string(0,0)&field=wheelchair:string(0,0)&field=website:string(0,0)&field=ref%3AFR%3ASIRET:string(0,0)&field=name:string(0,0)&uid={4518d7bb-bdbd-4c09-8855-e4ec48aa2337}" }, "geometry": { "type": "Point", "coordinates": [ -1.2094988, 48.1240322 ] } },
{ "type": "Feature", "properties": { "full_id": "n4715777163", "osm_id": "4715777163", "osm_type": "node", "shop": "weapons", "check_date": null, "operator": null, "email": null, "disused:shop": null, "wheelchair": null, "contact:website": null, "building:levels": null, "survey:date": null, "addr:street": "Clos du Château", "addr:housenumber": "91", "phone": null, "ref:FR:SIREN": null, "contact:housenumber": null, "contact:fax": null, "contact:email": null, "addr:postcode": null, "addr:city": null, "ref:vatin": null, "ref:FR:NAF": null, "opening_hours": null, "contact:street": null, "contact:postcode": null, "contact:phone": null, "contact:facebook": null, "contact:city": null, "ref:FR:SIRET": null, "website": null, "type": null, "name": "Armurerie de l'Arve", "building": null, "contact:instagram": null, "panoramax": null, "min_age": null, "check_date:panoramax": null, "sport": null, "payment:cards": null, "image": null, "clothes": null, "club": null, "second_hand": null, "phone:mobile": null, "harassment_prevention": null, "contact:mobile": null, "source:name:br": null, "name:br": null, "drive_through": null, "delivery": null, "currency:EUR": null, "start_date": null, "payment:cash": null, "addr:country": null, "entrance": null, "payment:debit_cards": null, "payment:credit_cards": null, "payment:visa": null, "payment:paypal": null, "payment:mastercard": null, "payment:maestro": null, "payment:cheque": null, "payment:cb": null, "facebook": null, "description": null, "wheelchair:entrance_width": null, "wheelchair:description": null, "short_name": null, "social_facility:for": null, "opening_hours:signed": null, "official_name": null, "check_date:opening_hours": null, "level": null, "amenity": null, "fax": null, "layer": "shop_weapons_France", "path": "Point?crs=EPSG:4326&field=full_id:string(0,0)&field=osm_id:string(0,0)&field=osm_type:string(0,0)&field=shop:string(0,0)&field=contact%3Ainstagram:string(0,0)&field=panoramax:string(0,0)&field=min_age:string(0,0)&field=check_date%3Apanoramax:string(0,0)&field=sport:string(0,0)&field=payment%3Acards:string(0,0)&field=image:string(0,0)&field=clothes:string(0,0)&field=type:string(0,0)&field=club:string(0,0)&field=second_hand:string(0,0)&field=ref%3AFR%3ASIREN:string(0,0)&field=phone%3Amobile:string(0,0)&field=harassment_prevention:string(0,0)&field=contact%3Amobile:string(0,0)&field=source%3Aname%3Abr:string(0,0)&field=name%3Abr:string(0,0)&field=drive_through:string(0,0)&field=delivery:string(0,0)&field=currency%3AEUR:string(0,0)&field=start_date:string(0,0)&field=contact%3Afacebook:string(0,0)&field=payment%3Acash:string(0,0)&field=addr%3Acountry:string(0,0)&field=entrance:string(0,0)&field=payment%3Adebit_cards:string(0,0)&field=payment%3Acredit_cards:string(0,0)&field=ref%3AFR%3ANAF:string(0,0)&field=payment%3Avisa:string(0,0)&field=payment%3Apaypal:string(0,0)&field=payment%3Amastercard:string(0,0)&field=payment%3Amaestro:string(0,0)&field=payment%3Acheque:string(0,0)&field=payment%3Acb:string(0,0)&field=facebook:string(0,0)&field=contact%3Aemail:string(0,0)&field=contact%3Aphone:string(0,0)&field=operator:string(0,0)&field=description:string(0,0)&field=wheelchair%3Aentrance_width:string(0,0)&field=wheelchair%3Adescription:string(0,0)&field=short_name:string(0,0)&field=social_facility%3Afor:string(0,0)&field=addr%3Acity:string(0,0)&field=opening_hours%3Asigned:string(0,0)&field=official_name:string(0,0)&field=check_date%3Aopening_hours:string(0,0)&field=level:string(0,0)&field=amenity:string(0,0)&field=survey%3Adate:string(0,0)&field=opening_hours:string(0,0)&field=fax:string(0,0)&field=email:string(0,0)&field=contact%3Awebsite:string(0,0)&field=contact%3Apostcode:string(0,0)&field=contact%3Acity:string(0,0)&field=contact%3Astreet:string(0,0)&field=contact%3Ahousenumber:string(0,0)&field=check_date:string(0,0)&field=phone:string(0,0)&field=addr%3Astreet:string(0,0)&field=addr%3Apostcode:string(0,0)&field=addr%3Ahousenumber:string(0,0)&field=wheelchair:string(0,0)&field=website:string(0,0)&field=ref%3AFR%3ASIRET:string(0,0)&field=name:string(0,0)&uid={4518d7bb-bdbd-4c09-8855-e4ec48aa2337}" }, "geometry": { "type": "Point", "coordinates": [ 6.5545462, 46.0606258 ] } },
{ "type": "Feature", "properties": { "full_id": "n4717291458", "osm_id": "4717291458", "osm_type": "node", "shop": "weapons", "check_date": null, "operator": null, "email": null, "disused:shop": null, "wheelchair": "no", "contact:website": null, "building:levels": null, "survey:date": null, "addr:street": null, "addr:housenumber": null, "phone": null, "ref:FR:SIREN": null, "contact:housenumber": null, "contact:fax": null, "contact:email": null, "addr:postcode": null, "addr:city": null, "ref:vatin": null, "ref:FR:NAF": null, "opening_hours": null, "contact:street": null, "contact:postcode": null, "contact:phone": null, "contact:facebook": null, "contact:city": null, "ref:FR:SIRET": null, "website": null, "type": null, "name": "Armes Marcel Perse", "building": null, "contact:instagram": null, "panoramax": null, "min_age": null, "check_date:panoramax": null, "sport": null, "payment:cards": null, "image": null, "clothes": null, "club": null, "second_hand": null, "phone:mobile": null, "harassment_prevention": null, "contact:mobile": null, "source:name:br": null, "name:br": null, "drive_through": null, "delivery": null, "currency:EUR": null, "start_date": null, "payment:cash": null, "addr:country": null, "entrance": null, "payment:debit_cards": null, "payment:credit_cards": null, "payment:visa": null, "payment:paypal": null, "payment:mastercard": null, "payment:maestro": null, "payment:cheque": null, "payment:cb": null, "facebook": null, "description": null, "wheelchair:entrance_width": null, "wheelchair:description": null, "short_name": null, "social_facility:for": null, "opening_hours:signed": null, "official_name": null, "check_date:opening_hours": null, "level": null, "amenity": null, "fax": null, "layer": "shop_weapons_France", "path": "Point?crs=EPSG:4326&field=full_id:string(0,0)&field=osm_id:string(0,0)&field=osm_type:string(0,0)&field=shop:string(0,0)&field=contact%3Ainstagram:string(0,0)&field=panoramax:string(0,0)&field=min_age:string(0,0)&field=check_date%3Apanoramax:string(0,0)&field=sport:string(0,0)&field=payment%3Acards:string(0,0)&field=image:string(0,0)&field=clothes:string(0,0)&field=type:string(0,0)&field=club:string(0,0)&field=second_hand:string(0,0)&field=ref%3AFR%3ASIREN:string(0,0)&field=phone%3Amobile:string(0,0)&field=harassment_prevention:string(0,0)&field=contact%3Amobile:string(0,0)&field=source%3Aname%3Abr:string(0,0)&field=name%3Abr:string(0,0)&field=drive_through:string(0,0)&field=delivery:string(0,0)&field=currency%3AEUR:string(0,0)&field=start_date:string(0,0)&field=contact%3Afacebook:string(0,0)&field=payment%3Acash:string(0,0)&field=addr%3Acountry:string(0,0)&field=entrance:string(0,0)&field=payment%3Adebit_cards:string(0,0)&field=payment%3Acredit_cards:string(0,0)&field=ref%3AFR%3ANAF:string(0,0)&field=payment%3Avisa:string(0,0)&field=payment%3Apaypal:string(0,0)&field=payment%3Amastercard:string(0,0)&field=payment%3Amaestro:string(0,0)&field=payment%3Acheque:string(0,0)&field=payment%3Acb:string(0,0)&field=facebook:string(0,0)&field=contact%3Aemail:string(0,0)&field=contact%3Aphone:string(0,0)&field=operator:string(0,0)&field=description:string(0,0)&field=wheelchair%3Aentrance_width:string(0,0)&field=wheelchair%3Adescription:string(0,0)&field=short_name:string(0,0)&field=social_facility%3Afor:string(0,0)&field=addr%3Acity:string(0,0)&field=opening_hours%3Asigned:string(0,0)&field=official_name:string(0,0)&field=check_date%3Aopening_hours:string(0,0)&field=level:string(0,0)&field=amenity:string(0,0)&field=survey%3Adate:string(0,0)&field=opening_hours:string(0,0)&field=fax:string(0,0)&field=email:string(0,0)&field=contact%3Awebsite:string(0,0)&field=contact%3Apostcode:string(0,0)&field=contact%3Acity:string(0,0)&field=contact%3Astreet:string(0,0)&field=contact%3Ahousenumber:string(0,0)&field=check_date:string(0,0)&field=phone:string(0,0)&field=addr%3Astreet:string(0,0)&field=addr%3Apostcode:string(0,0)&field=addr%3Ahousenumber:string(0,0)&field=wheelchair:string(0,0)&field=website:string(0,0)&field=ref%3AFR%3ASIRET:string(0,0)&field=name:string(0,0)&uid={4518d7bb-bdbd-4c09-8855-e4ec48aa2337}" }, "geometry": { "type": "Point", "coordinates": [ 7.2717092, 43.6963487 ] } },
{ "type": "Feature", "properties": { "full_id": "n4725599678", "osm_id": "4725599678", "osm_type": "node", "shop": "weapons", "check_date": null, "operator": null, "email": null, "disused:shop": null, "wheelchair": null, "contact:website": null, "building:levels": null, "survey:date": "2022-11-23", "addr:street": null, "addr:housenumber": null, "phone": null, "ref:FR:SIREN": null, "contact:housenumber": null, "contact:fax": null, "contact:email": null, "addr:postcode": null, "addr:city": null, "ref:vatin": null, "ref:FR:NAF": null, "opening_hours": null, "contact:street": null, "contact:postcode": null, "contact:phone": null, "contact:facebook": null, "contact:city": null, "ref:FR:SIRET": "31051878200019", "website": null, "type": null, "name": "Perez Sports", "building": null, "contact:instagram": null, "panoramax": null, "min_age": null, "check_date:panoramax": null, "sport": null, "payment:cards": null, "image": null, "clothes": null, "club": null, "second_hand": null, "phone:mobile": null, "harassment_prevention": null, "contact:mobile": null, "source:name:br": null, "name:br": null, "drive_through": null, "delivery": null, "currency:EUR": null, "start_date": null, "payment:cash": null, "addr:country": null, "entrance": null, "payment:debit_cards": null, "payment:credit_cards": null, "payment:visa": null, "payment:paypal": null, "payment:mastercard": null, "payment:maestro": null, "payment:cheque": null, "payment:cb": null, "facebook": null, "description": null, "wheelchair:entrance_width": null, "wheelchair:description": null, "short_name": null, "social_facility:for": null, "opening_hours:signed": null, "official_name": null, "check_date:opening_hours": null, "level": null, "amenity": null, "fax": null, "layer": "shop_weapons_France", "path": "Point?crs=EPSG:4326&field=full_id:string(0,0)&field=osm_id:string(0,0)&field=osm_type:string(0,0)&field=shop:string(0,0)&field=contact%3Ainstagram:string(0,0)&field=panoramax:string(0,0)&field=min_age:string(0,0)&field=check_date%3Apanoramax:string(0,0)&field=sport:string(0,0)&field=payment%3Acards:string(0,0)&field=image:string(0,0)&field=clothes:string(0,0)&field=type:string(0,0)&field=club:string(0,0)&field=second_hand:string(0,0)&field=ref%3AFR%3ASIREN:string(0,0)&field=phone%3Amobile:string(0,0)&field=harassment_prevention:string(0,0)&field=contact%3Amobile:string(0,0)&field=source%3Aname%3Abr:string(0,0)&field=name%3Abr:string(0,0)&field=drive_through:string(0,0)&field=delivery:string(0,0)&field=currency%3AEUR:string(0,0)&field=start_date:string(0,0)&field=contact%3Afacebook:string(0,0)&field=payment%3Acash:string(0,0)&field=addr%3Acountry:string(0,0)&field=entrance:string(0,0)&field=payment%3Adebit_cards:string(0,0)&field=payment%3Acredit_cards:string(0,0)&field=ref%3AFR%3ANAF:string(0,0)&field=payment%3Avisa:string(0,0)&field=payment%3Apaypal:string(0,0)&field=payment%3Amastercard:string(0,0)&field=payment%3Amaestro:string(0,0)&field=payment%3Acheque:string(0,0)&field=payment%3Acb:string(0,0)&field=facebook:string(0,0)&field=contact%3Aemail:string(0,0)&field=contact%3Aphone:string(0,0)&field=operator:string(0,0)&field=description:string(0,0)&field=wheelchair%3Aentrance_width:string(0,0)&field=wheelchair%3Adescription:string(0,0)&field=short_name:string(0,0)&field=social_facility%3Afor:string(0,0)&field=addr%3Acity:string(0,0)&field=opening_hours%3Asigned:string(0,0)&field=official_name:string(0,0)&field=check_date%3Aopening_hours:string(0,0)&field=level:string(0,0)&field=amenity:string(0,0)&field=survey%3Adate:string(0,0)&field=opening_hours:string(0,0)&field=fax:string(0,0)&field=email:string(0,0)&field=contact%3Awebsite:string(0,0)&field=contact%3Apostcode:string(0,0)&field=contact%3Acity:string(0,0)&field=contact%3Astreet:string(0,0)&field=contact%3Ahousenumber:string(0,0)&field=check_date:string(0,0)&field=phone:string(0,0)&field=addr%3Astreet:string(0,0)&field=addr%3Apostcode:string(0,0)&field=addr%3Ahousenumber:string(0,0)&field=wheelchair:string(0,0)&field=website:string(0,0)&field=ref%3AFR%3ASIRET:string(0,0)&field=name:string(0,0)&uid={4518d7bb-bdbd-4c09-8855-e4ec48aa2337}" }, "geometry": { "type": "Point", "coordinates": [ 3.8766097, 43.6055838 ] } },
{ "type": "Feature", "properties": { "full_id": "n4826774939", "osm_id": "4826774939", "osm_type": "node", "shop": "weapons", "check_date": "2025-07-29", "operator": null, "email": null, "disused:shop": null, "wheelchair": "no", "contact:website": "https://armurerie-age.com/", "building:levels": null, "survey:date": null, "addr:street": null, "addr:housenumber": null, "phone": null, "ref:FR:SIREN": null, "contact:housenumber": "144", "contact:fax": null, "contact:email": "armureriegareest@orange.fr", "addr:postcode": null, "addr:city": null, "ref:vatin": null, "ref:FR:NAF": null, "opening_hours": "Mo-Sa 09:00-12:30,14:00-19:00", "contact:street": "Rue du Faubourg Saint-Martin", "contact:postcode": "75010", "contact:phone": null, "contact:facebook": null, "contact:city": "Paris", "ref:FR:SIRET": "32843126700025", "website": null, "type": null, "name": "Armurerie de la Gare de l'Est", "building": null, "contact:instagram": null, "panoramax": null, "min_age": null, "check_date:panoramax": null, "sport": null, "payment:cards": null, "image": null, "clothes": null, "club": null, "second_hand": null, "phone:mobile": null, "harassment_prevention": null, "contact:mobile": null, "source:name:br": null, "name:br": null, "drive_through": null, "delivery": null, "currency:EUR": null, "start_date": null, "payment:cash": null, "addr:country": null, "entrance": null, "payment:debit_cards": null, "payment:credit_cards": null, "payment:visa": null, "payment:paypal": null, "payment:mastercard": null, "payment:maestro": null, "payment:cheque": null, "payment:cb": null, "facebook": null, "description": null, "wheelchair:entrance_width": null, "wheelchair:description": null, "short_name": null, "social_facility:for": null, "opening_hours:signed": null, "official_name": null, "check_date:opening_hours": "2025-07-29", "level": null, "amenity": null, "fax": null, "layer": "shop_weapons_France", "path": "Point?crs=EPSG:4326&field=full_id:string(0,0)&field=osm_id:string(0,0)&field=osm_type:string(0,0)&field=shop:string(0,0)&field=contact%3Ainstagram:string(0,0)&field=panoramax:string(0,0)&field=min_age:string(0,0)&field=check_date%3Apanoramax:string(0,0)&field=sport:string(0,0)&field=payment%3Acards:string(0,0)&field=image:string(0,0)&field=clothes:string(0,0)&field=type:string(0,0)&field=club:string(0,0)&field=second_hand:string(0,0)&field=ref%3AFR%3ASIREN:string(0,0)&field=phone%3Amobile:string(0,0)&field=harassment_prevention:string(0,0)&field=contact%3Amobile:string(0,0)&field=source%3Aname%3Abr:string(0,0)&field=name%3Abr:string(0,0)&field=drive_through:string(0,0)&field=delivery:string(0,0)&field=currency%3AEUR:string(0,0)&field=start_date:string(0,0)&field=contact%3Afacebook:string(0,0)&field=payment%3Acash:string(0,0)&field=addr%3Acountry:string(0,0)&field=entrance:string(0,0)&field=payment%3Adebit_cards:string(0,0)&field=payment%3Acredit_cards:string(0,0)&field=ref%3AFR%3ANAF:string(0,0)&field=payment%3Avisa:string(0,0)&field=payment%3Apaypal:string(0,0)&field=payment%3Amastercard:string(0,0)&field=payment%3Amaestro:string(0,0)&field=payment%3Acheque:string(0,0)&field=payment%3Acb:string(0,0)&field=facebook:string(0,0)&field=contact%3Aemail:string(0,0)&field=contact%3Aphone:string(0,0)&field=operator:string(0,0)&field=description:string(0,0)&field=wheelchair%3Aentrance_width:string(0,0)&field=wheelchair%3Adescription:string(0,0)&field=short_name:string(0,0)&field=social_facility%3Afor:string(0,0)&field=addr%3Acity:string(0,0)&field=opening_hours%3Asigned:string(0,0)&field=official_name:string(0,0)&field=check_date%3Aopening_hours:string(0,0)&field=level:string(0,0)&field=amenity:string(0,0)&field=survey%3Adate:string(0,0)&field=opening_hours:string(0,0)&field=fax:string(0,0)&field=email:string(0,0)&field=contact%3Awebsite:string(0,0)&field=contact%3Apostcode:string(0,0)&field=contact%3Acity:string(0,0)&field=contact%3Astreet:string(0,0)&field=contact%3Ahousenumber:string(0,0)&field=check_date:string(0,0)&field=phone:string(0,0)&field=addr%3Astreet:string(0,0)&field=addr%3Apostcode:string(0,0)&field=addr%3Ahousenumber:string(0,0)&field=wheelchair:string(0,0)&field=website:string(0,0)&field=ref%3AFR%3ASIRET:string(0,0)&field=name:string(0,0)&uid={4518d7bb-bdbd-4c09-8855-e4ec48aa2337}" }, "geometry": { "type": "Point", "coordinates": [ 2.3594729, 48.8750552 ] } },
{ "type": "Feature", "properties": { "full_id": "n4839757837", "osm_id": "4839757837", "osm_type": "node", "shop": "weapons", "check_date": null, "operator": null, "email": "arm.mille.etangs@wanadoo.fr", "disused:shop": null, "wheelchair": null, "contact:website": null, "building:levels": null, "survey:date": null, "addr:street": null, "addr:housenumber": null, "phone": "+33 3 84 20 83 85", "ref:FR:SIREN": null, "contact:housenumber": null, "contact:fax": null, "contact:email": null, "addr:postcode": null, "addr:city": null, "ref:vatin": null, "ref:FR:NAF": null, "opening_hours": "Mo-Sa 14:00-19:00; Tu-Sa 09:00-12:00,14:00-19:00", "contact:street": null, "contact:postcode": null, "contact:phone": null, "contact:facebook": null, "contact:city": null, "ref:FR:SIRET": null, "website": "http://www.armurerie1000etangs.com", "type": null, "name": "Armurerie des Mille Étangs", "building": null, "contact:instagram": null, "panoramax": null, "min_age": null, "check_date:panoramax": null, "sport": null, "payment:cards": null, "image": null, "clothes": null, "club": null, "second_hand": null, "phone:mobile": null, "harassment_prevention": null, "contact:mobile": null, "source:name:br": null, "name:br": null, "drive_through": null, "delivery": null, "currency:EUR": null, "start_date": null, "payment:cash": null, "addr:country": null, "entrance": null, "payment:debit_cards": null, "payment:credit_cards": null, "payment:visa": null, "payment:paypal": null, "payment:mastercard": null, "payment:maestro": null, "payment:cheque": null, "payment:cb": null, "facebook": "https://www.facebook.com/pages/Armurerie-des-Mille-Etangs/", "description": null, "wheelchair:entrance_width": null, "wheelchair:description": null, "short_name": null, "social_facility:for": null, "opening_hours:signed": null, "official_name": null, "check_date:opening_hours": null, "level": null, "amenity": null, "fax": "+33 3 84 20 05 76", "layer": "shop_weapons_France", "path": "Point?crs=EPSG:4326&field=full_id:string(0,0)&field=osm_id:string(0,0)&field=osm_type:string(0,0)&field=shop:string(0,0)&field=contact%3Ainstagram:string(0,0)&field=panoramax:string(0,0)&field=min_age:string(0,0)&field=check_date%3Apanoramax:string(0,0)&field=sport:string(0,0)&field=payment%3Acards:string(0,0)&field=image:string(0,0)&field=clothes:string(0,0)&field=type:string(0,0)&field=club:string(0,0)&field=second_hand:string(0,0)&field=ref%3AFR%3ASIREN:string(0,0)&field=phone%3Amobile:string(0,0)&field=harassment_prevention:string(0,0)&field=contact%3Amobile:string(0,0)&field=source%3Aname%3Abr:string(0,0)&field=name%3Abr:string(0,0)&field=drive_through:string(0,0)&field=delivery:string(0,0)&field=currency%3AEUR:string(0,0)&field=start_date:string(0,0)&field=contact%3Afacebook:string(0,0)&field=payment%3Acash:string(0,0)&field=addr%3Acountry:string(0,0)&field=entrance:string(0,0)&field=payment%3Adebit_cards:string(0,0)&field=payment%3Acredit_cards:string(0,0)&field=ref%3AFR%3ANAF:string(0,0)&field=payment%3Avisa:string(0,0)&field=payment%3Apaypal:string(0,0)&field=payment%3Amastercard:string(0,0)&field=payment%3Amaestro:string(0,0)&field=payment%3Acheque:string(0,0)&field=payment%3Acb:string(0,0)&field=facebook:string(0,0)&field=contact%3Aemail:string(0,0)&field=contact%3Aphone:string(0,0)&field=operator:string(0,0)&field=description:string(0,0)&field=wheelchair%3Aentrance_width:string(0,0)&field=wheelchair%3Adescription:string(0,0)&field=short_name:string(0,0)&field=social_facility%3Afor:string(0,0)&field=addr%3Acity:string(0,0)&field=opening_hours%3Asigned:string(0,0)&field=official_name:string(0,0)&field=check_date%3Aopening_hours:string(0,0)&field=level:string(0,0)&field=amenity:string(0,0)&field=survey%3Adate:string(0,0)&field=opening_hours:string(0,0)&field=fax:string(0,0)&field=email:string(0,0)&field=contact%3Awebsite:string(0,0)&field=contact%3Apostcode:string(0,0)&field=contact%3Acity:string(0,0)&field=contact%3Astreet:string(0,0)&field=contact%3Ahousenumber:string(0,0)&field=check_date:string(0,0)&field=phone:string(0,0)&field=addr%3Astreet:string(0,0)&field=addr%3Apostcode:string(0,0)&field=addr%3Ahousenumber:string(0,0)&field=wheelchair:string(0,0)&field=website:string(0,0)&field=ref%3AFR%3ASIRET:string(0,0)&field=name:string(0,0)&uid={4518d7bb-bdbd-4c09-8855-e4ec48aa2337}" }, "geometry": { "type": "Point", "coordinates": [ 6.5810102, 47.7537231 ] } },
{ "type": "Feature", "properties": { "full_id": "n4854758071", "osm_id": "4854758071", "osm_type": "node", "shop": "weapons", "check_date": null, "operator": "Coutellerie SAVIGNAC", "email": null, "disused:shop": null, "wheelchair": "no", "contact:website": null, "building:levels": null, "survey:date": null, "addr:street": "Rue des Marchands", "addr:housenumber": "15", "phone": "+33 5 61 02 90 70", "ref:FR:SIREN": null, "contact:housenumber": null, "contact:fax": null, "contact:email": null, "addr:postcode": "09000", "addr:city": "Foix", "ref:vatin": null, "ref:FR:NAF": null, "opening_hours": "Tu-Sa 10:00-12:30,14:00-19:00,10:00-12:30,14:00-19:00", "contact:street": null, "contact:postcode": null, "contact:phone": null, "contact:facebook": null, "contact:city": null, "ref:FR:SIRET": "81425810900010", "website": "https://www.couteau-savignac.com/fr/", "type": null, "name": "Coutellerie Savignac", "building": null, "contact:instagram": null, "panoramax": null, "min_age": null, "check_date:panoramax": null, "sport": null, "payment:cards": null, "image": null, "clothes": null, "club": null, "second_hand": null, "phone:mobile": null, "harassment_prevention": null, "contact:mobile": null, "source:name:br": null, "name:br": null, "drive_through": null, "delivery": null, "currency:EUR": null, "start_date": null, "payment:cash": null, "addr:country": null, "entrance": null, "payment:debit_cards": null, "payment:credit_cards": null, "payment:visa": "yes", "payment:paypal": "yes", "payment:mastercard": "yes", "payment:maestro": "yes", "payment:cheque": "yes", "payment:cb": "yes", "facebook": null, "description": null, "wheelchair:entrance_width": null, "wheelchair:description": null, "short_name": null, "social_facility:for": null, "opening_hours:signed": null, "official_name": null, "check_date:opening_hours": null, "level": null, "amenity": null, "fax": null, "layer": "shop_weapons_France", "path": "Point?crs=EPSG:4326&field=full_id:string(0,0)&field=osm_id:string(0,0)&field=osm_type:string(0,0)&field=shop:string(0,0)&field=contact%3Ainstagram:string(0,0)&field=panoramax:string(0,0)&field=min_age:string(0,0)&field=check_date%3Apanoramax:string(0,0)&field=sport:string(0,0)&field=payment%3Acards:string(0,0)&field=image:string(0,0)&field=clothes:string(0,0)&field=type:string(0,0)&field=club:string(0,0)&field=second_hand:string(0,0)&field=ref%3AFR%3ASIREN:string(0,0)&field=phone%3Amobile:string(0,0)&field=harassment_prevention:string(0,0)&field=contact%3Amobile:string(0,0)&field=source%3Aname%3Abr:string(0,0)&field=name%3Abr:string(0,0)&field=drive_through:string(0,0)&field=delivery:string(0,0)&field=currency%3AEUR:string(0,0)&field=start_date:string(0,0)&field=contact%3Afacebook:string(0,0)&field=payment%3Acash:string(0,0)&field=addr%3Acountry:string(0,0)&field=entrance:string(0,0)&field=payment%3Adebit_cards:string(0,0)&field=payment%3Acredit_cards:string(0,0)&field=ref%3AFR%3ANAF:string(0,0)&field=payment%3Avisa:string(0,0)&field=payment%3Apaypal:string(0,0)&field=payment%3Amastercard:string(0,0)&field=payment%3Amaestro:string(0,0)&field=payment%3Acheque:string(0,0)&field=payment%3Acb:string(0,0)&field=facebook:string(0,0)&field=contact%3Aemail:string(0,0)&field=contact%3Aphone:string(0,0)&field=operator:string(0,0)&field=description:string(0,0)&field=wheelchair%3Aentrance_width:string(0,0)&field=wheelchair%3Adescription:string(0,0)&field=short_name:string(0,0)&field=social_facility%3Afor:string(0,0)&field=addr%3Acity:string(0,0)&field=opening_hours%3Asigned:string(0,0)&field=official_name:string(0,0)&field=check_date%3Aopening_hours:string(0,0)&field=level:string(0,0)&field=amenity:string(0,0)&field=survey%3Adate:string(0,0)&field=opening_hours:string(0,0)&field=fax:string(0,0)&field=email:string(0,0)&field=contact%3Awebsite:string(0,0)&field=contact%3Apostcode:string(0,0)&field=contact%3Acity:string(0,0)&field=contact%3Astreet:string(0,0)&field=contact%3Ahousenumber:string(0,0)&field=check_date:string(0,0)&field=phone:string(0,0)&field=addr%3Astreet:string(0,0)&field=addr%3Apostcode:string(0,0)&field=addr%3Ahousenumber:string(0,0)&field=wheelchair:string(0,0)&field=website:string(0,0)&field=ref%3AFR%3ASIRET:string(0,0)&field=name:string(0,0)&uid={4518d7bb-bdbd-4c09-8855-e4ec48aa2337}" }, "geometry": { "type": "Point", "coordinates": [ 1.6066229, 42.9661138 ] } },
{ "type": "Feature", "properties": { "full_id": "n4929397530", "osm_id": "4929397530", "osm_type": "node", "shop": "weapons", "check_date": null, "operator": null, "email": null, "disused:shop": null, "wheelchair": null, "contact:website": null, "building:levels": null, "survey:date": null, "addr:street": null, "addr:housenumber": null, "phone": null, "ref:FR:SIREN": null, "contact:housenumber": null, "contact:fax": null, "contact:email": null, "addr:postcode": null, "addr:city": null, "ref:vatin": null, "ref:FR:NAF": null, "opening_hours": null, "contact:street": null, "contact:postcode": null, "contact:phone": null, "contact:facebook": null, "contact:city": null, "ref:FR:SIRET": null, "website": null, "type": null, "name": null, "building": null, "contact:instagram": null, "panoramax": null, "min_age": null, "check_date:panoramax": null, "sport": null, "payment:cards": null, "image": null, "clothes": null, "club": null, "second_hand": null, "phone:mobile": null, "harassment_prevention": null, "contact:mobile": null, "source:name:br": null, "name:br": null, "drive_through": null, "delivery": null, "currency:EUR": null, "start_date": null, "payment:cash": null, "addr:country": null, "entrance": null, "payment:debit_cards": null, "payment:credit_cards": null, "payment:visa": null, "payment:paypal": null, "payment:mastercard": null, "payment:maestro": null, "payment:cheque": null, "payment:cb": null, "facebook": null, "description": null, "wheelchair:entrance_width": null, "wheelchair:description": null, "short_name": null, "social_facility:for": null, "opening_hours:signed": null, "official_name": null, "check_date:opening_hours": null, "level": null, "amenity": null, "fax": null, "layer": "shop_weapons_France", "path": "Point?crs=EPSG:4326&field=full_id:string(0,0)&field=osm_id:string(0,0)&field=osm_type:string(0,0)&field=shop:string(0,0)&field=contact%3Ainstagram:string(0,0)&field=panoramax:string(0,0)&field=min_age:string(0,0)&field=check_date%3Apanoramax:string(0,0)&field=sport:string(0,0)&field=payment%3Acards:string(0,0)&field=image:string(0,0)&field=clothes:string(0,0)&field=type:string(0,0)&field=club:string(0,0)&field=second_hand:string(0,0)&field=ref%3AFR%3ASIREN:string(0,0)&field=phone%3Amobile:string(0,0)&field=harassment_prevention:string(0,0)&field=contact%3Amobile:string(0,0)&field=source%3Aname%3Abr:string(0,0)&field=name%3Abr:string(0,0)&field=drive_through:string(0,0)&field=delivery:string(0,0)&field=currency%3AEUR:string(0,0)&field=start_date:string(0,0)&field=contact%3Afacebook:string(0,0)&field=payment%3Acash:string(0,0)&field=addr%3Acountry:string(0,0)&field=entrance:string(0,0)&field=payment%3Adebit_cards:string(0,0)&field=payment%3Acredit_cards:string(0,0)&field=ref%3AFR%3ANAF:string(0,0)&field=payment%3Avisa:string(0,0)&field=payment%3Apaypal:string(0,0)&field=payment%3Amastercard:string(0,0)&field=payment%3Amaestro:string(0,0)&field=payment%3Acheque:string(0,0)&field=payment%3Acb:string(0,0)&field=facebook:string(0,0)&field=contact%3Aemail:string(0,0)&field=contact%3Aphone:string(0,0)&field=operator:string(0,0)&field=description:string(0,0)&field=wheelchair%3Aentrance_width:string(0,0)&field=wheelchair%3Adescription:string(0,0)&field=short_name:string(0,0)&field=social_facility%3Afor:string(0,0)&field=addr%3Acity:string(0,0)&field=opening_hours%3Asigned:string(0,0)&field=official_name:string(0,0)&field=check_date%3Aopening_hours:string(0,0)&field=level:string(0,0)&field=amenity:string(0,0)&field=survey%3Adate:string(0,0)&field=opening_hours:string(0,0)&field=fax:string(0,0)&field=email:string(0,0)&field=contact%3Awebsite:string(0,0)&field=contact%3Apostcode:string(0,0)&field=contact%3Acity:string(0,0)&field=contact%3Astreet:string(0,0)&field=contact%3Ahousenumber:string(0,0)&field=check_date:string(0,0)&field=phone:string(0,0)&field=addr%3Astreet:string(0,0)&field=addr%3Apostcode:string(0,0)&field=addr%3Ahousenumber:string(0,0)&field=wheelchair:string(0,0)&field=website:string(0,0)&field=ref%3AFR%3ASIRET:string(0,0)&field=name:string(0,0)&uid={4518d7bb-bdbd-4c09-8855-e4ec48aa2337}" }, "geometry": { "type": "Point", "coordinates": [ -54.03312, 5.4964003 ] } },
{ "type": "Feature", "properties": { "full_id": "n5085708992", "osm_id": "5085708992", "osm_type": "node", "shop": "weapons", "check_date": null, "operator": null, "email": null, "disused:shop": null, "wheelchair": null, "contact:website": null, "building:levels": null, "survey:date": null, "addr:street": null, "addr:housenumber": null, "phone": null, "ref:FR:SIREN": null, "contact:housenumber": null, "contact:fax": null, "contact:email": null, "addr:postcode": null, "addr:city": null, "ref:vatin": null, "ref:FR:NAF": null, "opening_hours": null, "contact:street": null, "contact:postcode": null, "contact:phone": null, "contact:facebook": null, "contact:city": null, "ref:FR:SIRET": null, "website": null, "type": null, "name": "Tunet Armurier", "building": null, "contact:instagram": null, "panoramax": null, "min_age": null, "check_date:panoramax": null, "sport": null, "payment:cards": null, "image": null, "clothes": null, "club": null, "second_hand": null, "phone:mobile": null, "harassment_prevention": null, "contact:mobile": null, "source:name:br": null, "name:br": null, "drive_through": null, "delivery": null, "currency:EUR": null, "start_date": null, "payment:cash": null, "addr:country": null, "entrance": null, "payment:debit_cards": null, "payment:credit_cards": null, "payment:visa": null, "payment:paypal": null, "payment:mastercard": null, "payment:maestro": null, "payment:cheque": null, "payment:cb": null, "facebook": null, "description": null, "wheelchair:entrance_width": null, "wheelchair:description": null, "short_name": null, "social_facility:for": null, "opening_hours:signed": null, "official_name": null, "check_date:opening_hours": null, "level": null, "amenity": null, "fax": null, "layer": "shop_weapons_France", "path": "Point?crs=EPSG:4326&field=full_id:string(0,0)&field=osm_id:string(0,0)&field=osm_type:string(0,0)&field=shop:string(0,0)&field=contact%3Ainstagram:string(0,0)&field=panoramax:string(0,0)&field=min_age:string(0,0)&field=check_date%3Apanoramax:string(0,0)&field=sport:string(0,0)&field=payment%3Acards:string(0,0)&field=image:string(0,0)&field=clothes:string(0,0)&field=type:string(0,0)&field=club:string(0,0)&field=second_hand:string(0,0)&field=ref%3AFR%3ASIREN:string(0,0)&field=phone%3Amobile:string(0,0)&field=harassment_prevention:string(0,0)&field=contact%3Amobile:string(0,0)&field=source%3Aname%3Abr:string(0,0)&field=name%3Abr:string(0,0)&field=drive_through:string(0,0)&field=delivery:string(0,0)&field=currency%3AEUR:string(0,0)&field=start_date:string(0,0)&field=contact%3Afacebook:string(0,0)&field=payment%3Acash:string(0,0)&field=addr%3Acountry:string(0,0)&field=entrance:string(0,0)&field=payment%3Adebit_cards:string(0,0)&field=payment%3Acredit_cards:string(0,0)&field=ref%3AFR%3ANAF:string(0,0)&field=payment%3Avisa:string(0,0)&field=payment%3Apaypal:string(0,0)&field=payment%3Amastercard:string(0,0)&field=payment%3Amaestro:string(0,0)&field=payment%3Acheque:string(0,0)&field=payment%3Acb:string(0,0)&field=facebook:string(0,0)&field=contact%3Aemail:string(0,0)&field=contact%3Aphone:string(0,0)&field=operator:string(0,0)&field=description:string(0,0)&field=wheelchair%3Aentrance_width:string(0,0)&field=wheelchair%3Adescription:string(0,0)&field=short_name:string(0,0)&field=social_facility%3Afor:string(0,0)&field=addr%3Acity:string(0,0)&field=opening_hours%3Asigned:string(0,0)&field=official_name:string(0,0)&field=check_date%3Aopening_hours:string(0,0)&field=level:string(0,0)&field=amenity:string(0,0)&field=survey%3Adate:string(0,0)&field=opening_hours:string(0,0)&field=fax:string(0,0)&field=email:string(0,0)&field=contact%3Awebsite:string(0,0)&field=contact%3Apostcode:string(0,0)&field=contact%3Acity:string(0,0)&field=contact%3Astreet:string(0,0)&field=contact%3Ahousenumber:string(0,0)&field=check_date:string(0,0)&field=phone:string(0,0)&field=addr%3Astreet:string(0,0)&field=addr%3Apostcode:string(0,0)&field=addr%3Ahousenumber:string(0,0)&field=wheelchair:string(0,0)&field=website:string(0,0)&field=ref%3AFR%3ASIRET:string(0,0)&field=name:string(0,0)&uid={4518d7bb-bdbd-4c09-8855-e4ec48aa2337}" }, "geometry": { "type": "Point", "coordinates": [ 1.6290236, 50.1867046 ] } },
{ "type": "Feature", "properties": { "full_id": "n5212491626", "osm_id": "5212491626", "osm_type": "node", "shop": "weapons", "check_date": null, "operator": null, "email": null, "disused:shop": null, "wheelchair": null, "contact:website": null, "building:levels": null, "survey:date": null, "addr:street": null, "addr:housenumber": null, "phone": null, "ref:FR:SIREN": null, "contact:housenumber": null, "contact:fax": null, "contact:email": null, "addr:postcode": null, "addr:city": null, "ref:vatin": null, "ref:FR:NAF": null, "opening_hours": null, "contact:street": null, "contact:postcode": null, "contact:phone": null, "contact:facebook": null, "contact:city": null, "ref:FR:SIRET": null, "website": null, "type": null, "name": "Coutellerie", "building": null, "contact:instagram": null, "panoramax": null, "min_age": null, "check_date:panoramax": null, "sport": null, "payment:cards": null, "image": null, "clothes": null, "club": null, "second_hand": null, "phone:mobile": null, "harassment_prevention": null, "contact:mobile": null, "source:name:br": null, "name:br": null, "drive_through": null, "delivery": null, "currency:EUR": null, "start_date": null, "payment:cash": null, "addr:country": null, "entrance": null, "payment:debit_cards": null, "payment:credit_cards": null, "payment:visa": null, "payment:paypal": null, "payment:mastercard": null, "payment:maestro": null, "payment:cheque": null, "payment:cb": null, "facebook": null, "description": null, "wheelchair:entrance_width": null, "wheelchair:description": null, "short_name": null, "social_facility:for": null, "opening_hours:signed": null, "official_name": null, "check_date:opening_hours": null, "level": null, "amenity": null, "fax": null, "layer": "shop_weapons_France", "path": "Point?crs=EPSG:4326&field=full_id:string(0,0)&field=osm_id:string(0,0)&field=osm_type:string(0,0)&field=shop:string(0,0)&field=contact%3Ainstagram:string(0,0)&field=panoramax:string(0,0)&field=min_age:string(0,0)&field=check_date%3Apanoramax:string(0,0)&field=sport:string(0,0)&field=payment%3Acards:string(0,0)&field=image:string(0,0)&field=clothes:string(0,0)&field=type:string(0,0)&field=club:string(0,0)&field=second_hand:string(0,0)&field=ref%3AFR%3ASIREN:string(0,0)&field=phone%3Amobile:string(0,0)&field=harassment_prevention:string(0,0)&field=contact%3Amobile:string(0,0)&field=source%3Aname%3Abr:string(0,0)&field=name%3Abr:string(0,0)&field=drive_through:string(0,0)&field=delivery:string(0,0)&field=currency%3AEUR:string(0,0)&field=start_date:string(0,0)&field=contact%3Afacebook:string(0,0)&field=payment%3Acash:string(0,0)&field=addr%3Acountry:string(0,0)&field=entrance:string(0,0)&field=payment%3Adebit_cards:string(0,0)&field=payment%3Acredit_cards:string(0,0)&field=ref%3AFR%3ANAF:string(0,0)&field=payment%3Avisa:string(0,0)&field=payment%3Apaypal:string(0,0)&field=payment%3Amastercard:string(0,0)&field=payment%3Amaestro:string(0,0)&field=payment%3Acheque:string(0,0)&field=payment%3Acb:string(0,0)&field=facebook:string(0,0)&field=contact%3Aemail:string(0,0)&field=contact%3Aphone:string(0,0)&field=operator:string(0,0)&field=description:string(0,0)&field=wheelchair%3Aentrance_width:string(0,0)&field=wheelchair%3Adescription:string(0,0)&field=short_name:string(0,0)&field=social_facility%3Afor:string(0,0)&field=addr%3Acity:string(0,0)&field=opening_hours%3Asigned:string(0,0)&field=official_name:string(0,0)&field=check_date%3Aopening_hours:string(0,0)&field=level:string(0,0)&field=amenity:string(0,0)&field=survey%3Adate:string(0,0)&field=opening_hours:string(0,0)&field=fax:string(0,0)&field=email:string(0,0)&field=contact%3Awebsite:string(0,0)&field=contact%3Apostcode:string(0,0)&field=contact%3Acity:string(0,0)&field=contact%3Astreet:string(0,0)&field=contact%3Ahousenumber:string(0,0)&field=check_date:string(0,0)&field=phone:string(0,0)&field=addr%3Astreet:string(0,0)&field=addr%3Apostcode:string(0,0)&field=addr%3Ahousenumber:string(0,0)&field=wheelchair:string(0,0)&field=website:string(0,0)&field=ref%3AFR%3ASIRET:string(0,0)&field=name:string(0,0)&uid={4518d7bb-bdbd-4c09-8855-e4ec48aa2337}" }, "geometry": { "type": "Point", "coordinates": [ 6.1591163, 47.6227186 ] } },
{ "type": "Feature", "properties": { "full_id": "n5381388492", "osm_id": "5381388492", "osm_type": "node", "shop": "weapons", "check_date": "2025-10-17", "operator": null, "email": null, "disused:shop": null, "wheelchair": null, "contact:website": null, "building:levels": null, "survey:date": null, "addr:street": null, "addr:housenumber": null, "phone": null, "ref:FR:SIREN": null, "contact:housenumber": null, "contact:fax": null, "contact:email": null, "addr:postcode": null, "addr:city": null, "ref:vatin": null, "ref:FR:NAF": null, "opening_hours": null, "contact:street": null, "contact:postcode": null, "contact:phone": null, "contact:facebook": null, "contact:city": null, "ref:FR:SIRET": null, "website": null, "type": null, "name": "Armurerie de la Bourse", "building": null, "contact:instagram": null, "panoramax": null, "min_age": null, "check_date:panoramax": null, "sport": null, "payment:cards": null, "image": null, "clothes": null, "club": null, "second_hand": null, "phone:mobile": null, "harassment_prevention": null, "contact:mobile": null, "source:name:br": null, "name:br": null, "drive_through": null, "delivery": null, "currency:EUR": null, "start_date": null, "payment:cash": null, "addr:country": null, "entrance": null, "payment:debit_cards": null, "payment:credit_cards": null, "payment:visa": null, "payment:paypal": null, "payment:mastercard": null, "payment:maestro": null, "payment:cheque": null, "payment:cb": null, "facebook": null, "description": null, "wheelchair:entrance_width": null, "wheelchair:description": null, "short_name": null, "social_facility:for": null, "opening_hours:signed": null, "official_name": null, "check_date:opening_hours": null, "level": null, "amenity": null, "fax": null, "layer": "shop_weapons_France", "path": "Point?crs=EPSG:4326&field=full_id:string(0,0)&field=osm_id:string(0,0)&field=osm_type:string(0,0)&field=shop:string(0,0)&field=contact%3Ainstagram:string(0,0)&field=panoramax:string(0,0)&field=min_age:string(0,0)&field=check_date%3Apanoramax:string(0,0)&field=sport:string(0,0)&field=payment%3Acards:string(0,0)&field=image:string(0,0)&field=clothes:string(0,0)&field=type:string(0,0)&field=club:string(0,0)&field=second_hand:string(0,0)&field=ref%3AFR%3ASIREN:string(0,0)&field=phone%3Amobile:string(0,0)&field=harassment_prevention:string(0,0)&field=contact%3Amobile:string(0,0)&field=source%3Aname%3Abr:string(0,0)&field=name%3Abr:string(0,0)&field=drive_through:string(0,0)&field=delivery:string(0,0)&field=currency%3AEUR:string(0,0)&field=start_date:string(0,0)&field=contact%3Afacebook:string(0,0)&field=payment%3Acash:string(0,0)&field=addr%3Acountry:string(0,0)&field=entrance:string(0,0)&field=payment%3Adebit_cards:string(0,0)&field=payment%3Acredit_cards:string(0,0)&field=ref%3AFR%3ANAF:string(0,0)&field=payment%3Avisa:string(0,0)&field=payment%3Apaypal:string(0,0)&field=payment%3Amastercard:string(0,0)&field=payment%3Amaestro:string(0,0)&field=payment%3Acheque:string(0,0)&field=payment%3Acb:string(0,0)&field=facebook:string(0,0)&field=contact%3Aemail:string(0,0)&field=contact%3Aphone:string(0,0)&field=operator:string(0,0)&field=description:string(0,0)&field=wheelchair%3Aentrance_width:string(0,0)&field=wheelchair%3Adescription:string(0,0)&field=short_name:string(0,0)&field=social_facility%3Afor:string(0,0)&field=addr%3Acity:string(0,0)&field=opening_hours%3Asigned:string(0,0)&field=official_name:string(0,0)&field=check_date%3Aopening_hours:string(0,0)&field=level:string(0,0)&field=amenity:string(0,0)&field=survey%3Adate:string(0,0)&field=opening_hours:string(0,0)&field=fax:string(0,0)&field=email:string(0,0)&field=contact%3Awebsite:string(0,0)&field=contact%3Apostcode:string(0,0)&field=contact%3Acity:string(0,0)&field=contact%3Astreet:string(0,0)&field=contact%3Ahousenumber:string(0,0)&field=check_date:string(0,0)&field=phone:string(0,0)&field=addr%3Astreet:string(0,0)&field=addr%3Apostcode:string(0,0)&field=addr%3Ahousenumber:string(0,0)&field=wheelchair:string(0,0)&field=website:string(0,0)&field=ref%3AFR%3ASIRET:string(0,0)&field=name:string(0,0)&uid={4518d7bb-bdbd-4c09-8855-e4ec48aa2337}" }, "geometry": { "type": "Point", "coordinates": [ 2.3407035, 48.8703104 ] } },
{ "type": "Feature", "properties": { "full_id": "n5430724341", "osm_id": "5430724341", "osm_type": "node", "shop": "weapons", "check_date": null, "operator": null, "email": null, "disused:shop": null, "wheelchair": null, "contact:website": null, "building:levels": null, "survey:date": "2018-02-15", "addr:street": null, "addr:housenumber": null, "phone": null, "ref:FR:SIREN": null, "contact:housenumber": null, "contact:fax": null, "contact:email": null, "addr:postcode": null, "addr:city": null, "ref:vatin": null, "ref:FR:NAF": null, "opening_hours": null, "contact:street": null, "contact:postcode": null, "contact:phone": null, "contact:facebook": null, "contact:city": null, "ref:FR:SIRET": null, "website": null, "type": null, "name": "Safari sport", "building": null, "contact:instagram": null, "panoramax": null, "min_age": null, "check_date:panoramax": null, "sport": null, "payment:cards": null, "image": null, "clothes": null, "club": null, "second_hand": null, "phone:mobile": null, "harassment_prevention": null, "contact:mobile": null, "source:name:br": null, "name:br": null, "drive_through": null, "delivery": null, "currency:EUR": null, "start_date": null, "payment:cash": null, "addr:country": null, "entrance": null, "payment:debit_cards": null, "payment:credit_cards": null, "payment:visa": null, "payment:paypal": null, "payment:mastercard": null, "payment:maestro": null, "payment:cheque": null, "payment:cb": null, "facebook": null, "description": null, "wheelchair:entrance_width": null, "wheelchair:description": null, "short_name": null, "social_facility:for": null, "opening_hours:signed": null, "official_name": null, "check_date:opening_hours": null, "level": null, "amenity": null, "fax": null, "layer": "shop_weapons_France", "path": "Point?crs=EPSG:4326&field=full_id:string(0,0)&field=osm_id:string(0,0)&field=osm_type:string(0,0)&field=shop:string(0,0)&field=contact%3Ainstagram:string(0,0)&field=panoramax:string(0,0)&field=min_age:string(0,0)&field=check_date%3Apanoramax:string(0,0)&field=sport:string(0,0)&field=payment%3Acards:string(0,0)&field=image:string(0,0)&field=clothes:string(0,0)&field=type:string(0,0)&field=club:string(0,0)&field=second_hand:string(0,0)&field=ref%3AFR%3ASIREN:string(0,0)&field=phone%3Amobile:string(0,0)&field=harassment_prevention:string(0,0)&field=contact%3Amobile:string(0,0)&field=source%3Aname%3Abr:string(0,0)&field=name%3Abr:string(0,0)&field=drive_through:string(0,0)&field=delivery:string(0,0)&field=currency%3AEUR:string(0,0)&field=start_date:string(0,0)&field=contact%3Afacebook:string(0,0)&field=payment%3Acash:string(0,0)&field=addr%3Acountry:string(0,0)&field=entrance:string(0,0)&field=payment%3Adebit_cards:string(0,0)&field=payment%3Acredit_cards:string(0,0)&field=ref%3AFR%3ANAF:string(0,0)&field=payment%3Avisa:string(0,0)&field=payment%3Apaypal:string(0,0)&field=payment%3Amastercard:string(0,0)&field=payment%3Amaestro:string(0,0)&field=payment%3Acheque:string(0,0)&field=payment%3Acb:string(0,0)&field=facebook:string(0,0)&field=contact%3Aemail:string(0,0)&field=contact%3Aphone:string(0,0)&field=operator:string(0,0)&field=description:string(0,0)&field=wheelchair%3Aentrance_width:string(0,0)&field=wheelchair%3Adescription:string(0,0)&field=short_name:string(0,0)&field=social_facility%3Afor:string(0,0)&field=addr%3Acity:string(0,0)&field=opening_hours%3Asigned:string(0,0)&field=official_name:string(0,0)&field=check_date%3Aopening_hours:string(0,0)&field=level:string(0,0)&field=amenity:string(0,0)&field=survey%3Adate:string(0,0)&field=opening_hours:string(0,0)&field=fax:string(0,0)&field=email:string(0,0)&field=contact%3Awebsite:string(0,0)&field=contact%3Apostcode:string(0,0)&field=contact%3Acity:string(0,0)&field=contact%3Astreet:string(0,0)&field=contact%3Ahousenumber:string(0,0)&field=check_date:string(0,0)&field=phone:string(0,0)&field=addr%3Astreet:string(0,0)&field=addr%3Apostcode:string(0,0)&field=addr%3Ahousenumber:string(0,0)&field=wheelchair:string(0,0)&field=website:string(0,0)&field=ref%3AFR%3ASIRET:string(0,0)&field=name:string(0,0)&uid={4518d7bb-bdbd-4c09-8855-e4ec48aa2337}" }, "geometry": { "type": "Point", "coordinates": [ 5.3962638, 43.8772303 ] } },
{ "type": "Feature", "properties": { "full_id": "n5434288149", "osm_id": "5434288149", "osm_type": "node", "shop": "weapons", "check_date": null, "operator": null, "email": null, "disused:shop": null, "wheelchair": null, "contact:website": null, "building:levels": null, "survey:date": null, "addr:street": null, "addr:housenumber": null, "phone": null, "ref:FR:SIREN": null, "contact:housenumber": null, "contact:fax": null, "contact:email": null, "addr:postcode": null, "addr:city": null, "ref:vatin": null, "ref:FR:NAF": null, "opening_hours": null, "contact:street": null, "contact:postcode": null, "contact:phone": null, "contact:facebook": null, "contact:city": null, "ref:FR:SIRET": null, "website": null, "type": null, "name": null, "building": null, "contact:instagram": null, "panoramax": null, "min_age": null, "check_date:panoramax": null, "sport": null, "payment:cards": null, "image": null, "clothes": null, "club": null, "second_hand": null, "phone:mobile": null, "harassment_prevention": null, "contact:mobile": null, "source:name:br": null, "name:br": null, "drive_through": null, "delivery": null, "currency:EUR": null, "start_date": null, "payment:cash": null, "addr:country": null, "entrance": null, "payment:debit_cards": null, "payment:credit_cards": null, "payment:visa": null, "payment:paypal": null, "payment:mastercard": null, "payment:maestro": null, "payment:cheque": null, "payment:cb": null, "facebook": null, "description": null, "wheelchair:entrance_width": null, "wheelchair:description": null, "short_name": null, "social_facility:for": null, "opening_hours:signed": null, "official_name": null, "check_date:opening_hours": null, "level": null, "amenity": null, "fax": null, "layer": "shop_weapons_France", "path": "Point?crs=EPSG:4326&field=full_id:string(0,0)&field=osm_id:string(0,0)&field=osm_type:string(0,0)&field=shop:string(0,0)&field=contact%3Ainstagram:string(0,0)&field=panoramax:string(0,0)&field=min_age:string(0,0)&field=check_date%3Apanoramax:string(0,0)&field=sport:string(0,0)&field=payment%3Acards:string(0,0)&field=image:string(0,0)&field=clothes:string(0,0)&field=type:string(0,0)&field=club:string(0,0)&field=second_hand:string(0,0)&field=ref%3AFR%3ASIREN:string(0,0)&field=phone%3Amobile:string(0,0)&field=harassment_prevention:string(0,0)&field=contact%3Amobile:string(0,0)&field=source%3Aname%3Abr:string(0,0)&field=name%3Abr:string(0,0)&field=drive_through:string(0,0)&field=delivery:string(0,0)&field=currency%3AEUR:string(0,0)&field=start_date:string(0,0)&field=contact%3Afacebook:string(0,0)&field=payment%3Acash:string(0,0)&field=addr%3Acountry:string(0,0)&field=entrance:string(0,0)&field=payment%3Adebit_cards:string(0,0)&field=payment%3Acredit_cards:string(0,0)&field=ref%3AFR%3ANAF:string(0,0)&field=payment%3Avisa:string(0,0)&field=payment%3Apaypal:string(0,0)&field=payment%3Amastercard:string(0,0)&field=payment%3Amaestro:string(0,0)&field=payment%3Acheque:string(0,0)&field=payment%3Acb:string(0,0)&field=facebook:string(0,0)&field=contact%3Aemail:string(0,0)&field=contact%3Aphone:string(0,0)&field=operator:string(0,0)&field=description:string(0,0)&field=wheelchair%3Aentrance_width:string(0,0)&field=wheelchair%3Adescription:string(0,0)&field=short_name:string(0,0)&field=social_facility%3Afor:string(0,0)&field=addr%3Acity:string(0,0)&field=opening_hours%3Asigned:string(0,0)&field=official_name:string(0,0)&field=check_date%3Aopening_hours:string(0,0)&field=level:string(0,0)&field=amenity:string(0,0)&field=survey%3Adate:string(0,0)&field=opening_hours:string(0,0)&field=fax:string(0,0)&field=email:string(0,0)&field=contact%3Awebsite:string(0,0)&field=contact%3Apostcode:string(0,0)&field=contact%3Acity:string(0,0)&field=contact%3Astreet:string(0,0)&field=contact%3Ahousenumber:string(0,0)&field=check_date:string(0,0)&field=phone:string(0,0)&field=addr%3Astreet:string(0,0)&field=addr%3Apostcode:string(0,0)&field=addr%3Ahousenumber:string(0,0)&field=wheelchair:string(0,0)&field=website:string(0,0)&field=ref%3AFR%3ASIRET:string(0,0)&field=name:string(0,0)&uid={4518d7bb-bdbd-4c09-8855-e4ec48aa2337}" }, "geometry": { "type": "Point", "coordinates": [ 5.9103665, 45.6914972 ] } },
{ "type": "Feature", "properties": { "full_id": "n5440205360", "osm_id": "5440205360", "osm_type": "node", "shop": "weapons", "check_date": null, "operator": "Thierry BARBAUD", "email": null, "disused:shop": null, "wheelchair": null, "contact:website": null, "building:levels": null, "survey:date": null, "addr:street": "Rue de la Node (La Chaume)", "addr:housenumber": "50", "phone": null, "ref:FR:SIREN": null, "contact:housenumber": null, "contact:fax": null, "contact:email": null, "addr:postcode": "17160", "addr:city": "Prignac", "ref:vatin": null, "ref:FR:NAF": null, "opening_hours": null, "contact:street": null, "contact:postcode": null, "contact:phone": null, "contact:facebook": null, "contact:city": null, "ref:FR:SIRET": null, "website": null, "type": null, "name": "Thierry Barbaud Armurier", "building": null, "contact:instagram": null, "panoramax": null, "min_age": null, "check_date:panoramax": null, "sport": null, "payment:cards": null, "image": null, "clothes": null, "club": null, "second_hand": null, "phone:mobile": null, "harassment_prevention": null, "contact:mobile": null, "source:name:br": null, "name:br": null, "drive_through": null, "delivery": null, "currency:EUR": null, "start_date": null, "payment:cash": null, "addr:country": null, "entrance": null, "payment:debit_cards": null, "payment:credit_cards": null, "payment:visa": null, "payment:paypal": null, "payment:mastercard": null, "payment:maestro": null, "payment:cheque": null, "payment:cb": null, "facebook": null, "description": null, "wheelchair:entrance_width": null, "wheelchair:description": null, "short_name": null, "social_facility:for": null, "opening_hours:signed": null, "official_name": null, "check_date:opening_hours": null, "level": null, "amenity": null, "fax": null, "layer": "shop_weapons_France", "path": "Point?crs=EPSG:4326&field=full_id:string(0,0)&field=osm_id:string(0,0)&field=osm_type:string(0,0)&field=shop:string(0,0)&field=contact%3Ainstagram:string(0,0)&field=panoramax:string(0,0)&field=min_age:string(0,0)&field=check_date%3Apanoramax:string(0,0)&field=sport:string(0,0)&field=payment%3Acards:string(0,0)&field=image:string(0,0)&field=clothes:string(0,0)&field=type:string(0,0)&field=club:string(0,0)&field=second_hand:string(0,0)&field=ref%3AFR%3ASIREN:string(0,0)&field=phone%3Amobile:string(0,0)&field=harassment_prevention:string(0,0)&field=contact%3Amobile:string(0,0)&field=source%3Aname%3Abr:string(0,0)&field=name%3Abr:string(0,0)&field=drive_through:string(0,0)&field=delivery:string(0,0)&field=currency%3AEUR:string(0,0)&field=start_date:string(0,0)&field=contact%3Afacebook:string(0,0)&field=payment%3Acash:string(0,0)&field=addr%3Acountry:string(0,0)&field=entrance:string(0,0)&field=payment%3Adebit_cards:string(0,0)&field=payment%3Acredit_cards:string(0,0)&field=ref%3AFR%3ANAF:string(0,0)&field=payment%3Avisa:string(0,0)&field=payment%3Apaypal:string(0,0)&field=payment%3Amastercard:string(0,0)&field=payment%3Amaestro:string(0,0)&field=payment%3Acheque:string(0,0)&field=payment%3Acb:string(0,0)&field=facebook:string(0,0)&field=contact%3Aemail:string(0,0)&field=contact%3Aphone:string(0,0)&field=operator:string(0,0)&field=description:string(0,0)&field=wheelchair%3Aentrance_width:string(0,0)&field=wheelchair%3Adescription:string(0,0)&field=short_name:string(0,0)&field=social_facility%3Afor:string(0,0)&field=addr%3Acity:string(0,0)&field=opening_hours%3Asigned:string(0,0)&field=official_name:string(0,0)&field=check_date%3Aopening_hours:string(0,0)&field=level:string(0,0)&field=amenity:string(0,0)&field=survey%3Adate:string(0,0)&field=opening_hours:string(0,0)&field=fax:string(0,0)&field=email:string(0,0)&field=contact%3Awebsite:string(0,0)&field=contact%3Apostcode:string(0,0)&field=contact%3Acity:string(0,0)&field=contact%3Astreet:string(0,0)&field=contact%3Ahousenumber:string(0,0)&field=check_date:string(0,0)&field=phone:string(0,0)&field=addr%3Astreet:string(0,0)&field=addr%3Apostcode:string(0,0)&field=addr%3Ahousenumber:string(0,0)&field=wheelchair:string(0,0)&field=website:string(0,0)&field=ref%3AFR%3ASIRET:string(0,0)&field=name:string(0,0)&uid={4518d7bb-bdbd-4c09-8855-e4ec48aa2337}" }, "geometry": { "type": "Point", "coordinates": [ -0.3455454, 45.8305675 ] } },
{ "type": "Feature", "properties": { "full_id": "n5478741922", "osm_id": "5478741922", "osm_type": "node", "shop": "weapons", "check_date": null, "operator": null, "email": null, "disused:shop": null, "wheelchair": null, "contact:website": null, "building:levels": null, "survey:date": null, "addr:street": null, "addr:housenumber": null, "phone": null, "ref:FR:SIREN": null, "contact:housenumber": "23", "contact:fax": null, "contact:email": null, "addr:postcode": null, "addr:city": null, "ref:vatin": null, "ref:FR:NAF": "47.64Z", "opening_hours": null, "contact:street": "Rue d'Orléans", "contact:postcode": "64000", "contact:phone": null, "contact:facebook": null, "contact:city": "Pau", "ref:FR:SIRET": "33149837800016", "website": null, "type": null, "name": "Armurerie royale", "building": null, "contact:instagram": null, "panoramax": null, "min_age": null, "check_date:panoramax": null, "sport": null, "payment:cards": null, "image": null, "clothes": null, "club": null, "second_hand": null, "phone:mobile": null, "harassment_prevention": null, "contact:mobile": null, "source:name:br": null, "name:br": null, "drive_through": null, "delivery": null, "currency:EUR": null, "start_date": null, "payment:cash": null, "addr:country": null, "entrance": null, "payment:debit_cards": null, "payment:credit_cards": null, "payment:visa": null, "payment:paypal": null, "payment:mastercard": null, "payment:maestro": null, "payment:cheque": null, "payment:cb": null, "facebook": null, "description": null, "wheelchair:entrance_width": null, "wheelchair:description": null, "short_name": null, "social_facility:for": null, "opening_hours:signed": null, "official_name": null, "check_date:opening_hours": null, "level": null, "amenity": null, "fax": null, "layer": "shop_weapons_France", "path": "Point?crs=EPSG:4326&field=full_id:string(0,0)&field=osm_id:string(0,0)&field=osm_type:string(0,0)&field=shop:string(0,0)&field=contact%3Ainstagram:string(0,0)&field=panoramax:string(0,0)&field=min_age:string(0,0)&field=check_date%3Apanoramax:string(0,0)&field=sport:string(0,0)&field=payment%3Acards:string(0,0)&field=image:string(0,0)&field=clothes:string(0,0)&field=type:string(0,0)&field=club:string(0,0)&field=second_hand:string(0,0)&field=ref%3AFR%3ASIREN:string(0,0)&field=phone%3Amobile:string(0,0)&field=harassment_prevention:string(0,0)&field=contact%3Amobile:string(0,0)&field=source%3Aname%3Abr:string(0,0)&field=name%3Abr:string(0,0)&field=drive_through:string(0,0)&field=delivery:string(0,0)&field=currency%3AEUR:string(0,0)&field=start_date:string(0,0)&field=contact%3Afacebook:string(0,0)&field=payment%3Acash:string(0,0)&field=addr%3Acountry:string(0,0)&field=entrance:string(0,0)&field=payment%3Adebit_cards:string(0,0)&field=payment%3Acredit_cards:string(0,0)&field=ref%3AFR%3ANAF:string(0,0)&field=payment%3Avisa:string(0,0)&field=payment%3Apaypal:string(0,0)&field=payment%3Amastercard:string(0,0)&field=payment%3Amaestro:string(0,0)&field=payment%3Acheque:string(0,0)&field=payment%3Acb:string(0,0)&field=facebook:string(0,0)&field=contact%3Aemail:string(0,0)&field=contact%3Aphone:string(0,0)&field=operator:string(0,0)&field=description:string(0,0)&field=wheelchair%3Aentrance_width:string(0,0)&field=wheelchair%3Adescription:string(0,0)&field=short_name:string(0,0)&field=social_facility%3Afor:string(0,0)&field=addr%3Acity:string(0,0)&field=opening_hours%3Asigned:string(0,0)&field=official_name:string(0,0)&field=check_date%3Aopening_hours:string(0,0)&field=level:string(0,0)&field=amenity:string(0,0)&field=survey%3Adate:string(0,0)&field=opening_hours:string(0,0)&field=fax:string(0,0)&field=email:string(0,0)&field=contact%3Awebsite:string(0,0)&field=contact%3Apostcode:string(0,0)&field=contact%3Acity:string(0,0)&field=contact%3Astreet:string(0,0)&field=contact%3Ahousenumber:string(0,0)&field=check_date:string(0,0)&field=phone:string(0,0)&field=addr%3Astreet:string(0,0)&field=addr%3Apostcode:string(0,0)&field=addr%3Ahousenumber:string(0,0)&field=wheelchair:string(0,0)&field=website:string(0,0)&field=ref%3AFR%3ASIRET:string(0,0)&field=name:string(0,0)&uid={4518d7bb-bdbd-4c09-8855-e4ec48aa2337}" }, "geometry": { "type": "Point", "coordinates": [ -0.3747166, 43.2987724 ] } },
{ "type": "Feature", "properties": { "full_id": "n5478948174", "osm_id": "5478948174", "osm_type": "node", "shop": "weapons", "check_date": null, "operator": null, "email": null, "disused:shop": null, "wheelchair": null, "contact:website": null, "building:levels": null, "survey:date": null, "addr:street": null, "addr:housenumber": null, "phone": null, "ref:FR:SIREN": null, "contact:housenumber": null, "contact:fax": null, "contact:email": null, "addr:postcode": null, "addr:city": null, "ref:vatin": null, "ref:FR:NAF": null, "opening_hours": null, "contact:street": null, "contact:postcode": null, "contact:phone": null, "contact:facebook": null, "contact:city": null, "ref:FR:SIRET": null, "website": null, "type": null, "name": "Corsic Armes", "building": null, "contact:instagram": null, "panoramax": null, "min_age": null, "check_date:panoramax": null, "sport": null, "payment:cards": null, "image": null, "clothes": null, "club": null, "second_hand": null, "phone:mobile": null, "harassment_prevention": null, "contact:mobile": null, "source:name:br": null, "name:br": null, "drive_through": null, "delivery": null, "currency:EUR": null, "start_date": null, "payment:cash": null, "addr:country": null, "entrance": null, "payment:debit_cards": null, "payment:credit_cards": null, "payment:visa": null, "payment:paypal": null, "payment:mastercard": null, "payment:maestro": null, "payment:cheque": null, "payment:cb": null, "facebook": null, "description": null, "wheelchair:entrance_width": null, "wheelchair:description": null, "short_name": null, "social_facility:for": null, "opening_hours:signed": null, "official_name": null, "check_date:opening_hours": null, "level": null, "amenity": null, "fax": null, "layer": "shop_weapons_France", "path": "Point?crs=EPSG:4326&field=full_id:string(0,0)&field=osm_id:string(0,0)&field=osm_type:string(0,0)&field=shop:string(0,0)&field=contact%3Ainstagram:string(0,0)&field=panoramax:string(0,0)&field=min_age:string(0,0)&field=check_date%3Apanoramax:string(0,0)&field=sport:string(0,0)&field=payment%3Acards:string(0,0)&field=image:string(0,0)&field=clothes:string(0,0)&field=type:string(0,0)&field=club:string(0,0)&field=second_hand:string(0,0)&field=ref%3AFR%3ASIREN:string(0,0)&field=phone%3Amobile:string(0,0)&field=harassment_prevention:string(0,0)&field=contact%3Amobile:string(0,0)&field=source%3Aname%3Abr:string(0,0)&field=name%3Abr:string(0,0)&field=drive_through:string(0,0)&field=delivery:string(0,0)&field=currency%3AEUR:string(0,0)&field=start_date:string(0,0)&field=contact%3Afacebook:string(0,0)&field=payment%3Acash:string(0,0)&field=addr%3Acountry:string(0,0)&field=entrance:string(0,0)&field=payment%3Adebit_cards:string(0,0)&field=payment%3Acredit_cards:string(0,0)&field=ref%3AFR%3ANAF:string(0,0)&field=payment%3Avisa:string(0,0)&field=payment%3Apaypal:string(0,0)&field=payment%3Amastercard:string(0,0)&field=payment%3Amaestro:string(0,0)&field=payment%3Acheque:string(0,0)&field=payment%3Acb:string(0,0)&field=facebook:string(0,0)&field=contact%3Aemail:string(0,0)&field=contact%3Aphone:string(0,0)&field=operator:string(0,0)&field=description:string(0,0)&field=wheelchair%3Aentrance_width:string(0,0)&field=wheelchair%3Adescription:string(0,0)&field=short_name:string(0,0)&field=social_facility%3Afor:string(0,0)&field=addr%3Acity:string(0,0)&field=opening_hours%3Asigned:string(0,0)&field=official_name:string(0,0)&field=check_date%3Aopening_hours:string(0,0)&field=level:string(0,0)&field=amenity:string(0,0)&field=survey%3Adate:string(0,0)&field=opening_hours:string(0,0)&field=fax:string(0,0)&field=email:string(0,0)&field=contact%3Awebsite:string(0,0)&field=contact%3Apostcode:string(0,0)&field=contact%3Acity:string(0,0)&field=contact%3Astreet:string(0,0)&field=contact%3Ahousenumber:string(0,0)&field=check_date:string(0,0)&field=phone:string(0,0)&field=addr%3Astreet:string(0,0)&field=addr%3Apostcode:string(0,0)&field=addr%3Ahousenumber:string(0,0)&field=wheelchair:string(0,0)&field=website:string(0,0)&field=ref%3AFR%3ASIRET:string(0,0)&field=name:string(0,0)&uid={4518d7bb-bdbd-4c09-8855-e4ec48aa2337}" }, "geometry": { "type": "Point", "coordinates": [ 2.2947711, 48.8435052 ] } },
{ "type": "Feature", "properties": { "full_id": "n5530832128", "osm_id": "5530832128", "osm_type": "node", "shop": "weapons", "check_date": null, "operator": null, "email": null, "disused:shop": null, "wheelchair": null, "contact:website": null, "building:levels": null, "survey:date": null, "addr:street": null, "addr:housenumber": null, "phone": null, "ref:FR:SIREN": null, "contact:housenumber": null, "contact:fax": null, "contact:email": null, "addr:postcode": null, "addr:city": null, "ref:vatin": null, "ref:FR:NAF": null, "opening_hours": null, "contact:street": null, "contact:postcode": null, "contact:phone": null, "contact:facebook": null, "contact:city": null, "ref:FR:SIRET": null, "website": null, "type": null, "name": "Chasse Pêche Durance Luberon", "building": null, "contact:instagram": null, "panoramax": null, "min_age": null, "check_date:panoramax": null, "sport": null, "payment:cards": null, "image": null, "clothes": null, "club": null, "second_hand": null, "phone:mobile": null, "harassment_prevention": null, "contact:mobile": null, "source:name:br": null, "name:br": null, "drive_through": null, "delivery": null, "currency:EUR": null, "start_date": null, "payment:cash": null, "addr:country": null, "entrance": null, "payment:debit_cards": null, "payment:credit_cards": null, "payment:visa": null, "payment:paypal": null, "payment:mastercard": null, "payment:maestro": null, "payment:cheque": null, "payment:cb": null, "facebook": null, "description": null, "wheelchair:entrance_width": null, "wheelchair:description": null, "short_name": null, "social_facility:for": null, "opening_hours:signed": null, "official_name": null, "check_date:opening_hours": null, "level": null, "amenity": null, "fax": null, "layer": "shop_weapons_France", "path": "Point?crs=EPSG:4326&field=full_id:string(0,0)&field=osm_id:string(0,0)&field=osm_type:string(0,0)&field=shop:string(0,0)&field=contact%3Ainstagram:string(0,0)&field=panoramax:string(0,0)&field=min_age:string(0,0)&field=check_date%3Apanoramax:string(0,0)&field=sport:string(0,0)&field=payment%3Acards:string(0,0)&field=image:string(0,0)&field=clothes:string(0,0)&field=type:string(0,0)&field=club:string(0,0)&field=second_hand:string(0,0)&field=ref%3AFR%3ASIREN:string(0,0)&field=phone%3Amobile:string(0,0)&field=harassment_prevention:string(0,0)&field=contact%3Amobile:string(0,0)&field=source%3Aname%3Abr:string(0,0)&field=name%3Abr:string(0,0)&field=drive_through:string(0,0)&field=delivery:string(0,0)&field=currency%3AEUR:string(0,0)&field=start_date:string(0,0)&field=contact%3Afacebook:string(0,0)&field=payment%3Acash:string(0,0)&field=addr%3Acountry:string(0,0)&field=entrance:string(0,0)&field=payment%3Adebit_cards:string(0,0)&field=payment%3Acredit_cards:string(0,0)&field=ref%3AFR%3ANAF:string(0,0)&field=payment%3Avisa:string(0,0)&field=payment%3Apaypal:string(0,0)&field=payment%3Amastercard:string(0,0)&field=payment%3Amaestro:string(0,0)&field=payment%3Acheque:string(0,0)&field=payment%3Acb:string(0,0)&field=facebook:string(0,0)&field=contact%3Aemail:string(0,0)&field=contact%3Aphone:string(0,0)&field=operator:string(0,0)&field=description:string(0,0)&field=wheelchair%3Aentrance_width:string(0,0)&field=wheelchair%3Adescription:string(0,0)&field=short_name:string(0,0)&field=social_facility%3Afor:string(0,0)&field=addr%3Acity:string(0,0)&field=opening_hours%3Asigned:string(0,0)&field=official_name:string(0,0)&field=check_date%3Aopening_hours:string(0,0)&field=level:string(0,0)&field=amenity:string(0,0)&field=survey%3Adate:string(0,0)&field=opening_hours:string(0,0)&field=fax:string(0,0)&field=email:string(0,0)&field=contact%3Awebsite:string(0,0)&field=contact%3Apostcode:string(0,0)&field=contact%3Acity:string(0,0)&field=contact%3Astreet:string(0,0)&field=contact%3Ahousenumber:string(0,0)&field=check_date:string(0,0)&field=phone:string(0,0)&field=addr%3Astreet:string(0,0)&field=addr%3Apostcode:string(0,0)&field=addr%3Ahousenumber:string(0,0)&field=wheelchair:string(0,0)&field=website:string(0,0)&field=ref%3AFR%3ASIRET:string(0,0)&field=name:string(0,0)&uid={4518d7bb-bdbd-4c09-8855-e4ec48aa2337}" }, "geometry": { "type": "Point", "coordinates": [ 5.5031687, 43.6902087 ] } },
{ "type": "Feature", "properties": { "full_id": "n5565175244", "osm_id": "5565175244", "osm_type": "node", "shop": "weapons", "check_date": null, "operator": null, "email": null, "disused:shop": null, "wheelchair": "limited", "contact:website": null, "building:levels": null, "survey:date": null, "addr:street": null, "addr:housenumber": null, "phone": "+33 1 46 57 60 27", "ref:FR:SIREN": null, "contact:housenumber": null, "contact:fax": null, "contact:email": null, "addr:postcode": null, "addr:city": null, "ref:vatin": null, "ref:FR:NAF": null, "opening_hours": null, "contact:street": null, "contact:postcode": null, "contact:phone": null, "contact:facebook": null, "contact:city": null, "ref:FR:SIRET": null, "website": "https://eric-briano-armurier.com/", "type": null, "name": "Eric Briano", "building": null, "contact:instagram": null, "panoramax": null, "min_age": null, "check_date:panoramax": null, "sport": null, "payment:cards": null, "image": null, "clothes": null, "club": null, "second_hand": null, "phone:mobile": null, "harassment_prevention": null, "contact:mobile": null, "source:name:br": null, "name:br": null, "drive_through": null, "delivery": null, "currency:EUR": null, "start_date": null, "payment:cash": null, "addr:country": null, "entrance": null, "payment:debit_cards": "yes", "payment:credit_cards": "yes", "payment:visa": null, "payment:paypal": null, "payment:mastercard": null, "payment:maestro": null, "payment:cheque": null, "payment:cb": null, "facebook": null, "description": null, "wheelchair:entrance_width": null, "wheelchair:description": null, "short_name": null, "social_facility:for": null, "opening_hours:signed": null, "official_name": null, "check_date:opening_hours": null, "level": null, "amenity": null, "fax": null, "layer": "shop_weapons_France", "path": "Point?crs=EPSG:4326&field=full_id:string(0,0)&field=osm_id:string(0,0)&field=osm_type:string(0,0)&field=shop:string(0,0)&field=contact%3Ainstagram:string(0,0)&field=panoramax:string(0,0)&field=min_age:string(0,0)&field=check_date%3Apanoramax:string(0,0)&field=sport:string(0,0)&field=payment%3Acards:string(0,0)&field=image:string(0,0)&field=clothes:string(0,0)&field=type:string(0,0)&field=club:string(0,0)&field=second_hand:string(0,0)&field=ref%3AFR%3ASIREN:string(0,0)&field=phone%3Amobile:string(0,0)&field=harassment_prevention:string(0,0)&field=contact%3Amobile:string(0,0)&field=source%3Aname%3Abr:string(0,0)&field=name%3Abr:string(0,0)&field=drive_through:string(0,0)&field=delivery:string(0,0)&field=currency%3AEUR:string(0,0)&field=start_date:string(0,0)&field=contact%3Afacebook:string(0,0)&field=payment%3Acash:string(0,0)&field=addr%3Acountry:string(0,0)&field=entrance:string(0,0)&field=payment%3Adebit_cards:string(0,0)&field=payment%3Acredit_cards:string(0,0)&field=ref%3AFR%3ANAF:string(0,0)&field=payment%3Avisa:string(0,0)&field=payment%3Apaypal:string(0,0)&field=payment%3Amastercard:string(0,0)&field=payment%3Amaestro:string(0,0)&field=payment%3Acheque:string(0,0)&field=payment%3Acb:string(0,0)&field=facebook:string(0,0)&field=contact%3Aemail:string(0,0)&field=contact%3Aphone:string(0,0)&field=operator:string(0,0)&field=description:string(0,0)&field=wheelchair%3Aentrance_width:string(0,0)&field=wheelchair%3Adescription:string(0,0)&field=short_name:string(0,0)&field=social_facility%3Afor:string(0,0)&field=addr%3Acity:string(0,0)&field=opening_hours%3Asigned:string(0,0)&field=official_name:string(0,0)&field=check_date%3Aopening_hours:string(0,0)&field=level:string(0,0)&field=amenity:string(0,0)&field=survey%3Adate:string(0,0)&field=opening_hours:string(0,0)&field=fax:string(0,0)&field=email:string(0,0)&field=contact%3Awebsite:string(0,0)&field=contact%3Apostcode:string(0,0)&field=contact%3Acity:string(0,0)&field=contact%3Astreet:string(0,0)&field=contact%3Ahousenumber:string(0,0)&field=check_date:string(0,0)&field=phone:string(0,0)&field=addr%3Astreet:string(0,0)&field=addr%3Apostcode:string(0,0)&field=addr%3Ahousenumber:string(0,0)&field=wheelchair:string(0,0)&field=website:string(0,0)&field=ref%3AFR%3ASIRET:string(0,0)&field=name:string(0,0)&uid={4518d7bb-bdbd-4c09-8855-e4ec48aa2337}" }, "geometry": { "type": "Point", "coordinates": [ 2.3201063, 48.8140802 ] } },
{ "type": "Feature", "properties": { "full_id": "n5613179444", "osm_id": "5613179444", "osm_type": "node", "shop": "weapons", "check_date": null, "operator": null, "email": null, "disused:shop": null, "wheelchair": null, "contact:website": null, "building:levels": null, "survey:date": null, "addr:street": "Place des Halles", "addr:housenumber": "8", "phone": "+33 2 37 47 05 95", "ref:FR:SIREN": null, "contact:housenumber": null, "contact:fax": null, "contact:email": null, "addr:postcode": "28160", "addr:city": "Brou", "ref:vatin": null, "ref:FR:NAF": null, "opening_hours": null, "contact:street": null, "contact:postcode": null, "contact:phone": null, "contact:facebook": null, "contact:city": null, "ref:FR:SIRET": null, "website": null, "type": null, "name": "Armurerie Vouzelaud", "building": null, "contact:instagram": null, "panoramax": null, "min_age": null, "check_date:panoramax": null, "sport": null, "payment:cards": null, "image": null, "clothes": null, "club": null, "second_hand": null, "phone:mobile": null, "harassment_prevention": null, "contact:mobile": null, "source:name:br": null, "name:br": null, "drive_through": null, "delivery": null, "currency:EUR": null, "start_date": null, "payment:cash": null, "addr:country": null, "entrance": null, "payment:debit_cards": null, "payment:credit_cards": null, "payment:visa": null, "payment:paypal": null, "payment:mastercard": null, "payment:maestro": null, "payment:cheque": null, "payment:cb": null, "facebook": null, "description": null, "wheelchair:entrance_width": null, "wheelchair:description": null, "short_name": null, "social_facility:for": null, "opening_hours:signed": null, "official_name": null, "check_date:opening_hours": null, "level": null, "amenity": null, "fax": null, "layer": "shop_weapons_France", "path": "Point?crs=EPSG:4326&field=full_id:string(0,0)&field=osm_id:string(0,0)&field=osm_type:string(0,0)&field=shop:string(0,0)&field=contact%3Ainstagram:string(0,0)&field=panoramax:string(0,0)&field=min_age:string(0,0)&field=check_date%3Apanoramax:string(0,0)&field=sport:string(0,0)&field=payment%3Acards:string(0,0)&field=image:string(0,0)&field=clothes:string(0,0)&field=type:string(0,0)&field=club:string(0,0)&field=second_hand:string(0,0)&field=ref%3AFR%3ASIREN:string(0,0)&field=phone%3Amobile:string(0,0)&field=harassment_prevention:string(0,0)&field=contact%3Amobile:string(0,0)&field=source%3Aname%3Abr:string(0,0)&field=name%3Abr:string(0,0)&field=drive_through:string(0,0)&field=delivery:string(0,0)&field=currency%3AEUR:string(0,0)&field=start_date:string(0,0)&field=contact%3Afacebook:string(0,0)&field=payment%3Acash:string(0,0)&field=addr%3Acountry:string(0,0)&field=entrance:string(0,0)&field=payment%3Adebit_cards:string(0,0)&field=payment%3Acredit_cards:string(0,0)&field=ref%3AFR%3ANAF:string(0,0)&field=payment%3Avisa:string(0,0)&field=payment%3Apaypal:string(0,0)&field=payment%3Amastercard:string(0,0)&field=payment%3Amaestro:string(0,0)&field=payment%3Acheque:string(0,0)&field=payment%3Acb:string(0,0)&field=facebook:string(0,0)&field=contact%3Aemail:string(0,0)&field=contact%3Aphone:string(0,0)&field=operator:string(0,0)&field=description:string(0,0)&field=wheelchair%3Aentrance_width:string(0,0)&field=wheelchair%3Adescription:string(0,0)&field=short_name:string(0,0)&field=social_facility%3Afor:string(0,0)&field=addr%3Acity:string(0,0)&field=opening_hours%3Asigned:string(0,0)&field=official_name:string(0,0)&field=check_date%3Aopening_hours:string(0,0)&field=level:string(0,0)&field=amenity:string(0,0)&field=survey%3Adate:string(0,0)&field=opening_hours:string(0,0)&field=fax:string(0,0)&field=email:string(0,0)&field=contact%3Awebsite:string(0,0)&field=contact%3Apostcode:string(0,0)&field=contact%3Acity:string(0,0)&field=contact%3Astreet:string(0,0)&field=contact%3Ahousenumber:string(0,0)&field=check_date:string(0,0)&field=phone:string(0,0)&field=addr%3Astreet:string(0,0)&field=addr%3Apostcode:string(0,0)&field=addr%3Ahousenumber:string(0,0)&field=wheelchair:string(0,0)&field=website:string(0,0)&field=ref%3AFR%3ASIRET:string(0,0)&field=name:string(0,0)&uid={4518d7bb-bdbd-4c09-8855-e4ec48aa2337}" }, "geometry": { "type": "Point", "coordinates": [ 1.1680643, 48.2101132 ] } },
{ "type": "Feature", "properties": { "full_id": "n5715602703", "osm_id": "5715602703", "osm_type": "node", "shop": "weapons", "check_date": null, "operator": null, "email": null, "disused:shop": null, "wheelchair": null, "contact:website": null, "building:levels": null, "survey:date": null, "addr:street": "Rue Gabriel Péri", "addr:housenumber": "1", "phone": "+33 4 94 70 00 44", "ref:FR:SIREN": null, "contact:housenumber": null, "contact:fax": null, "contact:email": null, "addr:postcode": "83630", "addr:city": "Aups", "ref:vatin": null, "ref:FR:NAF": null, "opening_hours": "Tu-Fr 09:00-12:15,14:00-19:00; We 09:00-12:15; Sa 09:00-12:15,14:00-18:00", "contact:street": null, "contact:postcode": null, "contact:phone": null, "contact:facebook": null, "contact:city": null, "ref:FR:SIRET": "31201727000025", "website": null, "type": null, "name": "Armurerie du Haut Var", "building": null, "contact:instagram": null, "panoramax": null, "min_age": null, "check_date:panoramax": null, "sport": null, "payment:cards": null, "image": null, "clothes": null, "club": null, "second_hand": null, "phone:mobile": null, "harassment_prevention": null, "contact:mobile": null, "source:name:br": null, "name:br": null, "drive_through": null, "delivery": null, "currency:EUR": null, "start_date": null, "payment:cash": null, "addr:country": null, "entrance": null, "payment:debit_cards": null, "payment:credit_cards": null, "payment:visa": null, "payment:paypal": null, "payment:mastercard": null, "payment:maestro": null, "payment:cheque": null, "payment:cb": null, "facebook": null, "description": null, "wheelchair:entrance_width": null, "wheelchair:description": null, "short_name": null, "social_facility:for": null, "opening_hours:signed": null, "official_name": null, "check_date:opening_hours": null, "level": null, "amenity": null, "fax": null, "layer": "shop_weapons_France", "path": "Point?crs=EPSG:4326&field=full_id:string(0,0)&field=osm_id:string(0,0)&field=osm_type:string(0,0)&field=shop:string(0,0)&field=contact%3Ainstagram:string(0,0)&field=panoramax:string(0,0)&field=min_age:string(0,0)&field=check_date%3Apanoramax:string(0,0)&field=sport:string(0,0)&field=payment%3Acards:string(0,0)&field=image:string(0,0)&field=clothes:string(0,0)&field=type:string(0,0)&field=club:string(0,0)&field=second_hand:string(0,0)&field=ref%3AFR%3ASIREN:string(0,0)&field=phone%3Amobile:string(0,0)&field=harassment_prevention:string(0,0)&field=contact%3Amobile:string(0,0)&field=source%3Aname%3Abr:string(0,0)&field=name%3Abr:string(0,0)&field=drive_through:string(0,0)&field=delivery:string(0,0)&field=currency%3AEUR:string(0,0)&field=start_date:string(0,0)&field=contact%3Afacebook:string(0,0)&field=payment%3Acash:string(0,0)&field=addr%3Acountry:string(0,0)&field=entrance:string(0,0)&field=payment%3Adebit_cards:string(0,0)&field=payment%3Acredit_cards:string(0,0)&field=ref%3AFR%3ANAF:string(0,0)&field=payment%3Avisa:string(0,0)&field=payment%3Apaypal:string(0,0)&field=payment%3Amastercard:string(0,0)&field=payment%3Amaestro:string(0,0)&field=payment%3Acheque:string(0,0)&field=payment%3Acb:string(0,0)&field=facebook:string(0,0)&field=contact%3Aemail:string(0,0)&field=contact%3Aphone:string(0,0)&field=operator:string(0,0)&field=description:string(0,0)&field=wheelchair%3Aentrance_width:string(0,0)&field=wheelchair%3Adescription:string(0,0)&field=short_name:string(0,0)&field=social_facility%3Afor:string(0,0)&field=addr%3Acity:string(0,0)&field=opening_hours%3Asigned:string(0,0)&field=official_name:string(0,0)&field=check_date%3Aopening_hours:string(0,0)&field=level:string(0,0)&field=amenity:string(0,0)&field=survey%3Adate:string(0,0)&field=opening_hours:string(0,0)&field=fax:string(0,0)&field=email:string(0,0)&field=contact%3Awebsite:string(0,0)&field=contact%3Apostcode:string(0,0)&field=contact%3Acity:string(0,0)&field=contact%3Astreet:string(0,0)&field=contact%3Ahousenumber:string(0,0)&field=check_date:string(0,0)&field=phone:string(0,0)&field=addr%3Astreet:string(0,0)&field=addr%3Apostcode:string(0,0)&field=addr%3Ahousenumber:string(0,0)&field=wheelchair:string(0,0)&field=website:string(0,0)&field=ref%3AFR%3ASIRET:string(0,0)&field=name:string(0,0)&uid={4518d7bb-bdbd-4c09-8855-e4ec48aa2337}" }, "geometry": { "type": "Point", "coordinates": [ 6.2241599, 43.6275817 ] } },
{ "type": "Feature", "properties": { "full_id": "n5796696669", "osm_id": "5796696669", "osm_type": "node", "shop": "weapons", "check_date": null, "operator": null, "email": "boutique@armurerie-pascal.com", "disused:shop": null, "wheelchair": null, "contact:website": null, "building:levels": null, "survey:date": null, "addr:street": null, "addr:housenumber": null, "phone": "+33143645660", "ref:FR:SIREN": null, "contact:housenumber": "166", "contact:fax": null, "contact:email": null, "addr:postcode": null, "addr:city": null, "ref:vatin": null, "ref:FR:NAF": null, "opening_hours": "Mo 09:30-18:00; Tu-Sa 09:30-18:45; Su,PH off", "contact:street": "Boulevard Mortier", "contact:postcode": "75020", "contact:phone": null, "contact:facebook": null, "contact:city": "Paris", "ref:FR:SIRET": null, "website": "https://www.armurerie-pascal.com/", "type": null, "name": "Armurerie Pascal", "building": null, "contact:instagram": null, "panoramax": null, "min_age": null, "check_date:panoramax": null, "sport": null, "payment:cards": null, "image": null, "clothes": null, "club": null, "second_hand": null, "phone:mobile": null, "harassment_prevention": null, "contact:mobile": null, "source:name:br": null, "name:br": null, "drive_through": null, "delivery": null, "currency:EUR": null, "start_date": null, "payment:cash": null, "addr:country": null, "entrance": null, "payment:debit_cards": null, "payment:credit_cards": null, "payment:visa": null, "payment:paypal": null, "payment:mastercard": null, "payment:maestro": null, "payment:cheque": null, "payment:cb": null, "facebook": null, "description": null, "wheelchair:entrance_width": null, "wheelchair:description": null, "short_name": null, "social_facility:for": null, "opening_hours:signed": null, "official_name": null, "check_date:opening_hours": null, "level": null, "amenity": null, "fax": null, "layer": "shop_weapons_France", "path": "Point?crs=EPSG:4326&field=full_id:string(0,0)&field=osm_id:string(0,0)&field=osm_type:string(0,0)&field=shop:string(0,0)&field=contact%3Ainstagram:string(0,0)&field=panoramax:string(0,0)&field=min_age:string(0,0)&field=check_date%3Apanoramax:string(0,0)&field=sport:string(0,0)&field=payment%3Acards:string(0,0)&field=image:string(0,0)&field=clothes:string(0,0)&field=type:string(0,0)&field=club:string(0,0)&field=second_hand:string(0,0)&field=ref%3AFR%3ASIREN:string(0,0)&field=phone%3Amobile:string(0,0)&field=harassment_prevention:string(0,0)&field=contact%3Amobile:string(0,0)&field=source%3Aname%3Abr:string(0,0)&field=name%3Abr:string(0,0)&field=drive_through:string(0,0)&field=delivery:string(0,0)&field=currency%3AEUR:string(0,0)&field=start_date:string(0,0)&field=contact%3Afacebook:string(0,0)&field=payment%3Acash:string(0,0)&field=addr%3Acountry:string(0,0)&field=entrance:string(0,0)&field=payment%3Adebit_cards:string(0,0)&field=payment%3Acredit_cards:string(0,0)&field=ref%3AFR%3ANAF:string(0,0)&field=payment%3Avisa:string(0,0)&field=payment%3Apaypal:string(0,0)&field=payment%3Amastercard:string(0,0)&field=payment%3Amaestro:string(0,0)&field=payment%3Acheque:string(0,0)&field=payment%3Acb:string(0,0)&field=facebook:string(0,0)&field=contact%3Aemail:string(0,0)&field=contact%3Aphone:string(0,0)&field=operator:string(0,0)&field=description:string(0,0)&field=wheelchair%3Aentrance_width:string(0,0)&field=wheelchair%3Adescription:string(0,0)&field=short_name:string(0,0)&field=social_facility%3Afor:string(0,0)&field=addr%3Acity:string(0,0)&field=opening_hours%3Asigned:string(0,0)&field=official_name:string(0,0)&field=check_date%3Aopening_hours:string(0,0)&field=level:string(0,0)&field=amenity:string(0,0)&field=survey%3Adate:string(0,0)&field=opening_hours:string(0,0)&field=fax:string(0,0)&field=email:string(0,0)&field=contact%3Awebsite:string(0,0)&field=contact%3Apostcode:string(0,0)&field=contact%3Acity:string(0,0)&field=contact%3Astreet:string(0,0)&field=contact%3Ahousenumber:string(0,0)&field=check_date:string(0,0)&field=phone:string(0,0)&field=addr%3Astreet:string(0,0)&field=addr%3Apostcode:string(0,0)&field=addr%3Ahousenumber:string(0,0)&field=wheelchair:string(0,0)&field=website:string(0,0)&field=ref%3AFR%3ASIRET:string(0,0)&field=name:string(0,0)&uid={4518d7bb-bdbd-4c09-8855-e4ec48aa2337}" }, "geometry": { "type": "Point", "coordinates": [ 2.4072282, 48.8767945 ] } },
{ "type": "Feature", "properties": { "full_id": "n6017884886", "osm_id": "6017884886", "osm_type": "node", "shop": "weapons", "check_date": null, "operator": null, "email": null, "disused:shop": null, "wheelchair": null, "contact:website": null, "building:levels": null, "survey:date": null, "addr:street": "Route de Vannes", "addr:housenumber": "98", "phone": null, "ref:FR:SIREN": null, "contact:housenumber": null, "contact:fax": null, "contact:email": null, "addr:postcode": "44100", "addr:city": "Nantes", "ref:vatin": null, "ref:FR:NAF": null, "opening_hours": "Tu-Sa 10:00-13:00,13:30-18:00", "contact:street": null, "contact:postcode": null, "contact:phone": null, "contact:facebook": null, "contact:city": null, "ref:FR:SIRET": null, "website": null, "type": null, "name": "Open Airsoft", "building": null, "contact:instagram": null, "panoramax": null, "min_age": null, "check_date:panoramax": null, "sport": null, "payment:cards": null, "image": null, "clothes": null, "club": null, "second_hand": null, "phone:mobile": null, "harassment_prevention": null, "contact:mobile": null, "source:name:br": null, "name:br": null, "drive_through": null, "delivery": null, "currency:EUR": null, "start_date": null, "payment:cash": null, "addr:country": null, "entrance": null, "payment:debit_cards": null, "payment:credit_cards": null, "payment:visa": null, "payment:paypal": null, "payment:mastercard": null, "payment:maestro": null, "payment:cheque": null, "payment:cb": null, "facebook": null, "description": null, "wheelchair:entrance_width": null, "wheelchair:description": null, "short_name": null, "social_facility:for": null, "opening_hours:signed": null, "official_name": null, "check_date:opening_hours": null, "level": null, "amenity": null, "fax": null, "layer": "shop_weapons_France", "path": "Point?crs=EPSG:4326&field=full_id:string(0,0)&field=osm_id:string(0,0)&field=osm_type:string(0,0)&field=shop:string(0,0)&field=contact%3Ainstagram:string(0,0)&field=panoramax:string(0,0)&field=min_age:string(0,0)&field=check_date%3Apanoramax:string(0,0)&field=sport:string(0,0)&field=payment%3Acards:string(0,0)&field=image:string(0,0)&field=clothes:string(0,0)&field=type:string(0,0)&field=club:string(0,0)&field=second_hand:string(0,0)&field=ref%3AFR%3ASIREN:string(0,0)&field=phone%3Amobile:string(0,0)&field=harassment_prevention:string(0,0)&field=contact%3Amobile:string(0,0)&field=source%3Aname%3Abr:string(0,0)&field=name%3Abr:string(0,0)&field=drive_through:string(0,0)&field=delivery:string(0,0)&field=currency%3AEUR:string(0,0)&field=start_date:string(0,0)&field=contact%3Afacebook:string(0,0)&field=payment%3Acash:string(0,0)&field=addr%3Acountry:string(0,0)&field=entrance:string(0,0)&field=payment%3Adebit_cards:string(0,0)&field=payment%3Acredit_cards:string(0,0)&field=ref%3AFR%3ANAF:string(0,0)&field=payment%3Avisa:string(0,0)&field=payment%3Apaypal:string(0,0)&field=payment%3Amastercard:string(0,0)&field=payment%3Amaestro:string(0,0)&field=payment%3Acheque:string(0,0)&field=payment%3Acb:string(0,0)&field=facebook:string(0,0)&field=contact%3Aemail:string(0,0)&field=contact%3Aphone:string(0,0)&field=operator:string(0,0)&field=description:string(0,0)&field=wheelchair%3Aentrance_width:string(0,0)&field=wheelchair%3Adescription:string(0,0)&field=short_name:string(0,0)&field=social_facility%3Afor:string(0,0)&field=addr%3Acity:string(0,0)&field=opening_hours%3Asigned:string(0,0)&field=official_name:string(0,0)&field=check_date%3Aopening_hours:string(0,0)&field=level:string(0,0)&field=amenity:string(0,0)&field=survey%3Adate:string(0,0)&field=opening_hours:string(0,0)&field=fax:string(0,0)&field=email:string(0,0)&field=contact%3Awebsite:string(0,0)&field=contact%3Apostcode:string(0,0)&field=contact%3Acity:string(0,0)&field=contact%3Astreet:string(0,0)&field=contact%3Ahousenumber:string(0,0)&field=check_date:string(0,0)&field=phone:string(0,0)&field=addr%3Astreet:string(0,0)&field=addr%3Apostcode:string(0,0)&field=addr%3Ahousenumber:string(0,0)&field=wheelchair:string(0,0)&field=website:string(0,0)&field=ref%3AFR%3ASIRET:string(0,0)&field=name:string(0,0)&uid={4518d7bb-bdbd-4c09-8855-e4ec48aa2337}" }, "geometry": { "type": "Point", "coordinates": [ -1.5838479, 47.2360384 ] } },
{ "type": "Feature", "properties": { "full_id": "n6163360867", "osm_id": "6163360867", "osm_type": "node", "shop": "weapons", "check_date": null, "operator": null, "email": null, "disused:shop": null, "wheelchair": "no", "contact:website": null, "building:levels": null, "survey:date": "2023-01-27", "addr:street": "Boulevard Casimir Pelloutier", "addr:housenumber": "24", "phone": null, "ref:FR:SIREN": null, "contact:housenumber": null, "contact:fax": null, "contact:email": null, "addr:postcode": null, "addr:city": "Manosque", "ref:vatin": null, "ref:FR:NAF": null, "opening_hours": null, "contact:street": null, "contact:postcode": null, "contact:phone": null, "contact:facebook": null, "contact:city": null, "ref:FR:SIRET": null, "website": null, "type": null, "name": null, "building": null, "contact:instagram": null, "panoramax": null, "min_age": null, "check_date:panoramax": null, "sport": null, "payment:cards": null, "image": null, "clothes": null, "club": null, "second_hand": null, "phone:mobile": null, "harassment_prevention": null, "contact:mobile": null, "source:name:br": null, "name:br": null, "drive_through": null, "delivery": null, "currency:EUR": null, "start_date": null, "payment:cash": null, "addr:country": null, "entrance": null, "payment:debit_cards": null, "payment:credit_cards": null, "payment:visa": null, "payment:paypal": null, "payment:mastercard": null, "payment:maestro": null, "payment:cheque": null, "payment:cb": null, "facebook": null, "description": null, "wheelchair:entrance_width": null, "wheelchair:description": null, "short_name": null, "social_facility:for": null, "opening_hours:signed": null, "official_name": null, "check_date:opening_hours": null, "level": null, "amenity": null, "fax": null, "layer": "shop_weapons_France", "path": "Point?crs=EPSG:4326&field=full_id:string(0,0)&field=osm_id:string(0,0)&field=osm_type:string(0,0)&field=shop:string(0,0)&field=contact%3Ainstagram:string(0,0)&field=panoramax:string(0,0)&field=min_age:string(0,0)&field=check_date%3Apanoramax:string(0,0)&field=sport:string(0,0)&field=payment%3Acards:string(0,0)&field=image:string(0,0)&field=clothes:string(0,0)&field=type:string(0,0)&field=club:string(0,0)&field=second_hand:string(0,0)&field=ref%3AFR%3ASIREN:string(0,0)&field=phone%3Amobile:string(0,0)&field=harassment_prevention:string(0,0)&field=contact%3Amobile:string(0,0)&field=source%3Aname%3Abr:string(0,0)&field=name%3Abr:string(0,0)&field=drive_through:string(0,0)&field=delivery:string(0,0)&field=currency%3AEUR:string(0,0)&field=start_date:string(0,0)&field=contact%3Afacebook:string(0,0)&field=payment%3Acash:string(0,0)&field=addr%3Acountry:string(0,0)&field=entrance:string(0,0)&field=payment%3Adebit_cards:string(0,0)&field=payment%3Acredit_cards:string(0,0)&field=ref%3AFR%3ANAF:string(0,0)&field=payment%3Avisa:string(0,0)&field=payment%3Apaypal:string(0,0)&field=payment%3Amastercard:string(0,0)&field=payment%3Amaestro:string(0,0)&field=payment%3Acheque:string(0,0)&field=payment%3Acb:string(0,0)&field=facebook:string(0,0)&field=contact%3Aemail:string(0,0)&field=contact%3Aphone:string(0,0)&field=operator:string(0,0)&field=description:string(0,0)&field=wheelchair%3Aentrance_width:string(0,0)&field=wheelchair%3Adescription:string(0,0)&field=short_name:string(0,0)&field=social_facility%3Afor:string(0,0)&field=addr%3Acity:string(0,0)&field=opening_hours%3Asigned:string(0,0)&field=official_name:string(0,0)&field=check_date%3Aopening_hours:string(0,0)&field=level:string(0,0)&field=amenity:string(0,0)&field=survey%3Adate:string(0,0)&field=opening_hours:string(0,0)&field=fax:string(0,0)&field=email:string(0,0)&field=contact%3Awebsite:string(0,0)&field=contact%3Apostcode:string(0,0)&field=contact%3Acity:string(0,0)&field=contact%3Astreet:string(0,0)&field=contact%3Ahousenumber:string(0,0)&field=check_date:string(0,0)&field=phone:string(0,0)&field=addr%3Astreet:string(0,0)&field=addr%3Apostcode:string(0,0)&field=addr%3Ahousenumber:string(0,0)&field=wheelchair:string(0,0)&field=website:string(0,0)&field=ref%3AFR%3ASIRET:string(0,0)&field=name:string(0,0)&uid={4518d7bb-bdbd-4c09-8855-e4ec48aa2337}" }, "geometry": { "type": "Point", "coordinates": [ 5.7816788, 43.8347554 ] } },
{ "type": "Feature", "properties": { "full_id": "n6163869693", "osm_id": "6163869693", "osm_type": "node", "shop": "weapons", "check_date": null, "operator": null, "email": null, "disused:shop": null, "wheelchair": null, "contact:website": null, "building:levels": null, "survey:date": null, "addr:street": null, "addr:housenumber": null, "phone": null, "ref:FR:SIREN": null, "contact:housenumber": null, "contact:fax": null, "contact:email": null, "addr:postcode": null, "addr:city": null, "ref:vatin": null, "ref:FR:NAF": null, "opening_hours": null, "contact:street": null, "contact:postcode": null, "contact:phone": null, "contact:facebook": null, "contact:city": null, "ref:FR:SIRET": null, "website": null, "type": null, "name": "Armurerie", "building": null, "contact:instagram": null, "panoramax": null, "min_age": null, "check_date:panoramax": null, "sport": null, "payment:cards": null, "image": null, "clothes": null, "club": null, "second_hand": null, "phone:mobile": null, "harassment_prevention": null, "contact:mobile": null, "source:name:br": null, "name:br": null, "drive_through": null, "delivery": null, "currency:EUR": null, "start_date": null, "payment:cash": null, "addr:country": null, "entrance": null, "payment:debit_cards": null, "payment:credit_cards": null, "payment:visa": null, "payment:paypal": null, "payment:mastercard": null, "payment:maestro": null, "payment:cheque": null, "payment:cb": null, "facebook": null, "description": null, "wheelchair:entrance_width": null, "wheelchair:description": null, "short_name": null, "social_facility:for": null, "opening_hours:signed": null, "official_name": null, "check_date:opening_hours": null, "level": null, "amenity": null, "fax": null, "layer": "shop_weapons_France", "path": "Point?crs=EPSG:4326&field=full_id:string(0,0)&field=osm_id:string(0,0)&field=osm_type:string(0,0)&field=shop:string(0,0)&field=contact%3Ainstagram:string(0,0)&field=panoramax:string(0,0)&field=min_age:string(0,0)&field=check_date%3Apanoramax:string(0,0)&field=sport:string(0,0)&field=payment%3Acards:string(0,0)&field=image:string(0,0)&field=clothes:string(0,0)&field=type:string(0,0)&field=club:string(0,0)&field=second_hand:string(0,0)&field=ref%3AFR%3ASIREN:string(0,0)&field=phone%3Amobile:string(0,0)&field=harassment_prevention:string(0,0)&field=contact%3Amobile:string(0,0)&field=source%3Aname%3Abr:string(0,0)&field=name%3Abr:string(0,0)&field=drive_through:string(0,0)&field=delivery:string(0,0)&field=currency%3AEUR:string(0,0)&field=start_date:string(0,0)&field=contact%3Afacebook:string(0,0)&field=payment%3Acash:string(0,0)&field=addr%3Acountry:string(0,0)&field=entrance:string(0,0)&field=payment%3Adebit_cards:string(0,0)&field=payment%3Acredit_cards:string(0,0)&field=ref%3AFR%3ANAF:string(0,0)&field=payment%3Avisa:string(0,0)&field=payment%3Apaypal:string(0,0)&field=payment%3Amastercard:string(0,0)&field=payment%3Amaestro:string(0,0)&field=payment%3Acheque:string(0,0)&field=payment%3Acb:string(0,0)&field=facebook:string(0,0)&field=contact%3Aemail:string(0,0)&field=contact%3Aphone:string(0,0)&field=operator:string(0,0)&field=description:string(0,0)&field=wheelchair%3Aentrance_width:string(0,0)&field=wheelchair%3Adescription:string(0,0)&field=short_name:string(0,0)&field=social_facility%3Afor:string(0,0)&field=addr%3Acity:string(0,0)&field=opening_hours%3Asigned:string(0,0)&field=official_name:string(0,0)&field=check_date%3Aopening_hours:string(0,0)&field=level:string(0,0)&field=amenity:string(0,0)&field=survey%3Adate:string(0,0)&field=opening_hours:string(0,0)&field=fax:string(0,0)&field=email:string(0,0)&field=contact%3Awebsite:string(0,0)&field=contact%3Apostcode:string(0,0)&field=contact%3Acity:string(0,0)&field=contact%3Astreet:string(0,0)&field=contact%3Ahousenumber:string(0,0)&field=check_date:string(0,0)&field=phone:string(0,0)&field=addr%3Astreet:string(0,0)&field=addr%3Apostcode:string(0,0)&field=addr%3Ahousenumber:string(0,0)&field=wheelchair:string(0,0)&field=website:string(0,0)&field=ref%3AFR%3ASIRET:string(0,0)&field=name:string(0,0)&uid={4518d7bb-bdbd-4c09-8855-e4ec48aa2337}" }, "geometry": { "type": "Point", "coordinates": [ 1.9414167, 47.7126412 ] } },
{ "type": "Feature", "properties": { "full_id": "n6163869695", "osm_id": "6163869695", "osm_type": "node", "shop": "weapons", "check_date": null, "operator": null, "email": null, "disused:shop": null, "wheelchair": null, "contact:website": null, "building:levels": null, "survey:date": null, "addr:street": null, "addr:housenumber": null, "phone": null, "ref:FR:SIREN": null, "contact:housenumber": null, "contact:fax": null, "contact:email": null, "addr:postcode": null, "addr:city": null, "ref:vatin": null, "ref:FR:NAF": null, "opening_hours": null, "contact:street": null, "contact:postcode": null, "contact:phone": null, "contact:facebook": null, "contact:city": null, "ref:FR:SIRET": null, "website": null, "type": null, "name": null, "building": null, "contact:instagram": null, "panoramax": null, "min_age": null, "check_date:panoramax": null, "sport": null, "payment:cards": null, "image": null, "clothes": null, "club": null, "second_hand": null, "phone:mobile": null, "harassment_prevention": null, "contact:mobile": null, "source:name:br": null, "name:br": null, "drive_through": null, "delivery": null, "currency:EUR": null, "start_date": null, "payment:cash": null, "addr:country": null, "entrance": null, "payment:debit_cards": null, "payment:credit_cards": null, "payment:visa": null, "payment:paypal": null, "payment:mastercard": null, "payment:maestro": null, "payment:cheque": null, "payment:cb": null, "facebook": null, "description": null, "wheelchair:entrance_width": null, "wheelchair:description": null, "short_name": null, "social_facility:for": null, "opening_hours:signed": null, "official_name": null, "check_date:opening_hours": null, "level": null, "amenity": null, "fax": null, "layer": "shop_weapons_France", "path": "Point?crs=EPSG:4326&field=full_id:string(0,0)&field=osm_id:string(0,0)&field=osm_type:string(0,0)&field=shop:string(0,0)&field=contact%3Ainstagram:string(0,0)&field=panoramax:string(0,0)&field=min_age:string(0,0)&field=check_date%3Apanoramax:string(0,0)&field=sport:string(0,0)&field=payment%3Acards:string(0,0)&field=image:string(0,0)&field=clothes:string(0,0)&field=type:string(0,0)&field=club:string(0,0)&field=second_hand:string(0,0)&field=ref%3AFR%3ASIREN:string(0,0)&field=phone%3Amobile:string(0,0)&field=harassment_prevention:string(0,0)&field=contact%3Amobile:string(0,0)&field=source%3Aname%3Abr:string(0,0)&field=name%3Abr:string(0,0)&field=drive_through:string(0,0)&field=delivery:string(0,0)&field=currency%3AEUR:string(0,0)&field=start_date:string(0,0)&field=contact%3Afacebook:string(0,0)&field=payment%3Acash:string(0,0)&field=addr%3Acountry:string(0,0)&field=entrance:string(0,0)&field=payment%3Adebit_cards:string(0,0)&field=payment%3Acredit_cards:string(0,0)&field=ref%3AFR%3ANAF:string(0,0)&field=payment%3Avisa:string(0,0)&field=payment%3Apaypal:string(0,0)&field=payment%3Amastercard:string(0,0)&field=payment%3Amaestro:string(0,0)&field=payment%3Acheque:string(0,0)&field=payment%3Acb:string(0,0)&field=facebook:string(0,0)&field=contact%3Aemail:string(0,0)&field=contact%3Aphone:string(0,0)&field=operator:string(0,0)&field=description:string(0,0)&field=wheelchair%3Aentrance_width:string(0,0)&field=wheelchair%3Adescription:string(0,0)&field=short_name:string(0,0)&field=social_facility%3Afor:string(0,0)&field=addr%3Acity:string(0,0)&field=opening_hours%3Asigned:string(0,0)&field=official_name:string(0,0)&field=check_date%3Aopening_hours:string(0,0)&field=level:string(0,0)&field=amenity:string(0,0)&field=survey%3Adate:string(0,0)&field=opening_hours:string(0,0)&field=fax:string(0,0)&field=email:string(0,0)&field=contact%3Awebsite:string(0,0)&field=contact%3Apostcode:string(0,0)&field=contact%3Acity:string(0,0)&field=contact%3Astreet:string(0,0)&field=contact%3Ahousenumber:string(0,0)&field=check_date:string(0,0)&field=phone:string(0,0)&field=addr%3Astreet:string(0,0)&field=addr%3Apostcode:string(0,0)&field=addr%3Ahousenumber:string(0,0)&field=wheelchair:string(0,0)&field=website:string(0,0)&field=ref%3AFR%3ASIRET:string(0,0)&field=name:string(0,0)&uid={4518d7bb-bdbd-4c09-8855-e4ec48aa2337}" }, "geometry": { "type": "Point", "coordinates": [ 1.9411005, 47.7120302 ] } },
{ "type": "Feature", "properties": { "full_id": "n6168001572", "osm_id": "6168001572", "osm_type": "node", "shop": "weapons", "check_date": null, "operator": null, "email": null, "disused:shop": null, "wheelchair": null, "contact:website": null, "building:levels": null, "survey:date": null, "addr:street": null, "addr:housenumber": null, "phone": null, "ref:FR:SIREN": null, "contact:housenumber": null, "contact:fax": null, "contact:email": null, "addr:postcode": null, "addr:city": null, "ref:vatin": null, "ref:FR:NAF": null, "opening_hours": null, "contact:street": null, "contact:postcode": null, "contact:phone": null, "contact:facebook": null, "contact:city": null, "ref:FR:SIRET": null, "website": null, "type": null, "name": "Armurerie Pézerat", "building": null, "contact:instagram": null, "panoramax": null, "min_age": null, "check_date:panoramax": null, "sport": null, "payment:cards": null, "image": null, "clothes": null, "club": null, "second_hand": null, "phone:mobile": null, "harassment_prevention": null, "contact:mobile": null, "source:name:br": null, "name:br": null, "drive_through": null, "delivery": null, "currency:EUR": null, "start_date": null, "payment:cash": null, "addr:country": null, "entrance": null, "payment:debit_cards": null, "payment:credit_cards": null, "payment:visa": null, "payment:paypal": null, "payment:mastercard": null, "payment:maestro": null, "payment:cheque": null, "payment:cb": null, "facebook": null, "description": null, "wheelchair:entrance_width": null, "wheelchair:description": null, "short_name": null, "social_facility:for": null, "opening_hours:signed": null, "official_name": null, "check_date:opening_hours": null, "level": null, "amenity": null, "fax": null, "layer": "shop_weapons_France", "path": "Point?crs=EPSG:4326&field=full_id:string(0,0)&field=osm_id:string(0,0)&field=osm_type:string(0,0)&field=shop:string(0,0)&field=contact%3Ainstagram:string(0,0)&field=panoramax:string(0,0)&field=min_age:string(0,0)&field=check_date%3Apanoramax:string(0,0)&field=sport:string(0,0)&field=payment%3Acards:string(0,0)&field=image:string(0,0)&field=clothes:string(0,0)&field=type:string(0,0)&field=club:string(0,0)&field=second_hand:string(0,0)&field=ref%3AFR%3ASIREN:string(0,0)&field=phone%3Amobile:string(0,0)&field=harassment_prevention:string(0,0)&field=contact%3Amobile:string(0,0)&field=source%3Aname%3Abr:string(0,0)&field=name%3Abr:string(0,0)&field=drive_through:string(0,0)&field=delivery:string(0,0)&field=currency%3AEUR:string(0,0)&field=start_date:string(0,0)&field=contact%3Afacebook:string(0,0)&field=payment%3Acash:string(0,0)&field=addr%3Acountry:string(0,0)&field=entrance:string(0,0)&field=payment%3Adebit_cards:string(0,0)&field=payment%3Acredit_cards:string(0,0)&field=ref%3AFR%3ANAF:string(0,0)&field=payment%3Avisa:string(0,0)&field=payment%3Apaypal:string(0,0)&field=payment%3Amastercard:string(0,0)&field=payment%3Amaestro:string(0,0)&field=payment%3Acheque:string(0,0)&field=payment%3Acb:string(0,0)&field=facebook:string(0,0)&field=contact%3Aemail:string(0,0)&field=contact%3Aphone:string(0,0)&field=operator:string(0,0)&field=description:string(0,0)&field=wheelchair%3Aentrance_width:string(0,0)&field=wheelchair%3Adescription:string(0,0)&field=short_name:string(0,0)&field=social_facility%3Afor:string(0,0)&field=addr%3Acity:string(0,0)&field=opening_hours%3Asigned:string(0,0)&field=official_name:string(0,0)&field=check_date%3Aopening_hours:string(0,0)&field=level:string(0,0)&field=amenity:string(0,0)&field=survey%3Adate:string(0,0)&field=opening_hours:string(0,0)&field=fax:string(0,0)&field=email:string(0,0)&field=contact%3Awebsite:string(0,0)&field=contact%3Apostcode:string(0,0)&field=contact%3Acity:string(0,0)&field=contact%3Astreet:string(0,0)&field=contact%3Ahousenumber:string(0,0)&field=check_date:string(0,0)&field=phone:string(0,0)&field=addr%3Astreet:string(0,0)&field=addr%3Apostcode:string(0,0)&field=addr%3Ahousenumber:string(0,0)&field=wheelchair:string(0,0)&field=website:string(0,0)&field=ref%3AFR%3ASIRET:string(0,0)&field=name:string(0,0)&uid={4518d7bb-bdbd-4c09-8855-e4ec48aa2337}" }, "geometry": { "type": "Point", "coordinates": [ 4.4321888, 45.8954644 ] } },
{ "type": "Feature", "properties": { "full_id": "n6238272977", "osm_id": "6238272977", "osm_type": "node", "shop": "weapons", "check_date": null, "operator": null, "email": null, "disused:shop": null, "wheelchair": "no", "contact:website": null, "building:levels": null, "survey:date": null, "addr:street": null, "addr:housenumber": null, "phone": null, "ref:FR:SIREN": null, "contact:housenumber": null, "contact:fax": null, "contact:email": null, "addr:postcode": null, "addr:city": null, "ref:vatin": null, "ref:FR:NAF": null, "opening_hours": null, "contact:street": null, "contact:postcode": null, "contact:phone": null, "contact:facebook": null, "contact:city": null, "ref:FR:SIRET": "88242485600012", "website": null, "type": null, "name": "Armes 70", "building": null, "contact:instagram": null, "panoramax": null, "min_age": null, "check_date:panoramax": null, "sport": null, "payment:cards": null, "image": null, "clothes": null, "club": null, "second_hand": null, "phone:mobile": null, "harassment_prevention": null, "contact:mobile": null, "source:name:br": null, "name:br": null, "drive_through": null, "delivery": null, "currency:EUR": null, "start_date": null, "payment:cash": null, "addr:country": null, "entrance": null, "payment:debit_cards": null, "payment:credit_cards": null, "payment:visa": null, "payment:paypal": null, "payment:mastercard": null, "payment:maestro": null, "payment:cheque": null, "payment:cb": null, "facebook": null, "description": null, "wheelchair:entrance_width": null, "wheelchair:description": null, "short_name": null, "social_facility:for": null, "opening_hours:signed": null, "official_name": null, "check_date:opening_hours": null, "level": null, "amenity": null, "fax": null, "layer": "shop_weapons_France", "path": "Point?crs=EPSG:4326&field=full_id:string(0,0)&field=osm_id:string(0,0)&field=osm_type:string(0,0)&field=shop:string(0,0)&field=contact%3Ainstagram:string(0,0)&field=panoramax:string(0,0)&field=min_age:string(0,0)&field=check_date%3Apanoramax:string(0,0)&field=sport:string(0,0)&field=payment%3Acards:string(0,0)&field=image:string(0,0)&field=clothes:string(0,0)&field=type:string(0,0)&field=club:string(0,0)&field=second_hand:string(0,0)&field=ref%3AFR%3ASIREN:string(0,0)&field=phone%3Amobile:string(0,0)&field=harassment_prevention:string(0,0)&field=contact%3Amobile:string(0,0)&field=source%3Aname%3Abr:string(0,0)&field=name%3Abr:string(0,0)&field=drive_through:string(0,0)&field=delivery:string(0,0)&field=currency%3AEUR:string(0,0)&field=start_date:string(0,0)&field=contact%3Afacebook:string(0,0)&field=payment%3Acash:string(0,0)&field=addr%3Acountry:string(0,0)&field=entrance:string(0,0)&field=payment%3Adebit_cards:string(0,0)&field=payment%3Acredit_cards:string(0,0)&field=ref%3AFR%3ANAF:string(0,0)&field=payment%3Avisa:string(0,0)&field=payment%3Apaypal:string(0,0)&field=payment%3Amastercard:string(0,0)&field=payment%3Amaestro:string(0,0)&field=payment%3Acheque:string(0,0)&field=payment%3Acb:string(0,0)&field=facebook:string(0,0)&field=contact%3Aemail:string(0,0)&field=contact%3Aphone:string(0,0)&field=operator:string(0,0)&field=description:string(0,0)&field=wheelchair%3Aentrance_width:string(0,0)&field=wheelchair%3Adescription:string(0,0)&field=short_name:string(0,0)&field=social_facility%3Afor:string(0,0)&field=addr%3Acity:string(0,0)&field=opening_hours%3Asigned:string(0,0)&field=official_name:string(0,0)&field=check_date%3Aopening_hours:string(0,0)&field=level:string(0,0)&field=amenity:string(0,0)&field=survey%3Adate:string(0,0)&field=opening_hours:string(0,0)&field=fax:string(0,0)&field=email:string(0,0)&field=contact%3Awebsite:string(0,0)&field=contact%3Apostcode:string(0,0)&field=contact%3Acity:string(0,0)&field=contact%3Astreet:string(0,0)&field=contact%3Ahousenumber:string(0,0)&field=check_date:string(0,0)&field=phone:string(0,0)&field=addr%3Astreet:string(0,0)&field=addr%3Apostcode:string(0,0)&field=addr%3Ahousenumber:string(0,0)&field=wheelchair:string(0,0)&field=website:string(0,0)&field=ref%3AFR%3ASIRET:string(0,0)&field=name:string(0,0)&uid={4518d7bb-bdbd-4c09-8855-e4ec48aa2337}" }, "geometry": { "type": "Point", "coordinates": [ 6.4966448, 47.6836288 ] } },
{ "type": "Feature", "properties": { "full_id": "n6260372267", "osm_id": "6260372267", "osm_type": "node", "shop": null, "check_date": null, "operator": null, "email": null, "disused:shop": null, "wheelchair": null, "contact:website": null, "building:levels": null, "survey:date": null, "addr:street": null, "addr:housenumber": null, "phone": null, "ref:FR:SIREN": null, "contact:housenumber": null, "contact:fax": null, "contact:email": null, "addr:postcode": null, "addr:city": null, "ref:vatin": null, "ref:FR:NAF": null, "opening_hours": null, "contact:street": null, "contact:postcode": null, "contact:phone": null, "contact:facebook": null, "contact:city": null, "ref:FR:SIRET": null, "website": null, "type": null, "name": null, "building": null, "contact:instagram": null, "panoramax": null, "min_age": null, "check_date:panoramax": null, "sport": null, "payment:cards": null, "image": null, "clothes": null, "club": null, "second_hand": null, "phone:mobile": null, "harassment_prevention": null, "contact:mobile": null, "source:name:br": null, "name:br": null, "drive_through": null, "delivery": null, "currency:EUR": null, "start_date": null, "payment:cash": null, "addr:country": null, "entrance": "yes", "payment:debit_cards": null, "payment:credit_cards": null, "payment:visa": null, "payment:paypal": null, "payment:mastercard": null, "payment:maestro": null, "payment:cheque": null, "payment:cb": null, "facebook": null, "description": null, "wheelchair:entrance_width": null, "wheelchair:description": null, "short_name": null, "social_facility:for": null, "opening_hours:signed": null, "official_name": null, "check_date:opening_hours": null, "level": null, "amenity": null, "fax": null, "layer": "shop_weapons_France", "path": "Point?crs=EPSG:4326&field=full_id:string(0,0)&field=osm_id:string(0,0)&field=osm_type:string(0,0)&field=shop:string(0,0)&field=contact%3Ainstagram:string(0,0)&field=panoramax:string(0,0)&field=min_age:string(0,0)&field=check_date%3Apanoramax:string(0,0)&field=sport:string(0,0)&field=payment%3Acards:string(0,0)&field=image:string(0,0)&field=clothes:string(0,0)&field=type:string(0,0)&field=club:string(0,0)&field=second_hand:string(0,0)&field=ref%3AFR%3ASIREN:string(0,0)&field=phone%3Amobile:string(0,0)&field=harassment_prevention:string(0,0)&field=contact%3Amobile:string(0,0)&field=source%3Aname%3Abr:string(0,0)&field=name%3Abr:string(0,0)&field=drive_through:string(0,0)&field=delivery:string(0,0)&field=currency%3AEUR:string(0,0)&field=start_date:string(0,0)&field=contact%3Afacebook:string(0,0)&field=payment%3Acash:string(0,0)&field=addr%3Acountry:string(0,0)&field=entrance:string(0,0)&field=payment%3Adebit_cards:string(0,0)&field=payment%3Acredit_cards:string(0,0)&field=ref%3AFR%3ANAF:string(0,0)&field=payment%3Avisa:string(0,0)&field=payment%3Apaypal:string(0,0)&field=payment%3Amastercard:string(0,0)&field=payment%3Amaestro:string(0,0)&field=payment%3Acheque:string(0,0)&field=payment%3Acb:string(0,0)&field=facebook:string(0,0)&field=contact%3Aemail:string(0,0)&field=contact%3Aphone:string(0,0)&field=operator:string(0,0)&field=description:string(0,0)&field=wheelchair%3Aentrance_width:string(0,0)&field=wheelchair%3Adescription:string(0,0)&field=short_name:string(0,0)&field=social_facility%3Afor:string(0,0)&field=addr%3Acity:string(0,0)&field=opening_hours%3Asigned:string(0,0)&field=official_name:string(0,0)&field=check_date%3Aopening_hours:string(0,0)&field=level:string(0,0)&field=amenity:string(0,0)&field=survey%3Adate:string(0,0)&field=opening_hours:string(0,0)&field=fax:string(0,0)&field=email:string(0,0)&field=contact%3Awebsite:string(0,0)&field=contact%3Apostcode:string(0,0)&field=contact%3Acity:string(0,0)&field=contact%3Astreet:string(0,0)&field=contact%3Ahousenumber:string(0,0)&field=check_date:string(0,0)&field=phone:string(0,0)&field=addr%3Astreet:string(0,0)&field=addr%3Apostcode:string(0,0)&field=addr%3Ahousenumber:string(0,0)&field=wheelchair:string(0,0)&field=website:string(0,0)&field=ref%3AFR%3ASIRET:string(0,0)&field=name:string(0,0)&uid={4518d7bb-bdbd-4c09-8855-e4ec48aa2337}" }, "geometry": { "type": "Point", "coordinates": [ 5.7062067, 48.366067 ] } },
{ "type": "Feature", "properties": { "full_id": "n6310653169", "osm_id": "6310653169", "osm_type": "node", "shop": "weapons", "check_date": null, "operator": null, "email": null, "disused:shop": null, "wheelchair": null, "contact:website": null, "building:levels": null, "survey:date": null, "addr:street": null, "addr:housenumber": null, "phone": null, "ref:FR:SIREN": null, "contact:housenumber": null, "contact:fax": null, "contact:email": null, "addr:postcode": null, "addr:city": null, "ref:vatin": null, "ref:FR:NAF": null, "opening_hours": null, "contact:street": null, "contact:postcode": null, "contact:phone": null, "contact:facebook": null, "contact:city": null, "ref:FR:SIRET": null, "website": null, "type": null, "name": "Jeannot", "building": null, "contact:instagram": null, "panoramax": null, "min_age": null, "check_date:panoramax": null, "sport": null, "payment:cards": null, "image": null, "clothes": null, "club": null, "second_hand": null, "phone:mobile": null, "harassment_prevention": null, "contact:mobile": null, "source:name:br": null, "name:br": null, "drive_through": null, "delivery": null, "currency:EUR": null, "start_date": null, "payment:cash": null, "addr:country": null, "entrance": null, "payment:debit_cards": null, "payment:credit_cards": null, "payment:visa": null, "payment:paypal": null, "payment:mastercard": null, "payment:maestro": null, "payment:cheque": null, "payment:cb": null, "facebook": null, "description": null, "wheelchair:entrance_width": null, "wheelchair:description": null, "short_name": null, "social_facility:for": null, "opening_hours:signed": null, "official_name": null, "check_date:opening_hours": null, "level": null, "amenity": null, "fax": null, "layer": "shop_weapons_France", "path": "Point?crs=EPSG:4326&field=full_id:string(0,0)&field=osm_id:string(0,0)&field=osm_type:string(0,0)&field=shop:string(0,0)&field=contact%3Ainstagram:string(0,0)&field=panoramax:string(0,0)&field=min_age:string(0,0)&field=check_date%3Apanoramax:string(0,0)&field=sport:string(0,0)&field=payment%3Acards:string(0,0)&field=image:string(0,0)&field=clothes:string(0,0)&field=type:string(0,0)&field=club:string(0,0)&field=second_hand:string(0,0)&field=ref%3AFR%3ASIREN:string(0,0)&field=phone%3Amobile:string(0,0)&field=harassment_prevention:string(0,0)&field=contact%3Amobile:string(0,0)&field=source%3Aname%3Abr:string(0,0)&field=name%3Abr:string(0,0)&field=drive_through:string(0,0)&field=delivery:string(0,0)&field=currency%3AEUR:string(0,0)&field=start_date:string(0,0)&field=contact%3Afacebook:string(0,0)&field=payment%3Acash:string(0,0)&field=addr%3Acountry:string(0,0)&field=entrance:string(0,0)&field=payment%3Adebit_cards:string(0,0)&field=payment%3Acredit_cards:string(0,0)&field=ref%3AFR%3ANAF:string(0,0)&field=payment%3Avisa:string(0,0)&field=payment%3Apaypal:string(0,0)&field=payment%3Amastercard:string(0,0)&field=payment%3Amaestro:string(0,0)&field=payment%3Acheque:string(0,0)&field=payment%3Acb:string(0,0)&field=facebook:string(0,0)&field=contact%3Aemail:string(0,0)&field=contact%3Aphone:string(0,0)&field=operator:string(0,0)&field=description:string(0,0)&field=wheelchair%3Aentrance_width:string(0,0)&field=wheelchair%3Adescription:string(0,0)&field=short_name:string(0,0)&field=social_facility%3Afor:string(0,0)&field=addr%3Acity:string(0,0)&field=opening_hours%3Asigned:string(0,0)&field=official_name:string(0,0)&field=check_date%3Aopening_hours:string(0,0)&field=level:string(0,0)&field=amenity:string(0,0)&field=survey%3Adate:string(0,0)&field=opening_hours:string(0,0)&field=fax:string(0,0)&field=email:string(0,0)&field=contact%3Awebsite:string(0,0)&field=contact%3Apostcode:string(0,0)&field=contact%3Acity:string(0,0)&field=contact%3Astreet:string(0,0)&field=contact%3Ahousenumber:string(0,0)&field=check_date:string(0,0)&field=phone:string(0,0)&field=addr%3Astreet:string(0,0)&field=addr%3Apostcode:string(0,0)&field=addr%3Ahousenumber:string(0,0)&field=wheelchair:string(0,0)&field=website:string(0,0)&field=ref%3AFR%3ASIRET:string(0,0)&field=name:string(0,0)&uid={4518d7bb-bdbd-4c09-8855-e4ec48aa2337}" }, "geometry": { "type": "Point", "coordinates": [ 2.2845868, 48.8873794 ] } },
{ "type": "Feature", "properties": { "full_id": "n6328807281", "osm_id": "6328807281", "osm_type": "node", "shop": "weapons", "check_date": null, "operator": null, "email": null, "disused:shop": null, "wheelchair": null, "contact:website": null, "building:levels": null, "survey:date": null, "addr:street": null, "addr:housenumber": null, "phone": null, "ref:FR:SIREN": null, "contact:housenumber": null, "contact:fax": null, "contact:email": null, "addr:postcode": null, "addr:city": null, "ref:vatin": null, "ref:FR:NAF": null, "opening_hours": null, "contact:street": null, "contact:postcode": null, "contact:phone": null, "contact:facebook": null, "contact:city": null, "ref:FR:SIRET": null, "website": null, "type": null, "name": null, "building": null, "contact:instagram": null, "panoramax": null, "min_age": null, "check_date:panoramax": null, "sport": null, "payment:cards": null, "image": null, "clothes": null, "club": null, "second_hand": null, "phone:mobile": null, "harassment_prevention": null, "contact:mobile": null, "source:name:br": null, "name:br": null, "drive_through": null, "delivery": null, "currency:EUR": null, "start_date": null, "payment:cash": null, "addr:country": null, "entrance": null, "payment:debit_cards": null, "payment:credit_cards": null, "payment:visa": null, "payment:paypal": null, "payment:mastercard": null, "payment:maestro": null, "payment:cheque": null, "payment:cb": null, "facebook": null, "description": null, "wheelchair:entrance_width": null, "wheelchair:description": null, "short_name": null, "social_facility:for": null, "opening_hours:signed": null, "official_name": null, "check_date:opening_hours": null, "level": null, "amenity": null, "fax": null, "layer": "shop_weapons_France", "path": "Point?crs=EPSG:4326&field=full_id:string(0,0)&field=osm_id:string(0,0)&field=osm_type:string(0,0)&field=shop:string(0,0)&field=contact%3Ainstagram:string(0,0)&field=panoramax:string(0,0)&field=min_age:string(0,0)&field=check_date%3Apanoramax:string(0,0)&field=sport:string(0,0)&field=payment%3Acards:string(0,0)&field=image:string(0,0)&field=clothes:string(0,0)&field=type:string(0,0)&field=club:string(0,0)&field=second_hand:string(0,0)&field=ref%3AFR%3ASIREN:string(0,0)&field=phone%3Amobile:string(0,0)&field=harassment_prevention:string(0,0)&field=contact%3Amobile:string(0,0)&field=source%3Aname%3Abr:string(0,0)&field=name%3Abr:string(0,0)&field=drive_through:string(0,0)&field=delivery:string(0,0)&field=currency%3AEUR:string(0,0)&field=start_date:string(0,0)&field=contact%3Afacebook:string(0,0)&field=payment%3Acash:string(0,0)&field=addr%3Acountry:string(0,0)&field=entrance:string(0,0)&field=payment%3Adebit_cards:string(0,0)&field=payment%3Acredit_cards:string(0,0)&field=ref%3AFR%3ANAF:string(0,0)&field=payment%3Avisa:string(0,0)&field=payment%3Apaypal:string(0,0)&field=payment%3Amastercard:string(0,0)&field=payment%3Amaestro:string(0,0)&field=payment%3Acheque:string(0,0)&field=payment%3Acb:string(0,0)&field=facebook:string(0,0)&field=contact%3Aemail:string(0,0)&field=contact%3Aphone:string(0,0)&field=operator:string(0,0)&field=description:string(0,0)&field=wheelchair%3Aentrance_width:string(0,0)&field=wheelchair%3Adescription:string(0,0)&field=short_name:string(0,0)&field=social_facility%3Afor:string(0,0)&field=addr%3Acity:string(0,0)&field=opening_hours%3Asigned:string(0,0)&field=official_name:string(0,0)&field=check_date%3Aopening_hours:string(0,0)&field=level:string(0,0)&field=amenity:string(0,0)&field=survey%3Adate:string(0,0)&field=opening_hours:string(0,0)&field=fax:string(0,0)&field=email:string(0,0)&field=contact%3Awebsite:string(0,0)&field=contact%3Apostcode:string(0,0)&field=contact%3Acity:string(0,0)&field=contact%3Astreet:string(0,0)&field=contact%3Ahousenumber:string(0,0)&field=check_date:string(0,0)&field=phone:string(0,0)&field=addr%3Astreet:string(0,0)&field=addr%3Apostcode:string(0,0)&field=addr%3Ahousenumber:string(0,0)&field=wheelchair:string(0,0)&field=website:string(0,0)&field=ref%3AFR%3ASIRET:string(0,0)&field=name:string(0,0)&uid={4518d7bb-bdbd-4c09-8855-e4ec48aa2337}" }, "geometry": { "type": "Point", "coordinates": [ 6.627711, 45.9363742 ] } },
{ "type": "Feature", "properties": { "full_id": "n6478679709", "osm_id": "6478679709", "osm_type": "node", "shop": "weapons", "check_date": null, "operator": null, "email": null, "disused:shop": null, "wheelchair": null, "contact:website": null, "building:levels": null, "survey:date": null, "addr:street": null, "addr:housenumber": null, "phone": null, "ref:FR:SIREN": null, "contact:housenumber": null, "contact:fax": null, "contact:email": null, "addr:postcode": null, "addr:city": null, "ref:vatin": null, "ref:FR:NAF": null, "opening_hours": null, "contact:street": null, "contact:postcode": null, "contact:phone": null, "contact:facebook": null, "contact:city": null, "ref:FR:SIRET": null, "website": null, "type": null, "name": "Le Safari", "building": null, "contact:instagram": null, "panoramax": null, "min_age": null, "check_date:panoramax": null, "sport": null, "payment:cards": null, "image": null, "clothes": null, "club": null, "second_hand": null, "phone:mobile": null, "harassment_prevention": null, "contact:mobile": null, "source:name:br": null, "name:br": null, "drive_through": null, "delivery": null, "currency:EUR": null, "start_date": null, "payment:cash": null, "addr:country": null, "entrance": null, "payment:debit_cards": null, "payment:credit_cards": null, "payment:visa": null, "payment:paypal": null, "payment:mastercard": null, "payment:maestro": null, "payment:cheque": null, "payment:cb": null, "facebook": null, "description": null, "wheelchair:entrance_width": null, "wheelchair:description": null, "short_name": null, "social_facility:for": null, "opening_hours:signed": null, "official_name": null, "check_date:opening_hours": null, "level": null, "amenity": null, "fax": null, "layer": "shop_weapons_France", "path": "Point?crs=EPSG:4326&field=full_id:string(0,0)&field=osm_id:string(0,0)&field=osm_type:string(0,0)&field=shop:string(0,0)&field=contact%3Ainstagram:string(0,0)&field=panoramax:string(0,0)&field=min_age:string(0,0)&field=check_date%3Apanoramax:string(0,0)&field=sport:string(0,0)&field=payment%3Acards:string(0,0)&field=image:string(0,0)&field=clothes:string(0,0)&field=type:string(0,0)&field=club:string(0,0)&field=second_hand:string(0,0)&field=ref%3AFR%3ASIREN:string(0,0)&field=phone%3Amobile:string(0,0)&field=harassment_prevention:string(0,0)&field=contact%3Amobile:string(0,0)&field=source%3Aname%3Abr:string(0,0)&field=name%3Abr:string(0,0)&field=drive_through:string(0,0)&field=delivery:string(0,0)&field=currency%3AEUR:string(0,0)&field=start_date:string(0,0)&field=contact%3Afacebook:string(0,0)&field=payment%3Acash:string(0,0)&field=addr%3Acountry:string(0,0)&field=entrance:string(0,0)&field=payment%3Adebit_cards:string(0,0)&field=payment%3Acredit_cards:string(0,0)&field=ref%3AFR%3ANAF:string(0,0)&field=payment%3Avisa:string(0,0)&field=payment%3Apaypal:string(0,0)&field=payment%3Amastercard:string(0,0)&field=payment%3Amaestro:string(0,0)&field=payment%3Acheque:string(0,0)&field=payment%3Acb:string(0,0)&field=facebook:string(0,0)&field=contact%3Aemail:string(0,0)&field=contact%3Aphone:string(0,0)&field=operator:string(0,0)&field=description:string(0,0)&field=wheelchair%3Aentrance_width:string(0,0)&field=wheelchair%3Adescription:string(0,0)&field=short_name:string(0,0)&field=social_facility%3Afor:string(0,0)&field=addr%3Acity:string(0,0)&field=opening_hours%3Asigned:string(0,0)&field=official_name:string(0,0)&field=check_date%3Aopening_hours:string(0,0)&field=level:string(0,0)&field=amenity:string(0,0)&field=survey%3Adate:string(0,0)&field=opening_hours:string(0,0)&field=fax:string(0,0)&field=email:string(0,0)&field=contact%3Awebsite:string(0,0)&field=contact%3Apostcode:string(0,0)&field=contact%3Acity:string(0,0)&field=contact%3Astreet:string(0,0)&field=contact%3Ahousenumber:string(0,0)&field=check_date:string(0,0)&field=phone:string(0,0)&field=addr%3Astreet:string(0,0)&field=addr%3Apostcode:string(0,0)&field=addr%3Ahousenumber:string(0,0)&field=wheelchair:string(0,0)&field=website:string(0,0)&field=ref%3AFR%3ASIRET:string(0,0)&field=name:string(0,0)&uid={4518d7bb-bdbd-4c09-8855-e4ec48aa2337}" }, "geometry": { "type": "Point", "coordinates": [ 4.7475925, 46.1091239 ] } },
{ "type": "Feature", "properties": { "full_id": "n6503457347", "osm_id": "6503457347", "osm_type": "node", "shop": "weapons", "check_date": "2025-05-27", "operator": null, "email": null, "disused:shop": null, "wheelchair": null, "contact:website": null, "building:levels": null, "survey:date": null, "addr:street": null, "addr:housenumber": null, "phone": null, "ref:FR:SIREN": null, "contact:housenumber": null, "contact:fax": null, "contact:email": null, "addr:postcode": null, "addr:city": null, "ref:vatin": null, "ref:FR:NAF": null, "opening_hours": "Tu-Sa 09:30-12:00,14:00-19:00", "contact:street": null, "contact:postcode": null, "contact:phone": null, "contact:facebook": null, "contact:city": null, "ref:FR:SIRET": null, "website": "https://www.couteaux-berthier.com/", "type": null, "name": "Berthier", "building": null, "contact:instagram": null, "panoramax": null, "min_age": null, "check_date:panoramax": null, "sport": null, "payment:cards": null, "image": null, "clothes": null, "club": null, "second_hand": null, "phone:mobile": null, "harassment_prevention": null, "contact:mobile": null, "source:name:br": null, "name:br": null, "drive_through": null, "delivery": null, "currency:EUR": null, "start_date": null, "payment:cash": null, "addr:country": null, "entrance": null, "payment:debit_cards": null, "payment:credit_cards": null, "payment:visa": null, "payment:paypal": null, "payment:mastercard": null, "payment:maestro": null, "payment:cheque": null, "payment:cb": null, "facebook": null, "description": null, "wheelchair:entrance_width": null, "wheelchair:description": null, "short_name": null, "social_facility:for": null, "opening_hours:signed": null, "official_name": null, "check_date:opening_hours": null, "level": null, "amenity": null, "fax": null, "layer": "shop_weapons_France", "path": "Point?crs=EPSG:4326&field=full_id:string(0,0)&field=osm_id:string(0,0)&field=osm_type:string(0,0)&field=shop:string(0,0)&field=contact%3Ainstagram:string(0,0)&field=panoramax:string(0,0)&field=min_age:string(0,0)&field=check_date%3Apanoramax:string(0,0)&field=sport:string(0,0)&field=payment%3Acards:string(0,0)&field=image:string(0,0)&field=clothes:string(0,0)&field=type:string(0,0)&field=club:string(0,0)&field=second_hand:string(0,0)&field=ref%3AFR%3ASIREN:string(0,0)&field=phone%3Amobile:string(0,0)&field=harassment_prevention:string(0,0)&field=contact%3Amobile:string(0,0)&field=source%3Aname%3Abr:string(0,0)&field=name%3Abr:string(0,0)&field=drive_through:string(0,0)&field=delivery:string(0,0)&field=currency%3AEUR:string(0,0)&field=start_date:string(0,0)&field=contact%3Afacebook:string(0,0)&field=payment%3Acash:string(0,0)&field=addr%3Acountry:string(0,0)&field=entrance:string(0,0)&field=payment%3Adebit_cards:string(0,0)&field=payment%3Acredit_cards:string(0,0)&field=ref%3AFR%3ANAF:string(0,0)&field=payment%3Avisa:string(0,0)&field=payment%3Apaypal:string(0,0)&field=payment%3Amastercard:string(0,0)&field=payment%3Amaestro:string(0,0)&field=payment%3Acheque:string(0,0)&field=payment%3Acb:string(0,0)&field=facebook:string(0,0)&field=contact%3Aemail:string(0,0)&field=contact%3Aphone:string(0,0)&field=operator:string(0,0)&field=description:string(0,0)&field=wheelchair%3Aentrance_width:string(0,0)&field=wheelchair%3Adescription:string(0,0)&field=short_name:string(0,0)&field=social_facility%3Afor:string(0,0)&field=addr%3Acity:string(0,0)&field=opening_hours%3Asigned:string(0,0)&field=official_name:string(0,0)&field=check_date%3Aopening_hours:string(0,0)&field=level:string(0,0)&field=amenity:string(0,0)&field=survey%3Adate:string(0,0)&field=opening_hours:string(0,0)&field=fax:string(0,0)&field=email:string(0,0)&field=contact%3Awebsite:string(0,0)&field=contact%3Apostcode:string(0,0)&field=contact%3Acity:string(0,0)&field=contact%3Astreet:string(0,0)&field=contact%3Ahousenumber:string(0,0)&field=check_date:string(0,0)&field=phone:string(0,0)&field=addr%3Astreet:string(0,0)&field=addr%3Apostcode:string(0,0)&field=addr%3Ahousenumber:string(0,0)&field=wheelchair:string(0,0)&field=website:string(0,0)&field=ref%3AFR%3ASIRET:string(0,0)&field=name:string(0,0)&uid={4518d7bb-bdbd-4c09-8855-e4ec48aa2337}" }, "geometry": { "type": "Point", "coordinates": [ 4.8906212, 44.928905 ] } },
{ "type": "Feature", "properties": { "full_id": "n6545196753", "osm_id": "6545196753", "osm_type": "node", "shop": "weapons", "check_date": null, "operator": null, "email": null, "disused:shop": null, "wheelchair": null, "contact:website": null, "building:levels": null, "survey:date": null, "addr:street": "Rue du Salé", "addr:housenumber": "23", "phone": "+33 2 98 95 64 31", "ref:FR:SIREN": null, "contact:housenumber": null, "contact:fax": null, "contact:email": null, "addr:postcode": null, "addr:city": null, "ref:vatin": null, "ref:FR:NAF": null, "opening_hours": null, "contact:street": null, "contact:postcode": null, "contact:phone": null, "contact:facebook": null, "contact:city": null, "ref:FR:SIRET": "83295208900015", "website": "https://www.coutellerie-quimper.com/", "type": null, "name": "Coutellerie de Quimper", "building": null, "contact:instagram": null, "panoramax": null, "min_age": null, "check_date:panoramax": null, "sport": null, "payment:cards": null, "image": null, "clothes": null, "club": null, "second_hand": null, "phone:mobile": null, "harassment_prevention": null, "contact:mobile": null, "source:name:br": null, "name:br": null, "drive_through": null, "delivery": null, "currency:EUR": null, "start_date": null, "payment:cash": null, "addr:country": null, "entrance": null, "payment:debit_cards": null, "payment:credit_cards": null, "payment:visa": null, "payment:paypal": null, "payment:mastercard": null, "payment:maestro": null, "payment:cheque": null, "payment:cb": null, "facebook": null, "description": null, "wheelchair:entrance_width": null, "wheelchair:description": null, "short_name": null, "social_facility:for": null, "opening_hours:signed": null, "official_name": null, "check_date:opening_hours": null, "level": null, "amenity": null, "fax": null, "layer": "shop_weapons_France", "path": "Point?crs=EPSG:4326&field=full_id:string(0,0)&field=osm_id:string(0,0)&field=osm_type:string(0,0)&field=shop:string(0,0)&field=contact%3Ainstagram:string(0,0)&field=panoramax:string(0,0)&field=min_age:string(0,0)&field=check_date%3Apanoramax:string(0,0)&field=sport:string(0,0)&field=payment%3Acards:string(0,0)&field=image:string(0,0)&field=clothes:string(0,0)&field=type:string(0,0)&field=club:string(0,0)&field=second_hand:string(0,0)&field=ref%3AFR%3ASIREN:string(0,0)&field=phone%3Amobile:string(0,0)&field=harassment_prevention:string(0,0)&field=contact%3Amobile:string(0,0)&field=source%3Aname%3Abr:string(0,0)&field=name%3Abr:string(0,0)&field=drive_through:string(0,0)&field=delivery:string(0,0)&field=currency%3AEUR:string(0,0)&field=start_date:string(0,0)&field=contact%3Afacebook:string(0,0)&field=payment%3Acash:string(0,0)&field=addr%3Acountry:string(0,0)&field=entrance:string(0,0)&field=payment%3Adebit_cards:string(0,0)&field=payment%3Acredit_cards:string(0,0)&field=ref%3AFR%3ANAF:string(0,0)&field=payment%3Avisa:string(0,0)&field=payment%3Apaypal:string(0,0)&field=payment%3Amastercard:string(0,0)&field=payment%3Amaestro:string(0,0)&field=payment%3Acheque:string(0,0)&field=payment%3Acb:string(0,0)&field=facebook:string(0,0)&field=contact%3Aemail:string(0,0)&field=contact%3Aphone:string(0,0)&field=operator:string(0,0)&field=description:string(0,0)&field=wheelchair%3Aentrance_width:string(0,0)&field=wheelchair%3Adescription:string(0,0)&field=short_name:string(0,0)&field=social_facility%3Afor:string(0,0)&field=addr%3Acity:string(0,0)&field=opening_hours%3Asigned:string(0,0)&field=official_name:string(0,0)&field=check_date%3Aopening_hours:string(0,0)&field=level:string(0,0)&field=amenity:string(0,0)&field=survey%3Adate:string(0,0)&field=opening_hours:string(0,0)&field=fax:string(0,0)&field=email:string(0,0)&field=contact%3Awebsite:string(0,0)&field=contact%3Apostcode:string(0,0)&field=contact%3Acity:string(0,0)&field=contact%3Astreet:string(0,0)&field=contact%3Ahousenumber:string(0,0)&field=check_date:string(0,0)&field=phone:string(0,0)&field=addr%3Astreet:string(0,0)&field=addr%3Apostcode:string(0,0)&field=addr%3Ahousenumber:string(0,0)&field=wheelchair:string(0,0)&field=website:string(0,0)&field=ref%3AFR%3ASIRET:string(0,0)&field=name:string(0,0)&uid={4518d7bb-bdbd-4c09-8855-e4ec48aa2337}" }, "geometry": { "type": "Point", "coordinates": [ -4.1037411, 47.9966177 ] } },
{ "type": "Feature", "properties": { "full_id": "n6568669395", "osm_id": "6568669395", "osm_type": "node", "shop": "weapons", "check_date": null, "operator": null, "email": null, "disused:shop": null, "wheelchair": "limited", "contact:website": null, "building:levels": null, "survey:date": null, "addr:street": null, "addr:housenumber": null, "phone": null, "ref:FR:SIREN": null, "contact:housenumber": null, "contact:fax": null, "contact:email": null, "addr:postcode": null, "addr:city": null, "ref:vatin": null, "ref:FR:NAF": null, "opening_hours": "Tu-Sa 10:00-19:00", "contact:street": null, "contact:postcode": null, "contact:phone": null, "contact:facebook": null, "contact:city": null, "ref:FR:SIRET": "43986009900019", "website": "https://armesbastille.com/", "type": null, "name": "Armes Bastille", "building": null, "contact:instagram": null, "panoramax": null, "min_age": null, "check_date:panoramax": null, "sport": null, "payment:cards": null, "image": null, "clothes": null, "club": null, "second_hand": null, "phone:mobile": null, "harassment_prevention": null, "contact:mobile": null, "source:name:br": null, "name:br": null, "drive_through": null, "delivery": null, "currency:EUR": null, "start_date": null, "payment:cash": null, "addr:country": null, "entrance": null, "payment:debit_cards": null, "payment:credit_cards": null, "payment:visa": null, "payment:paypal": null, "payment:mastercard": null, "payment:maestro": null, "payment:cheque": null, "payment:cb": null, "facebook": null, "description": null, "wheelchair:entrance_width": null, "wheelchair:description": null, "short_name": null, "social_facility:for": null, "opening_hours:signed": null, "official_name": null, "check_date:opening_hours": null, "level": null, "amenity": null, "fax": null, "layer": "shop_weapons_France", "path": "Point?crs=EPSG:4326&field=full_id:string(0,0)&field=osm_id:string(0,0)&field=osm_type:string(0,0)&field=shop:string(0,0)&field=contact%3Ainstagram:string(0,0)&field=panoramax:string(0,0)&field=min_age:string(0,0)&field=check_date%3Apanoramax:string(0,0)&field=sport:string(0,0)&field=payment%3Acards:string(0,0)&field=image:string(0,0)&field=clothes:string(0,0)&field=type:string(0,0)&field=club:string(0,0)&field=second_hand:string(0,0)&field=ref%3AFR%3ASIREN:string(0,0)&field=phone%3Amobile:string(0,0)&field=harassment_prevention:string(0,0)&field=contact%3Amobile:string(0,0)&field=source%3Aname%3Abr:string(0,0)&field=name%3Abr:string(0,0)&field=drive_through:string(0,0)&field=delivery:string(0,0)&field=currency%3AEUR:string(0,0)&field=start_date:string(0,0)&field=contact%3Afacebook:string(0,0)&field=payment%3Acash:string(0,0)&field=addr%3Acountry:string(0,0)&field=entrance:string(0,0)&field=payment%3Adebit_cards:string(0,0)&field=payment%3Acredit_cards:string(0,0)&field=ref%3AFR%3ANAF:string(0,0)&field=payment%3Avisa:string(0,0)&field=payment%3Apaypal:string(0,0)&field=payment%3Amastercard:string(0,0)&field=payment%3Amaestro:string(0,0)&field=payment%3Acheque:string(0,0)&field=payment%3Acb:string(0,0)&field=facebook:string(0,0)&field=contact%3Aemail:string(0,0)&field=contact%3Aphone:string(0,0)&field=operator:string(0,0)&field=description:string(0,0)&field=wheelchair%3Aentrance_width:string(0,0)&field=wheelchair%3Adescription:string(0,0)&field=short_name:string(0,0)&field=social_facility%3Afor:string(0,0)&field=addr%3Acity:string(0,0)&field=opening_hours%3Asigned:string(0,0)&field=official_name:string(0,0)&field=check_date%3Aopening_hours:string(0,0)&field=level:string(0,0)&field=amenity:string(0,0)&field=survey%3Adate:string(0,0)&field=opening_hours:string(0,0)&field=fax:string(0,0)&field=email:string(0,0)&field=contact%3Awebsite:string(0,0)&field=contact%3Apostcode:string(0,0)&field=contact%3Acity:string(0,0)&field=contact%3Astreet:string(0,0)&field=contact%3Ahousenumber:string(0,0)&field=check_date:string(0,0)&field=phone:string(0,0)&field=addr%3Astreet:string(0,0)&field=addr%3Apostcode:string(0,0)&field=addr%3Ahousenumber:string(0,0)&field=wheelchair:string(0,0)&field=website:string(0,0)&field=ref%3AFR%3ASIRET:string(0,0)&field=name:string(0,0)&uid={4518d7bb-bdbd-4c09-8855-e4ec48aa2337}" }, "geometry": { "type": "Point", "coordinates": [ 2.3701225, 48.8505119 ] } },
{ "type": "Feature", "properties": { "full_id": "n6602531458", "osm_id": "6602531458", "osm_type": "node", "shop": "weapons", "check_date": null, "operator": null, "email": null, "disused:shop": null, "wheelchair": null, "contact:website": null, "building:levels": null, "survey:date": null, "addr:street": null, "addr:housenumber": null, "phone": "+33 4 75 02 58 57", "ref:FR:SIREN": null, "contact:housenumber": null, "contact:fax": null, "contact:email": null, "addr:postcode": null, "addr:city": null, "ref:vatin": null, "ref:FR:NAF": null, "opening_hours": null, "contact:street": null, "contact:postcode": null, "contact:phone": null, "contact:facebook": null, "contact:city": null, "ref:FR:SIRET": null, "website": "https://www.lp-sa.com/", "type": null, "name": "LPSA", "building": null, "contact:instagram": null, "panoramax": null, "min_age": null, "check_date:panoramax": null, "sport": null, "payment:cards": null, "image": null, "clothes": null, "club": null, "second_hand": null, "phone:mobile": null, "harassment_prevention": null, "contact:mobile": null, "source:name:br": null, "name:br": null, "drive_through": null, "delivery": null, "currency:EUR": null, "start_date": null, "payment:cash": null, "addr:country": null, "entrance": null, "payment:debit_cards": null, "payment:credit_cards": null, "payment:visa": null, "payment:paypal": null, "payment:mastercard": null, "payment:maestro": null, "payment:cheque": null, "payment:cb": null, "facebook": null, "description": null, "wheelchair:entrance_width": null, "wheelchair:description": null, "short_name": null, "social_facility:for": null, "opening_hours:signed": null, "official_name": null, "check_date:opening_hours": null, "level": null, "amenity": null, "fax": null, "layer": "shop_weapons_France", "path": "Point?crs=EPSG:4326&field=full_id:string(0,0)&field=osm_id:string(0,0)&field=osm_type:string(0,0)&field=shop:string(0,0)&field=contact%3Ainstagram:string(0,0)&field=panoramax:string(0,0)&field=min_age:string(0,0)&field=check_date%3Apanoramax:string(0,0)&field=sport:string(0,0)&field=payment%3Acards:string(0,0)&field=image:string(0,0)&field=clothes:string(0,0)&field=type:string(0,0)&field=club:string(0,0)&field=second_hand:string(0,0)&field=ref%3AFR%3ASIREN:string(0,0)&field=phone%3Amobile:string(0,0)&field=harassment_prevention:string(0,0)&field=contact%3Amobile:string(0,0)&field=source%3Aname%3Abr:string(0,0)&field=name%3Abr:string(0,0)&field=drive_through:string(0,0)&field=delivery:string(0,0)&field=currency%3AEUR:string(0,0)&field=start_date:string(0,0)&field=contact%3Afacebook:string(0,0)&field=payment%3Acash:string(0,0)&field=addr%3Acountry:string(0,0)&field=entrance:string(0,0)&field=payment%3Adebit_cards:string(0,0)&field=payment%3Acredit_cards:string(0,0)&field=ref%3AFR%3ANAF:string(0,0)&field=payment%3Avisa:string(0,0)&field=payment%3Apaypal:string(0,0)&field=payment%3Amastercard:string(0,0)&field=payment%3Amaestro:string(0,0)&field=payment%3Acheque:string(0,0)&field=payment%3Acb:string(0,0)&field=facebook:string(0,0)&field=contact%3Aemail:string(0,0)&field=contact%3Aphone:string(0,0)&field=operator:string(0,0)&field=description:string(0,0)&field=wheelchair%3Aentrance_width:string(0,0)&field=wheelchair%3Adescription:string(0,0)&field=short_name:string(0,0)&field=social_facility%3Afor:string(0,0)&field=addr%3Acity:string(0,0)&field=opening_hours%3Asigned:string(0,0)&field=official_name:string(0,0)&field=check_date%3Aopening_hours:string(0,0)&field=level:string(0,0)&field=amenity:string(0,0)&field=survey%3Adate:string(0,0)&field=opening_hours:string(0,0)&field=fax:string(0,0)&field=email:string(0,0)&field=contact%3Awebsite:string(0,0)&field=contact%3Apostcode:string(0,0)&field=contact%3Acity:string(0,0)&field=contact%3Astreet:string(0,0)&field=contact%3Ahousenumber:string(0,0)&field=check_date:string(0,0)&field=phone:string(0,0)&field=addr%3Astreet:string(0,0)&field=addr%3Apostcode:string(0,0)&field=addr%3Ahousenumber:string(0,0)&field=wheelchair:string(0,0)&field=website:string(0,0)&field=ref%3AFR%3ASIRET:string(0,0)&field=name:string(0,0)&uid={4518d7bb-bdbd-4c09-8855-e4ec48aa2337}" }, "geometry": { "type": "Point", "coordinates": [ 5.0928267, 45.0560362 ] } },
{ "type": "Feature", "properties": { "full_id": "n6710522786", "osm_id": "6710522786", "osm_type": "node", "shop": "weapons", "check_date": "2024-11-19", "operator": null, "email": null, "disused:shop": null, "wheelchair": null, "contact:website": null, "building:levels": null, "survey:date": null, "addr:street": null, "addr:housenumber": null, "phone": null, "ref:FR:SIREN": null, "contact:housenumber": null, "contact:fax": null, "contact:email": null, "addr:postcode": null, "addr:city": null, "ref:vatin": null, "ref:FR:NAF": null, "opening_hours": "Tu-Sa 09:00-12:00, Tu-Fr 14:00-18:00, Sa 14:00-17:00", "contact:street": null, "contact:postcode": null, "contact:phone": null, "contact:facebook": null, "contact:city": null, "ref:FR:SIRET": "79985526700016", "website": null, "type": null, "name": "Foch Armes", "building": null, "contact:instagram": null, "panoramax": null, "min_age": null, "check_date:panoramax": null, "sport": null, "payment:cards": null, "image": null, "clothes": null, "club": null, "second_hand": null, "phone:mobile": null, "harassment_prevention": null, "contact:mobile": null, "source:name:br": null, "name:br": null, "drive_through": null, "delivery": null, "currency:EUR": null, "start_date": null, "payment:cash": null, "addr:country": null, "entrance": null, "payment:debit_cards": null, "payment:credit_cards": null, "payment:visa": null, "payment:paypal": null, "payment:mastercard": null, "payment:maestro": null, "payment:cheque": null, "payment:cb": null, "facebook": null, "description": null, "wheelchair:entrance_width": null, "wheelchair:description": null, "short_name": null, "social_facility:for": null, "opening_hours:signed": null, "official_name": null, "check_date:opening_hours": "2024-11-19", "level": null, "amenity": null, "fax": null, "layer": "shop_weapons_France", "path": "Point?crs=EPSG:4326&field=full_id:string(0,0)&field=osm_id:string(0,0)&field=osm_type:string(0,0)&field=shop:string(0,0)&field=contact%3Ainstagram:string(0,0)&field=panoramax:string(0,0)&field=min_age:string(0,0)&field=check_date%3Apanoramax:string(0,0)&field=sport:string(0,0)&field=payment%3Acards:string(0,0)&field=image:string(0,0)&field=clothes:string(0,0)&field=type:string(0,0)&field=club:string(0,0)&field=second_hand:string(0,0)&field=ref%3AFR%3ASIREN:string(0,0)&field=phone%3Amobile:string(0,0)&field=harassment_prevention:string(0,0)&field=contact%3Amobile:string(0,0)&field=source%3Aname%3Abr:string(0,0)&field=name%3Abr:string(0,0)&field=drive_through:string(0,0)&field=delivery:string(0,0)&field=currency%3AEUR:string(0,0)&field=start_date:string(0,0)&field=contact%3Afacebook:string(0,0)&field=payment%3Acash:string(0,0)&field=addr%3Acountry:string(0,0)&field=entrance:string(0,0)&field=payment%3Adebit_cards:string(0,0)&field=payment%3Acredit_cards:string(0,0)&field=ref%3AFR%3ANAF:string(0,0)&field=payment%3Avisa:string(0,0)&field=payment%3Apaypal:string(0,0)&field=payment%3Amastercard:string(0,0)&field=payment%3Amaestro:string(0,0)&field=payment%3Acheque:string(0,0)&field=payment%3Acb:string(0,0)&field=facebook:string(0,0)&field=contact%3Aemail:string(0,0)&field=contact%3Aphone:string(0,0)&field=operator:string(0,0)&field=description:string(0,0)&field=wheelchair%3Aentrance_width:string(0,0)&field=wheelchair%3Adescription:string(0,0)&field=short_name:string(0,0)&field=social_facility%3Afor:string(0,0)&field=addr%3Acity:string(0,0)&field=opening_hours%3Asigned:string(0,0)&field=official_name:string(0,0)&field=check_date%3Aopening_hours:string(0,0)&field=level:string(0,0)&field=amenity:string(0,0)&field=survey%3Adate:string(0,0)&field=opening_hours:string(0,0)&field=fax:string(0,0)&field=email:string(0,0)&field=contact%3Awebsite:string(0,0)&field=contact%3Apostcode:string(0,0)&field=contact%3Acity:string(0,0)&field=contact%3Astreet:string(0,0)&field=contact%3Ahousenumber:string(0,0)&field=check_date:string(0,0)&field=phone:string(0,0)&field=addr%3Astreet:string(0,0)&field=addr%3Apostcode:string(0,0)&field=addr%3Ahousenumber:string(0,0)&field=wheelchair:string(0,0)&field=website:string(0,0)&field=ref%3AFR%3ASIRET:string(0,0)&field=name:string(0,0)&uid={4518d7bb-bdbd-4c09-8855-e4ec48aa2337}" }, "geometry": { "type": "Point", "coordinates": [ 5.7182659, 45.1806876 ] } },
{ "type": "Feature", "properties": { "full_id": "n6776059774", "osm_id": "6776059774", "osm_type": "node", "shop": "weapons", "check_date": null, "operator": null, "email": null, "disused:shop": null, "wheelchair": null, "contact:website": null, "building:levels": null, "survey:date": null, "addr:street": "Avenue du Maréchal Leclerc", "addr:housenumber": null, "phone": null, "ref:FR:SIREN": null, "contact:housenumber": null, "contact:fax": null, "contact:email": null, "addr:postcode": null, "addr:city": null, "ref:vatin": null, "ref:FR:NAF": null, "opening_hours": null, "contact:street": null, "contact:postcode": null, "contact:phone": null, "contact:facebook": null, "contact:city": null, "ref:FR:SIRET": null, "website": null, "type": null, "name": "Armurerie Lamott", "building": null, "contact:instagram": null, "panoramax": null, "min_age": null, "check_date:panoramax": null, "sport": null, "payment:cards": null, "image": null, "clothes": null, "club": null, "second_hand": null, "phone:mobile": null, "harassment_prevention": null, "contact:mobile": null, "source:name:br": null, "name:br": null, "drive_through": null, "delivery": null, "currency:EUR": null, "start_date": null, "payment:cash": null, "addr:country": null, "entrance": null, "payment:debit_cards": null, "payment:credit_cards": null, "payment:visa": null, "payment:paypal": null, "payment:mastercard": null, "payment:maestro": null, "payment:cheque": null, "payment:cb": null, "facebook": null, "description": null, "wheelchair:entrance_width": null, "wheelchair:description": null, "short_name": null, "social_facility:for": null, "opening_hours:signed": null, "official_name": null, "check_date:opening_hours": null, "level": null, "amenity": null, "fax": null, "layer": "shop_weapons_France", "path": "Point?crs=EPSG:4326&field=full_id:string(0,0)&field=osm_id:string(0,0)&field=osm_type:string(0,0)&field=shop:string(0,0)&field=contact%3Ainstagram:string(0,0)&field=panoramax:string(0,0)&field=min_age:string(0,0)&field=check_date%3Apanoramax:string(0,0)&field=sport:string(0,0)&field=payment%3Acards:string(0,0)&field=image:string(0,0)&field=clothes:string(0,0)&field=type:string(0,0)&field=club:string(0,0)&field=second_hand:string(0,0)&field=ref%3AFR%3ASIREN:string(0,0)&field=phone%3Amobile:string(0,0)&field=harassment_prevention:string(0,0)&field=contact%3Amobile:string(0,0)&field=source%3Aname%3Abr:string(0,0)&field=name%3Abr:string(0,0)&field=drive_through:string(0,0)&field=delivery:string(0,0)&field=currency%3AEUR:string(0,0)&field=start_date:string(0,0)&field=contact%3Afacebook:string(0,0)&field=payment%3Acash:string(0,0)&field=addr%3Acountry:string(0,0)&field=entrance:string(0,0)&field=payment%3Adebit_cards:string(0,0)&field=payment%3Acredit_cards:string(0,0)&field=ref%3AFR%3ANAF:string(0,0)&field=payment%3Avisa:string(0,0)&field=payment%3Apaypal:string(0,0)&field=payment%3Amastercard:string(0,0)&field=payment%3Amaestro:string(0,0)&field=payment%3Acheque:string(0,0)&field=payment%3Acb:string(0,0)&field=facebook:string(0,0)&field=contact%3Aemail:string(0,0)&field=contact%3Aphone:string(0,0)&field=operator:string(0,0)&field=description:string(0,0)&field=wheelchair%3Aentrance_width:string(0,0)&field=wheelchair%3Adescription:string(0,0)&field=short_name:string(0,0)&field=social_facility%3Afor:string(0,0)&field=addr%3Acity:string(0,0)&field=opening_hours%3Asigned:string(0,0)&field=official_name:string(0,0)&field=check_date%3Aopening_hours:string(0,0)&field=level:string(0,0)&field=amenity:string(0,0)&field=survey%3Adate:string(0,0)&field=opening_hours:string(0,0)&field=fax:string(0,0)&field=email:string(0,0)&field=contact%3Awebsite:string(0,0)&field=contact%3Apostcode:string(0,0)&field=contact%3Acity:string(0,0)&field=contact%3Astreet:string(0,0)&field=contact%3Ahousenumber:string(0,0)&field=check_date:string(0,0)&field=phone:string(0,0)&field=addr%3Astreet:string(0,0)&field=addr%3Apostcode:string(0,0)&field=addr%3Ahousenumber:string(0,0)&field=wheelchair:string(0,0)&field=website:string(0,0)&field=ref%3AFR%3ASIRET:string(0,0)&field=name:string(0,0)&uid={4518d7bb-bdbd-4c09-8855-e4ec48aa2337}" }, "geometry": { "type": "Point", "coordinates": [ 4.9446887, 49.7011758 ] } },
{ "type": "Feature", "properties": { "full_id": "n6849358515", "osm_id": "6849358515", "osm_type": "node", "shop": "weapons", "check_date": "2024-07-15", "operator": null, "email": null, "disused:shop": null, "wheelchair": null, "contact:website": null, "building:levels": null, "survey:date": null, "addr:street": null, "addr:housenumber": null, "phone": null, "ref:FR:SIREN": null, "contact:housenumber": null, "contact:fax": null, "contact:email": null, "addr:postcode": null, "addr:city": null, "ref:vatin": null, "ref:FR:NAF": null, "opening_hours": null, "contact:street": null, "contact:postcode": null, "contact:phone": null, "contact:facebook": null, "contact:city": null, "ref:FR:SIRET": "32922088300030", "website": null, "type": null, "name": "Saint-Cricq", "building": null, "contact:instagram": null, "panoramax": null, "min_age": null, "check_date:panoramax": null, "sport": null, "payment:cards": null, "image": null, "clothes": null, "club": null, "second_hand": null, "phone:mobile": null, "harassment_prevention": null, "contact:mobile": null, "source:name:br": null, "name:br": null, "drive_through": null, "delivery": null, "currency:EUR": null, "start_date": null, "payment:cash": null, "addr:country": null, "entrance": null, "payment:debit_cards": null, "payment:credit_cards": null, "payment:visa": null, "payment:paypal": null, "payment:mastercard": null, "payment:maestro": null, "payment:cheque": null, "payment:cb": null, "facebook": null, "description": null, "wheelchair:entrance_width": null, "wheelchair:description": null, "short_name": null, "social_facility:for": null, "opening_hours:signed": "no", "official_name": null, "check_date:opening_hours": "2024-07-15", "level": null, "amenity": null, "fax": null, "layer": "shop_weapons_France", "path": "Point?crs=EPSG:4326&field=full_id:string(0,0)&field=osm_id:string(0,0)&field=osm_type:string(0,0)&field=shop:string(0,0)&field=contact%3Ainstagram:string(0,0)&field=panoramax:string(0,0)&field=min_age:string(0,0)&field=check_date%3Apanoramax:string(0,0)&field=sport:string(0,0)&field=payment%3Acards:string(0,0)&field=image:string(0,0)&field=clothes:string(0,0)&field=type:string(0,0)&field=club:string(0,0)&field=second_hand:string(0,0)&field=ref%3AFR%3ASIREN:string(0,0)&field=phone%3Amobile:string(0,0)&field=harassment_prevention:string(0,0)&field=contact%3Amobile:string(0,0)&field=source%3Aname%3Abr:string(0,0)&field=name%3Abr:string(0,0)&field=drive_through:string(0,0)&field=delivery:string(0,0)&field=currency%3AEUR:string(0,0)&field=start_date:string(0,0)&field=contact%3Afacebook:string(0,0)&field=payment%3Acash:string(0,0)&field=addr%3Acountry:string(0,0)&field=entrance:string(0,0)&field=payment%3Adebit_cards:string(0,0)&field=payment%3Acredit_cards:string(0,0)&field=ref%3AFR%3ANAF:string(0,0)&field=payment%3Avisa:string(0,0)&field=payment%3Apaypal:string(0,0)&field=payment%3Amastercard:string(0,0)&field=payment%3Amaestro:string(0,0)&field=payment%3Acheque:string(0,0)&field=payment%3Acb:string(0,0)&field=facebook:string(0,0)&field=contact%3Aemail:string(0,0)&field=contact%3Aphone:string(0,0)&field=operator:string(0,0)&field=description:string(0,0)&field=wheelchair%3Aentrance_width:string(0,0)&field=wheelchair%3Adescription:string(0,0)&field=short_name:string(0,0)&field=social_facility%3Afor:string(0,0)&field=addr%3Acity:string(0,0)&field=opening_hours%3Asigned:string(0,0)&field=official_name:string(0,0)&field=check_date%3Aopening_hours:string(0,0)&field=level:string(0,0)&field=amenity:string(0,0)&field=survey%3Adate:string(0,0)&field=opening_hours:string(0,0)&field=fax:string(0,0)&field=email:string(0,0)&field=contact%3Awebsite:string(0,0)&field=contact%3Apostcode:string(0,0)&field=contact%3Acity:string(0,0)&field=contact%3Astreet:string(0,0)&field=contact%3Ahousenumber:string(0,0)&field=check_date:string(0,0)&field=phone:string(0,0)&field=addr%3Astreet:string(0,0)&field=addr%3Apostcode:string(0,0)&field=addr%3Ahousenumber:string(0,0)&field=wheelchair:string(0,0)&field=website:string(0,0)&field=ref%3AFR%3ASIRET:string(0,0)&field=name:string(0,0)&uid={4518d7bb-bdbd-4c09-8855-e4ec48aa2337}" }, "geometry": { "type": "Point", "coordinates": [ 2.1700123, 45.956953 ] } },
{ "type": "Feature", "properties": { "full_id": "n6851307101", "osm_id": "6851307101", "osm_type": "node", "shop": "weapons", "check_date": null, "operator": null, "email": "boutique.annecy@opinel.com", "disused:shop": null, "wheelchair": null, "contact:website": null, "building:levels": null, "survey:date": null, "addr:street": "Rue Filaterie", "addr:housenumber": "22", "phone": "+33 4 50 11 75 16", "ref:FR:SIREN": null, "contact:housenumber": null, "contact:fax": null, "contact:email": null, "addr:postcode": "74000", "addr:city": "Annecy", "ref:vatin": null, "ref:FR:NAF": null, "opening_hours": "Tu-Fr 10:00-13:00,14:00-19:00; Sa 10:00-19:00", "contact:street": null, "contact:postcode": null, "contact:phone": null, "contact:facebook": null, "contact:city": null, "ref:FR:SIRET": null, "website": null, "type": null, "name": "Opinel Savoie", "building": null, "contact:instagram": null, "panoramax": null, "min_age": null, "check_date:panoramax": null, "sport": null, "payment:cards": null, "image": null, "clothes": null, "club": null, "second_hand": null, "phone:mobile": null, "harassment_prevention": null, "contact:mobile": null, "source:name:br": null, "name:br": null, "drive_through": null, "delivery": null, "currency:EUR": null, "start_date": null, "payment:cash": null, "addr:country": null, "entrance": null, "payment:debit_cards": null, "payment:credit_cards": null, "payment:visa": null, "payment:paypal": null, "payment:mastercard": null, "payment:maestro": null, "payment:cheque": null, "payment:cb": null, "facebook": null, "description": null, "wheelchair:entrance_width": null, "wheelchair:description": null, "short_name": null, "social_facility:for": null, "opening_hours:signed": null, "official_name": null, "check_date:opening_hours": null, "level": null, "amenity": null, "fax": null, "layer": "shop_weapons_France", "path": "Point?crs=EPSG:4326&field=full_id:string(0,0)&field=osm_id:string(0,0)&field=osm_type:string(0,0)&field=shop:string(0,0)&field=contact%3Ainstagram:string(0,0)&field=panoramax:string(0,0)&field=min_age:string(0,0)&field=check_date%3Apanoramax:string(0,0)&field=sport:string(0,0)&field=payment%3Acards:string(0,0)&field=image:string(0,0)&field=clothes:string(0,0)&field=type:string(0,0)&field=club:string(0,0)&field=second_hand:string(0,0)&field=ref%3AFR%3ASIREN:string(0,0)&field=phone%3Amobile:string(0,0)&field=harassment_prevention:string(0,0)&field=contact%3Amobile:string(0,0)&field=source%3Aname%3Abr:string(0,0)&field=name%3Abr:string(0,0)&field=drive_through:string(0,0)&field=delivery:string(0,0)&field=currency%3AEUR:string(0,0)&field=start_date:string(0,0)&field=contact%3Afacebook:string(0,0)&field=payment%3Acash:string(0,0)&field=addr%3Acountry:string(0,0)&field=entrance:string(0,0)&field=payment%3Adebit_cards:string(0,0)&field=payment%3Acredit_cards:string(0,0)&field=ref%3AFR%3ANAF:string(0,0)&field=payment%3Avisa:string(0,0)&field=payment%3Apaypal:string(0,0)&field=payment%3Amastercard:string(0,0)&field=payment%3Amaestro:string(0,0)&field=payment%3Acheque:string(0,0)&field=payment%3Acb:string(0,0)&field=facebook:string(0,0)&field=contact%3Aemail:string(0,0)&field=contact%3Aphone:string(0,0)&field=operator:string(0,0)&field=description:string(0,0)&field=wheelchair%3Aentrance_width:string(0,0)&field=wheelchair%3Adescription:string(0,0)&field=short_name:string(0,0)&field=social_facility%3Afor:string(0,0)&field=addr%3Acity:string(0,0)&field=opening_hours%3Asigned:string(0,0)&field=official_name:string(0,0)&field=check_date%3Aopening_hours:string(0,0)&field=level:string(0,0)&field=amenity:string(0,0)&field=survey%3Adate:string(0,0)&field=opening_hours:string(0,0)&field=fax:string(0,0)&field=email:string(0,0)&field=contact%3Awebsite:string(0,0)&field=contact%3Apostcode:string(0,0)&field=contact%3Acity:string(0,0)&field=contact%3Astreet:string(0,0)&field=contact%3Ahousenumber:string(0,0)&field=check_date:string(0,0)&field=phone:string(0,0)&field=addr%3Astreet:string(0,0)&field=addr%3Apostcode:string(0,0)&field=addr%3Ahousenumber:string(0,0)&field=wheelchair:string(0,0)&field=website:string(0,0)&field=ref%3AFR%3ASIRET:string(0,0)&field=name:string(0,0)&uid={4518d7bb-bdbd-4c09-8855-e4ec48aa2337}" }, "geometry": { "type": "Point", "coordinates": [ 6.1263136, 45.8990693 ] } },
{ "type": "Feature", "properties": { "full_id": "n6866511689", "osm_id": "6866511689", "osm_type": "node", "shop": "weapons", "check_date": "2025-06-22", "operator": null, "email": null, "disused:shop": null, "wheelchair": null, "contact:website": null, "building:levels": null, "survey:date": null, "addr:street": null, "addr:housenumber": null, "phone": null, "ref:FR:SIREN": null, "contact:housenumber": null, "contact:fax": null, "contact:email": null, "addr:postcode": null, "addr:city": null, "ref:vatin": null, "ref:FR:NAF": null, "opening_hours": "Mo-Fr 10:30-19:00", "contact:street": null, "contact:postcode": null, "contact:phone": null, "contact:facebook": null, "contact:city": null, "ref:FR:SIRET": "80280734700025", "website": null, "type": null, "name": "Acier trempé", "building": null, "contact:instagram": null, "panoramax": null, "min_age": null, "check_date:panoramax": null, "sport": null, "payment:cards": null, "image": null, "clothes": null, "club": null, "second_hand": null, "phone:mobile": null, "harassment_prevention": null, "contact:mobile": null, "source:name:br": null, "name:br": null, "drive_through": null, "delivery": null, "currency:EUR": null, "start_date": null, "payment:cash": null, "addr:country": null, "entrance": null, "payment:debit_cards": null, "payment:credit_cards": null, "payment:visa": null, "payment:paypal": null, "payment:mastercard": null, "payment:maestro": null, "payment:cheque": null, "payment:cb": null, "facebook": null, "description": null, "wheelchair:entrance_width": null, "wheelchair:description": null, "short_name": null, "social_facility:for": null, "opening_hours:signed": null, "official_name": null, "check_date:opening_hours": null, "level": null, "amenity": null, "fax": null, "layer": "shop_weapons_France", "path": "Point?crs=EPSG:4326&field=full_id:string(0,0)&field=osm_id:string(0,0)&field=osm_type:string(0,0)&field=shop:string(0,0)&field=contact%3Ainstagram:string(0,0)&field=panoramax:string(0,0)&field=min_age:string(0,0)&field=check_date%3Apanoramax:string(0,0)&field=sport:string(0,0)&field=payment%3Acards:string(0,0)&field=image:string(0,0)&field=clothes:string(0,0)&field=type:string(0,0)&field=club:string(0,0)&field=second_hand:string(0,0)&field=ref%3AFR%3ASIREN:string(0,0)&field=phone%3Amobile:string(0,0)&field=harassment_prevention:string(0,0)&field=contact%3Amobile:string(0,0)&field=source%3Aname%3Abr:string(0,0)&field=name%3Abr:string(0,0)&field=drive_through:string(0,0)&field=delivery:string(0,0)&field=currency%3AEUR:string(0,0)&field=start_date:string(0,0)&field=contact%3Afacebook:string(0,0)&field=payment%3Acash:string(0,0)&field=addr%3Acountry:string(0,0)&field=entrance:string(0,0)&field=payment%3Adebit_cards:string(0,0)&field=payment%3Acredit_cards:string(0,0)&field=ref%3AFR%3ANAF:string(0,0)&field=payment%3Avisa:string(0,0)&field=payment%3Apaypal:string(0,0)&field=payment%3Amastercard:string(0,0)&field=payment%3Amaestro:string(0,0)&field=payment%3Acheque:string(0,0)&field=payment%3Acb:string(0,0)&field=facebook:string(0,0)&field=contact%3Aemail:string(0,0)&field=contact%3Aphone:string(0,0)&field=operator:string(0,0)&field=description:string(0,0)&field=wheelchair%3Aentrance_width:string(0,0)&field=wheelchair%3Adescription:string(0,0)&field=short_name:string(0,0)&field=social_facility%3Afor:string(0,0)&field=addr%3Acity:string(0,0)&field=opening_hours%3Asigned:string(0,0)&field=official_name:string(0,0)&field=check_date%3Aopening_hours:string(0,0)&field=level:string(0,0)&field=amenity:string(0,0)&field=survey%3Adate:string(0,0)&field=opening_hours:string(0,0)&field=fax:string(0,0)&field=email:string(0,0)&field=contact%3Awebsite:string(0,0)&field=contact%3Apostcode:string(0,0)&field=contact%3Acity:string(0,0)&field=contact%3Astreet:string(0,0)&field=contact%3Ahousenumber:string(0,0)&field=check_date:string(0,0)&field=phone:string(0,0)&field=addr%3Astreet:string(0,0)&field=addr%3Apostcode:string(0,0)&field=addr%3Ahousenumber:string(0,0)&field=wheelchair:string(0,0)&field=website:string(0,0)&field=ref%3AFR%3ASIRET:string(0,0)&field=name:string(0,0)&uid={4518d7bb-bdbd-4c09-8855-e4ec48aa2337}" }, "geometry": { "type": "Point", "coordinates": [ 5.4473225, 43.5278017 ] } },
{ "type": "Feature", "properties": { "full_id": "n6902581710", "osm_id": "6902581710", "osm_type": "node", "shop": "weapons", "check_date": null, "operator": null, "email": null, "disused:shop": null, "wheelchair": null, "contact:website": null, "building:levels": null, "survey:date": null, "addr:street": null, "addr:housenumber": null, "phone": null, "ref:FR:SIREN": null, "contact:housenumber": null, "contact:fax": null, "contact:email": null, "addr:postcode": null, "addr:city": null, "ref:vatin": null, "ref:FR:NAF": null, "opening_hours": "Tu-Sa 10:00-12:00,14:00-19:00; Mo 14:00-19:00", "contact:street": null, "contact:postcode": null, "contact:phone": null, "contact:facebook": null, "contact:city": null, "ref:FR:SIRET": "44053028500012", "website": null, "type": null, "name": "Ok'Tés Coutellerie Electricité", "building": null, "contact:instagram": null, "panoramax": null, "min_age": null, "check_date:panoramax": null, "sport": null, "payment:cards": null, "image": null, "clothes": null, "club": null, "second_hand": null, "phone:mobile": null, "harassment_prevention": null, "contact:mobile": null, "source:name:br": null, "name:br": null, "drive_through": null, "delivery": null, "currency:EUR": null, "start_date": null, "payment:cash": null, "addr:country": null, "entrance": null, "payment:debit_cards": null, "payment:credit_cards": null, "payment:visa": null, "payment:paypal": null, "payment:mastercard": null, "payment:maestro": null, "payment:cheque": null, "payment:cb": null, "facebook": null, "description": null, "wheelchair:entrance_width": null, "wheelchair:description": null, "short_name": null, "social_facility:for": null, "opening_hours:signed": null, "official_name": null, "check_date:opening_hours": null, "level": null, "amenity": null, "fax": null, "layer": "shop_weapons_France", "path": "Point?crs=EPSG:4326&field=full_id:string(0,0)&field=osm_id:string(0,0)&field=osm_type:string(0,0)&field=shop:string(0,0)&field=contact%3Ainstagram:string(0,0)&field=panoramax:string(0,0)&field=min_age:string(0,0)&field=check_date%3Apanoramax:string(0,0)&field=sport:string(0,0)&field=payment%3Acards:string(0,0)&field=image:string(0,0)&field=clothes:string(0,0)&field=type:string(0,0)&field=club:string(0,0)&field=second_hand:string(0,0)&field=ref%3AFR%3ASIREN:string(0,0)&field=phone%3Amobile:string(0,0)&field=harassment_prevention:string(0,0)&field=contact%3Amobile:string(0,0)&field=source%3Aname%3Abr:string(0,0)&field=name%3Abr:string(0,0)&field=drive_through:string(0,0)&field=delivery:string(0,0)&field=currency%3AEUR:string(0,0)&field=start_date:string(0,0)&field=contact%3Afacebook:string(0,0)&field=payment%3Acash:string(0,0)&field=addr%3Acountry:string(0,0)&field=entrance:string(0,0)&field=payment%3Adebit_cards:string(0,0)&field=payment%3Acredit_cards:string(0,0)&field=ref%3AFR%3ANAF:string(0,0)&field=payment%3Avisa:string(0,0)&field=payment%3Apaypal:string(0,0)&field=payment%3Amastercard:string(0,0)&field=payment%3Amaestro:string(0,0)&field=payment%3Acheque:string(0,0)&field=payment%3Acb:string(0,0)&field=facebook:string(0,0)&field=contact%3Aemail:string(0,0)&field=contact%3Aphone:string(0,0)&field=operator:string(0,0)&field=description:string(0,0)&field=wheelchair%3Aentrance_width:string(0,0)&field=wheelchair%3Adescription:string(0,0)&field=short_name:string(0,0)&field=social_facility%3Afor:string(0,0)&field=addr%3Acity:string(0,0)&field=opening_hours%3Asigned:string(0,0)&field=official_name:string(0,0)&field=check_date%3Aopening_hours:string(0,0)&field=level:string(0,0)&field=amenity:string(0,0)&field=survey%3Adate:string(0,0)&field=opening_hours:string(0,0)&field=fax:string(0,0)&field=email:string(0,0)&field=contact%3Awebsite:string(0,0)&field=contact%3Apostcode:string(0,0)&field=contact%3Acity:string(0,0)&field=contact%3Astreet:string(0,0)&field=contact%3Ahousenumber:string(0,0)&field=check_date:string(0,0)&field=phone:string(0,0)&field=addr%3Astreet:string(0,0)&field=addr%3Apostcode:string(0,0)&field=addr%3Ahousenumber:string(0,0)&field=wheelchair:string(0,0)&field=website:string(0,0)&field=ref%3AFR%3ASIRET:string(0,0)&field=name:string(0,0)&uid={4518d7bb-bdbd-4c09-8855-e4ec48aa2337}" }, "geometry": { "type": "Point", "coordinates": [ 6.1230401, 45.8999053 ] } },
{ "type": "Feature", "properties": { "full_id": "n6915490861", "osm_id": "6915490861", "osm_type": "node", "shop": "weapons", "check_date": "2024-10-29", "operator": null, "email": null, "disused:shop": null, "wheelchair": null, "contact:website": null, "building:levels": null, "survey:date": null, "addr:street": null, "addr:housenumber": null, "phone": null, "ref:FR:SIREN": null, "contact:housenumber": null, "contact:fax": null, "contact:email": null, "addr:postcode": null, "addr:city": null, "ref:vatin": null, "ref:FR:NAF": null, "opening_hours": null, "contact:street": null, "contact:postcode": null, "contact:phone": null, "contact:facebook": null, "contact:city": null, "ref:FR:SIRET": null, "website": null, "type": null, "name": "Paul Machenaud", "building": null, "contact:instagram": null, "panoramax": null, "min_age": null, "check_date:panoramax": null, "sport": null, "payment:cards": null, "image": null, "clothes": null, "club": null, "second_hand": null, "phone:mobile": null, "harassment_prevention": null, "contact:mobile": null, "source:name:br": null, "name:br": null, "drive_through": null, "delivery": null, "currency:EUR": null, "start_date": null, "payment:cash": null, "addr:country": null, "entrance": null, "payment:debit_cards": null, "payment:credit_cards": null, "payment:visa": null, "payment:paypal": null, "payment:mastercard": null, "payment:maestro": null, "payment:cheque": null, "payment:cb": null, "facebook": null, "description": null, "wheelchair:entrance_width": null, "wheelchair:description": null, "short_name": null, "social_facility:for": null, "opening_hours:signed": null, "official_name": null, "check_date:opening_hours": null, "level": null, "amenity": null, "fax": null, "layer": "shop_weapons_France", "path": "Point?crs=EPSG:4326&field=full_id:string(0,0)&field=osm_id:string(0,0)&field=osm_type:string(0,0)&field=shop:string(0,0)&field=contact%3Ainstagram:string(0,0)&field=panoramax:string(0,0)&field=min_age:string(0,0)&field=check_date%3Apanoramax:string(0,0)&field=sport:string(0,0)&field=payment%3Acards:string(0,0)&field=image:string(0,0)&field=clothes:string(0,0)&field=type:string(0,0)&field=club:string(0,0)&field=second_hand:string(0,0)&field=ref%3AFR%3ASIREN:string(0,0)&field=phone%3Amobile:string(0,0)&field=harassment_prevention:string(0,0)&field=contact%3Amobile:string(0,0)&field=source%3Aname%3Abr:string(0,0)&field=name%3Abr:string(0,0)&field=drive_through:string(0,0)&field=delivery:string(0,0)&field=currency%3AEUR:string(0,0)&field=start_date:string(0,0)&field=contact%3Afacebook:string(0,0)&field=payment%3Acash:string(0,0)&field=addr%3Acountry:string(0,0)&field=entrance:string(0,0)&field=payment%3Adebit_cards:string(0,0)&field=payment%3Acredit_cards:string(0,0)&field=ref%3AFR%3ANAF:string(0,0)&field=payment%3Avisa:string(0,0)&field=payment%3Apaypal:string(0,0)&field=payment%3Amastercard:string(0,0)&field=payment%3Amaestro:string(0,0)&field=payment%3Acheque:string(0,0)&field=payment%3Acb:string(0,0)&field=facebook:string(0,0)&field=contact%3Aemail:string(0,0)&field=contact%3Aphone:string(0,0)&field=operator:string(0,0)&field=description:string(0,0)&field=wheelchair%3Aentrance_width:string(0,0)&field=wheelchair%3Adescription:string(0,0)&field=short_name:string(0,0)&field=social_facility%3Afor:string(0,0)&field=addr%3Acity:string(0,0)&field=opening_hours%3Asigned:string(0,0)&field=official_name:string(0,0)&field=check_date%3Aopening_hours:string(0,0)&field=level:string(0,0)&field=amenity:string(0,0)&field=survey%3Adate:string(0,0)&field=opening_hours:string(0,0)&field=fax:string(0,0)&field=email:string(0,0)&field=contact%3Awebsite:string(0,0)&field=contact%3Apostcode:string(0,0)&field=contact%3Acity:string(0,0)&field=contact%3Astreet:string(0,0)&field=contact%3Ahousenumber:string(0,0)&field=check_date:string(0,0)&field=phone:string(0,0)&field=addr%3Astreet:string(0,0)&field=addr%3Apostcode:string(0,0)&field=addr%3Ahousenumber:string(0,0)&field=wheelchair:string(0,0)&field=website:string(0,0)&field=ref%3AFR%3ASIRET:string(0,0)&field=name:string(0,0)&uid={4518d7bb-bdbd-4c09-8855-e4ec48aa2337}" }, "geometry": { "type": "Point", "coordinates": [ 6.1234856, 45.8996774 ] } },
{ "type": "Feature", "properties": { "full_id": "n7022290942", "osm_id": "7022290942", "osm_type": "node", "shop": "weapons", "check_date": null, "operator": null, "email": null, "disused:shop": null, "wheelchair": "yes", "contact:website": null, "building:levels": null, "survey:date": "2021-04-25", "addr:street": "Avenue de Russie", "addr:housenumber": "16", "phone": "+33 4 70 32 18 87", "ref:FR:SIREN": null, "contact:housenumber": null, "contact:fax": null, "contact:email": null, "addr:postcode": "03700", "addr:city": "Bellerive-sur-Allier", "ref:vatin": null, "ref:FR:NAF": null, "opening_hours": "Tu-Fr 09:00-12:00,14:30-19:00; Sa 09:00-12:00,14:30-18:00", "contact:street": null, "contact:postcode": null, "contact:phone": null, "contact:facebook": null, "contact:city": null, "ref:FR:SIRET": null, "website": "https://www.armurerieroches.fr/", "type": null, "name": "Armurier Rochès Père et Fils", "building": null, "contact:instagram": null, "panoramax": null, "min_age": null, "check_date:panoramax": null, "sport": null, "payment:cards": null, "image": null, "clothes": null, "club": null, "second_hand": null, "phone:mobile": null, "harassment_prevention": null, "contact:mobile": null, "source:name:br": null, "name:br": null, "drive_through": null, "delivery": null, "currency:EUR": null, "start_date": null, "payment:cash": null, "addr:country": "FR", "entrance": null, "payment:debit_cards": null, "payment:credit_cards": null, "payment:visa": null, "payment:paypal": null, "payment:mastercard": null, "payment:maestro": null, "payment:cheque": null, "payment:cb": null, "facebook": null, "description": null, "wheelchair:entrance_width": null, "wheelchair:description": null, "short_name": null, "social_facility:for": null, "opening_hours:signed": null, "official_name": null, "check_date:opening_hours": null, "level": null, "amenity": null, "fax": null, "layer": "shop_weapons_France", "path": "Point?crs=EPSG:4326&field=full_id:string(0,0)&field=osm_id:string(0,0)&field=osm_type:string(0,0)&field=shop:string(0,0)&field=contact%3Ainstagram:string(0,0)&field=panoramax:string(0,0)&field=min_age:string(0,0)&field=check_date%3Apanoramax:string(0,0)&field=sport:string(0,0)&field=payment%3Acards:string(0,0)&field=image:string(0,0)&field=clothes:string(0,0)&field=type:string(0,0)&field=club:string(0,0)&field=second_hand:string(0,0)&field=ref%3AFR%3ASIREN:string(0,0)&field=phone%3Amobile:string(0,0)&field=harassment_prevention:string(0,0)&field=contact%3Amobile:string(0,0)&field=source%3Aname%3Abr:string(0,0)&field=name%3Abr:string(0,0)&field=drive_through:string(0,0)&field=delivery:string(0,0)&field=currency%3AEUR:string(0,0)&field=start_date:string(0,0)&field=contact%3Afacebook:string(0,0)&field=payment%3Acash:string(0,0)&field=addr%3Acountry:string(0,0)&field=entrance:string(0,0)&field=payment%3Adebit_cards:string(0,0)&field=payment%3Acredit_cards:string(0,0)&field=ref%3AFR%3ANAF:string(0,0)&field=payment%3Avisa:string(0,0)&field=payment%3Apaypal:string(0,0)&field=payment%3Amastercard:string(0,0)&field=payment%3Amaestro:string(0,0)&field=payment%3Acheque:string(0,0)&field=payment%3Acb:string(0,0)&field=facebook:string(0,0)&field=contact%3Aemail:string(0,0)&field=contact%3Aphone:string(0,0)&field=operator:string(0,0)&field=description:string(0,0)&field=wheelchair%3Aentrance_width:string(0,0)&field=wheelchair%3Adescription:string(0,0)&field=short_name:string(0,0)&field=social_facility%3Afor:string(0,0)&field=addr%3Acity:string(0,0)&field=opening_hours%3Asigned:string(0,0)&field=official_name:string(0,0)&field=check_date%3Aopening_hours:string(0,0)&field=level:string(0,0)&field=amenity:string(0,0)&field=survey%3Adate:string(0,0)&field=opening_hours:string(0,0)&field=fax:string(0,0)&field=email:string(0,0)&field=contact%3Awebsite:string(0,0)&field=contact%3Apostcode:string(0,0)&field=contact%3Acity:string(0,0)&field=contact%3Astreet:string(0,0)&field=contact%3Ahousenumber:string(0,0)&field=check_date:string(0,0)&field=phone:string(0,0)&field=addr%3Astreet:string(0,0)&field=addr%3Apostcode:string(0,0)&field=addr%3Ahousenumber:string(0,0)&field=wheelchair:string(0,0)&field=website:string(0,0)&field=ref%3AFR%3ASIRET:string(0,0)&field=name:string(0,0)&uid={4518d7bb-bdbd-4c09-8855-e4ec48aa2337}" }, "geometry": { "type": "Point", "coordinates": [ 3.4109107, 46.1168276 ] } },
{ "type": "Feature", "properties": { "full_id": "n7115018907", "osm_id": "7115018907", "osm_type": "node", "shop": "weapons", "check_date": null, "operator": null, "email": null, "disused:shop": null, "wheelchair": null, "contact:website": null, "building:levels": null, "survey:date": null, "addr:street": null, "addr:housenumber": null, "phone": null, "ref:FR:SIREN": null, "contact:housenumber": null, "contact:fax": null, "contact:email": null, "addr:postcode": null, "addr:city": null, "ref:vatin": null, "ref:FR:NAF": null, "opening_hours": null, "contact:street": null, "contact:postcode": null, "contact:phone": null, "contact:facebook": null, "contact:city": null, "ref:FR:SIRET": null, "website": null, "type": null, "name": "Blaise", "building": null, "contact:instagram": null, "panoramax": null, "min_age": null, "check_date:panoramax": null, "sport": null, "payment:cards": null, "image": null, "clothes": null, "club": null, "second_hand": null, "phone:mobile": null, "harassment_prevention": null, "contact:mobile": null, "source:name:br": null, "name:br": null, "drive_through": null, "delivery": null, "currency:EUR": null, "start_date": null, "payment:cash": null, "addr:country": null, "entrance": null, "payment:debit_cards": null, "payment:credit_cards": null, "payment:visa": null, "payment:paypal": null, "payment:mastercard": null, "payment:maestro": null, "payment:cheque": null, "payment:cb": null, "facebook": null, "description": null, "wheelchair:entrance_width": null, "wheelchair:description": null, "short_name": null, "social_facility:for": null, "opening_hours:signed": null, "official_name": null, "check_date:opening_hours": null, "level": null, "amenity": null, "fax": null, "layer": "shop_weapons_France", "path": "Point?crs=EPSG:4326&field=full_id:string(0,0)&field=osm_id:string(0,0)&field=osm_type:string(0,0)&field=shop:string(0,0)&field=contact%3Ainstagram:string(0,0)&field=panoramax:string(0,0)&field=min_age:string(0,0)&field=check_date%3Apanoramax:string(0,0)&field=sport:string(0,0)&field=payment%3Acards:string(0,0)&field=image:string(0,0)&field=clothes:string(0,0)&field=type:string(0,0)&field=club:string(0,0)&field=second_hand:string(0,0)&field=ref%3AFR%3ASIREN:string(0,0)&field=phone%3Amobile:string(0,0)&field=harassment_prevention:string(0,0)&field=contact%3Amobile:string(0,0)&field=source%3Aname%3Abr:string(0,0)&field=name%3Abr:string(0,0)&field=drive_through:string(0,0)&field=delivery:string(0,0)&field=currency%3AEUR:string(0,0)&field=start_date:string(0,0)&field=contact%3Afacebook:string(0,0)&field=payment%3Acash:string(0,0)&field=addr%3Acountry:string(0,0)&field=entrance:string(0,0)&field=payment%3Adebit_cards:string(0,0)&field=payment%3Acredit_cards:string(0,0)&field=ref%3AFR%3ANAF:string(0,0)&field=payment%3Avisa:string(0,0)&field=payment%3Apaypal:string(0,0)&field=payment%3Amastercard:string(0,0)&field=payment%3Amaestro:string(0,0)&field=payment%3Acheque:string(0,0)&field=payment%3Acb:string(0,0)&field=facebook:string(0,0)&field=contact%3Aemail:string(0,0)&field=contact%3Aphone:string(0,0)&field=operator:string(0,0)&field=description:string(0,0)&field=wheelchair%3Aentrance_width:string(0,0)&field=wheelchair%3Adescription:string(0,0)&field=short_name:string(0,0)&field=social_facility%3Afor:string(0,0)&field=addr%3Acity:string(0,0)&field=opening_hours%3Asigned:string(0,0)&field=official_name:string(0,0)&field=check_date%3Aopening_hours:string(0,0)&field=level:string(0,0)&field=amenity:string(0,0)&field=survey%3Adate:string(0,0)&field=opening_hours:string(0,0)&field=fax:string(0,0)&field=email:string(0,0)&field=contact%3Awebsite:string(0,0)&field=contact%3Apostcode:string(0,0)&field=contact%3Acity:string(0,0)&field=contact%3Astreet:string(0,0)&field=contact%3Ahousenumber:string(0,0)&field=check_date:string(0,0)&field=phone:string(0,0)&field=addr%3Astreet:string(0,0)&field=addr%3Apostcode:string(0,0)&field=addr%3Ahousenumber:string(0,0)&field=wheelchair:string(0,0)&field=website:string(0,0)&field=ref%3AFR%3ASIRET:string(0,0)&field=name:string(0,0)&uid={4518d7bb-bdbd-4c09-8855-e4ec48aa2337}" }, "geometry": { "type": "Point", "coordinates": [ -1.429887, 46.7765844 ] } },
{ "type": "Feature", "properties": { "full_id": "n7282798417", "osm_id": "7282798417", "osm_type": "node", "shop": "weapons", "check_date": null, "operator": null, "email": null, "disused:shop": null, "wheelchair": null, "contact:website": null, "building:levels": null, "survey:date": null, "addr:street": null, "addr:housenumber": null, "phone": null, "ref:FR:SIREN": null, "contact:housenumber": null, "contact:fax": null, "contact:email": null, "addr:postcode": null, "addr:city": null, "ref:vatin": null, "ref:FR:NAF": null, "opening_hours": null, "contact:street": null, "contact:postcode": null, "contact:phone": null, "contact:facebook": null, "contact:city": null, "ref:FR:SIRET": null, "website": null, "type": null, "name": "Bistrot chinois", "building": null, "contact:instagram": null, "panoramax": null, "min_age": null, "check_date:panoramax": null, "sport": null, "payment:cards": null, "image": null, "clothes": null, "club": null, "second_hand": null, "phone:mobile": null, "harassment_prevention": null, "contact:mobile": null, "source:name:br": null, "name:br": null, "drive_through": null, "delivery": null, "currency:EUR": null, "start_date": null, "payment:cash": null, "addr:country": null, "entrance": null, "payment:debit_cards": null, "payment:credit_cards": null, "payment:visa": null, "payment:paypal": null, "payment:mastercard": null, "payment:maestro": null, "payment:cheque": null, "payment:cb": null, "facebook": null, "description": null, "wheelchair:entrance_width": null, "wheelchair:description": null, "short_name": null, "social_facility:for": null, "opening_hours:signed": null, "official_name": null, "check_date:opening_hours": null, "level": null, "amenity": null, "fax": null, "layer": "shop_weapons_France", "path": "Point?crs=EPSG:4326&field=full_id:string(0,0)&field=osm_id:string(0,0)&field=osm_type:string(0,0)&field=shop:string(0,0)&field=contact%3Ainstagram:string(0,0)&field=panoramax:string(0,0)&field=min_age:string(0,0)&field=check_date%3Apanoramax:string(0,0)&field=sport:string(0,0)&field=payment%3Acards:string(0,0)&field=image:string(0,0)&field=clothes:string(0,0)&field=type:string(0,0)&field=club:string(0,0)&field=second_hand:string(0,0)&field=ref%3AFR%3ASIREN:string(0,0)&field=phone%3Amobile:string(0,0)&field=harassment_prevention:string(0,0)&field=contact%3Amobile:string(0,0)&field=source%3Aname%3Abr:string(0,0)&field=name%3Abr:string(0,0)&field=drive_through:string(0,0)&field=delivery:string(0,0)&field=currency%3AEUR:string(0,0)&field=start_date:string(0,0)&field=contact%3Afacebook:string(0,0)&field=payment%3Acash:string(0,0)&field=addr%3Acountry:string(0,0)&field=entrance:string(0,0)&field=payment%3Adebit_cards:string(0,0)&field=payment%3Acredit_cards:string(0,0)&field=ref%3AFR%3ANAF:string(0,0)&field=payment%3Avisa:string(0,0)&field=payment%3Apaypal:string(0,0)&field=payment%3Amastercard:string(0,0)&field=payment%3Amaestro:string(0,0)&field=payment%3Acheque:string(0,0)&field=payment%3Acb:string(0,0)&field=facebook:string(0,0)&field=contact%3Aemail:string(0,0)&field=contact%3Aphone:string(0,0)&field=operator:string(0,0)&field=description:string(0,0)&field=wheelchair%3Aentrance_width:string(0,0)&field=wheelchair%3Adescription:string(0,0)&field=short_name:string(0,0)&field=social_facility%3Afor:string(0,0)&field=addr%3Acity:string(0,0)&field=opening_hours%3Asigned:string(0,0)&field=official_name:string(0,0)&field=check_date%3Aopening_hours:string(0,0)&field=level:string(0,0)&field=amenity:string(0,0)&field=survey%3Adate:string(0,0)&field=opening_hours:string(0,0)&field=fax:string(0,0)&field=email:string(0,0)&field=contact%3Awebsite:string(0,0)&field=contact%3Apostcode:string(0,0)&field=contact%3Acity:string(0,0)&field=contact%3Astreet:string(0,0)&field=contact%3Ahousenumber:string(0,0)&field=check_date:string(0,0)&field=phone:string(0,0)&field=addr%3Astreet:string(0,0)&field=addr%3Apostcode:string(0,0)&field=addr%3Ahousenumber:string(0,0)&field=wheelchair:string(0,0)&field=website:string(0,0)&field=ref%3AFR%3ASIRET:string(0,0)&field=name:string(0,0)&uid={4518d7bb-bdbd-4c09-8855-e4ec48aa2337}" }, "geometry": { "type": "Point", "coordinates": [ -0.5718456, 44.8035211 ] } },
{ "type": "Feature", "properties": { "full_id": "n7367083262", "osm_id": "7367083262", "osm_type": "node", "shop": "weapons", "check_date": null, "operator": null, "email": null, "disused:shop": null, "wheelchair": null, "contact:website": null, "building:levels": null, "survey:date": null, "addr:street": null, "addr:housenumber": null, "phone": "+33 5 46 22 69 14", "ref:FR:SIREN": null, "contact:housenumber": null, "contact:fax": null, "contact:email": null, "addr:postcode": null, "addr:city": null, "ref:vatin": null, "ref:FR:NAF": null, "opening_hours": null, "contact:street": null, "contact:postcode": null, "contact:phone": null, "contact:facebook": null, "contact:city": null, "ref:FR:SIRET": null, "website": "https://fr-fr.facebook.com/ArmurerieJulienTantin", "type": null, "name": "Armurerie Julien Tantin", "building": null, "contact:instagram": null, "panoramax": null, "min_age": null, "check_date:panoramax": null, "sport": null, "payment:cards": null, "image": null, "clothes": null, "club": null, "second_hand": null, "phone:mobile": null, "harassment_prevention": null, "contact:mobile": null, "source:name:br": null, "name:br": null, "drive_through": null, "delivery": null, "currency:EUR": null, "start_date": null, "payment:cash": null, "addr:country": null, "entrance": null, "payment:debit_cards": null, "payment:credit_cards": null, "payment:visa": null, "payment:paypal": null, "payment:mastercard": null, "payment:maestro": null, "payment:cheque": null, "payment:cb": null, "facebook": null, "description": null, "wheelchair:entrance_width": null, "wheelchair:description": null, "short_name": null, "social_facility:for": null, "opening_hours:signed": null, "official_name": null, "check_date:opening_hours": null, "level": null, "amenity": null, "fax": null, "layer": "shop_weapons_France", "path": "Point?crs=EPSG:4326&field=full_id:string(0,0)&field=osm_id:string(0,0)&field=osm_type:string(0,0)&field=shop:string(0,0)&field=contact%3Ainstagram:string(0,0)&field=panoramax:string(0,0)&field=min_age:string(0,0)&field=check_date%3Apanoramax:string(0,0)&field=sport:string(0,0)&field=payment%3Acards:string(0,0)&field=image:string(0,0)&field=clothes:string(0,0)&field=type:string(0,0)&field=club:string(0,0)&field=second_hand:string(0,0)&field=ref%3AFR%3ASIREN:string(0,0)&field=phone%3Amobile:string(0,0)&field=harassment_prevention:string(0,0)&field=contact%3Amobile:string(0,0)&field=source%3Aname%3Abr:string(0,0)&field=name%3Abr:string(0,0)&field=drive_through:string(0,0)&field=delivery:string(0,0)&field=currency%3AEUR:string(0,0)&field=start_date:string(0,0)&field=contact%3Afacebook:string(0,0)&field=payment%3Acash:string(0,0)&field=addr%3Acountry:string(0,0)&field=entrance:string(0,0)&field=payment%3Adebit_cards:string(0,0)&field=payment%3Acredit_cards:string(0,0)&field=ref%3AFR%3ANAF:string(0,0)&field=payment%3Avisa:string(0,0)&field=payment%3Apaypal:string(0,0)&field=payment%3Amastercard:string(0,0)&field=payment%3Amaestro:string(0,0)&field=payment%3Acheque:string(0,0)&field=payment%3Acb:string(0,0)&field=facebook:string(0,0)&field=contact%3Aemail:string(0,0)&field=contact%3Aphone:string(0,0)&field=operator:string(0,0)&field=description:string(0,0)&field=wheelchair%3Aentrance_width:string(0,0)&field=wheelchair%3Adescription:string(0,0)&field=short_name:string(0,0)&field=social_facility%3Afor:string(0,0)&field=addr%3Acity:string(0,0)&field=opening_hours%3Asigned:string(0,0)&field=official_name:string(0,0)&field=check_date%3Aopening_hours:string(0,0)&field=level:string(0,0)&field=amenity:string(0,0)&field=survey%3Adate:string(0,0)&field=opening_hours:string(0,0)&field=fax:string(0,0)&field=email:string(0,0)&field=contact%3Awebsite:string(0,0)&field=contact%3Apostcode:string(0,0)&field=contact%3Acity:string(0,0)&field=contact%3Astreet:string(0,0)&field=contact%3Ahousenumber:string(0,0)&field=check_date:string(0,0)&field=phone:string(0,0)&field=addr%3Astreet:string(0,0)&field=addr%3Apostcode:string(0,0)&field=addr%3Ahousenumber:string(0,0)&field=wheelchair:string(0,0)&field=website:string(0,0)&field=ref%3AFR%3ASIRET:string(0,0)&field=name:string(0,0)&uid={4518d7bb-bdbd-4c09-8855-e4ec48aa2337}" }, "geometry": { "type": "Point", "coordinates": [ -1.0130851, 45.6631332 ] } },
{ "type": "Feature", "properties": { "full_id": "n7394326749", "osm_id": "7394326749", "osm_type": "node", "shop": "weapons", "check_date": null, "operator": null, "email": null, "disused:shop": null, "wheelchair": null, "contact:website": null, "building:levels": null, "survey:date": null, "addr:street": null, "addr:housenumber": null, "phone": null, "ref:FR:SIREN": null, "contact:housenumber": null, "contact:fax": null, "contact:email": null, "addr:postcode": null, "addr:city": null, "ref:vatin": null, "ref:FR:NAF": null, "opening_hours": null, "contact:street": null, "contact:postcode": null, "contact:phone": null, "contact:facebook": null, "contact:city": null, "ref:FR:SIRET": null, "website": null, "type": null, "name": null, "building": null, "contact:instagram": null, "panoramax": null, "min_age": null, "check_date:panoramax": null, "sport": null, "payment:cards": null, "image": null, "clothes": null, "club": null, "second_hand": null, "phone:mobile": null, "harassment_prevention": null, "contact:mobile": null, "source:name:br": null, "name:br": null, "drive_through": null, "delivery": null, "currency:EUR": null, "start_date": null, "payment:cash": null, "addr:country": null, "entrance": null, "payment:debit_cards": null, "payment:credit_cards": null, "payment:visa": null, "payment:paypal": null, "payment:mastercard": null, "payment:maestro": null, "payment:cheque": null, "payment:cb": null, "facebook": null, "description": "Armurerie, Coutellerie", "wheelchair:entrance_width": null, "wheelchair:description": null, "short_name": null, "social_facility:for": null, "opening_hours:signed": null, "official_name": null, "check_date:opening_hours": null, "level": null, "amenity": null, "fax": null, "layer": "shop_weapons_France", "path": "Point?crs=EPSG:4326&field=full_id:string(0,0)&field=osm_id:string(0,0)&field=osm_type:string(0,0)&field=shop:string(0,0)&field=contact%3Ainstagram:string(0,0)&field=panoramax:string(0,0)&field=min_age:string(0,0)&field=check_date%3Apanoramax:string(0,0)&field=sport:string(0,0)&field=payment%3Acards:string(0,0)&field=image:string(0,0)&field=clothes:string(0,0)&field=type:string(0,0)&field=club:string(0,0)&field=second_hand:string(0,0)&field=ref%3AFR%3ASIREN:string(0,0)&field=phone%3Amobile:string(0,0)&field=harassment_prevention:string(0,0)&field=contact%3Amobile:string(0,0)&field=source%3Aname%3Abr:string(0,0)&field=name%3Abr:string(0,0)&field=drive_through:string(0,0)&field=delivery:string(0,0)&field=currency%3AEUR:string(0,0)&field=start_date:string(0,0)&field=contact%3Afacebook:string(0,0)&field=payment%3Acash:string(0,0)&field=addr%3Acountry:string(0,0)&field=entrance:string(0,0)&field=payment%3Adebit_cards:string(0,0)&field=payment%3Acredit_cards:string(0,0)&field=ref%3AFR%3ANAF:string(0,0)&field=payment%3Avisa:string(0,0)&field=payment%3Apaypal:string(0,0)&field=payment%3Amastercard:string(0,0)&field=payment%3Amaestro:string(0,0)&field=payment%3Acheque:string(0,0)&field=payment%3Acb:string(0,0)&field=facebook:string(0,0)&field=contact%3Aemail:string(0,0)&field=contact%3Aphone:string(0,0)&field=operator:string(0,0)&field=description:string(0,0)&field=wheelchair%3Aentrance_width:string(0,0)&field=wheelchair%3Adescription:string(0,0)&field=short_name:string(0,0)&field=social_facility%3Afor:string(0,0)&field=addr%3Acity:string(0,0)&field=opening_hours%3Asigned:string(0,0)&field=official_name:string(0,0)&field=check_date%3Aopening_hours:string(0,0)&field=level:string(0,0)&field=amenity:string(0,0)&field=survey%3Adate:string(0,0)&field=opening_hours:string(0,0)&field=fax:string(0,0)&field=email:string(0,0)&field=contact%3Awebsite:string(0,0)&field=contact%3Apostcode:string(0,0)&field=contact%3Acity:string(0,0)&field=contact%3Astreet:string(0,0)&field=contact%3Ahousenumber:string(0,0)&field=check_date:string(0,0)&field=phone:string(0,0)&field=addr%3Astreet:string(0,0)&field=addr%3Apostcode:string(0,0)&field=addr%3Ahousenumber:string(0,0)&field=wheelchair:string(0,0)&field=website:string(0,0)&field=ref%3AFR%3ASIRET:string(0,0)&field=name:string(0,0)&uid={4518d7bb-bdbd-4c09-8855-e4ec48aa2337}" }, "geometry": { "type": "Point", "coordinates": [ 7.0162933, 43.5523617 ] } },
{ "type": "Feature", "properties": { "full_id": "n7500765756", "osm_id": "7500765756", "osm_type": "node", "shop": "weapons", "check_date": null, "operator": null, "email": null, "disused:shop": null, "wheelchair": null, "contact:website": null, "building:levels": null, "survey:date": null, "addr:street": null, "addr:housenumber": null, "phone": null, "ref:FR:SIREN": null, "contact:housenumber": null, "contact:fax": null, "contact:email": null, "addr:postcode": null, "addr:city": null, "ref:vatin": null, "ref:FR:NAF": null, "opening_hours": null, "contact:street": null, "contact:postcode": null, "contact:phone": null, "contact:facebook": null, "contact:city": null, "ref:FR:SIRET": null, "website": null, "type": null, "name": "Armurerie Comtoise", "building": null, "contact:instagram": null, "panoramax": null, "min_age": null, "check_date:panoramax": null, "sport": null, "payment:cards": null, "image": null, "clothes": null, "club": null, "second_hand": null, "phone:mobile": null, "harassment_prevention": null, "contact:mobile": null, "source:name:br": null, "name:br": null, "drive_through": null, "delivery": null, "currency:EUR": null, "start_date": null, "payment:cash": null, "addr:country": null, "entrance": null, "payment:debit_cards": null, "payment:credit_cards": null, "payment:visa": null, "payment:paypal": null, "payment:mastercard": null, "payment:maestro": null, "payment:cheque": null, "payment:cb": null, "facebook": null, "description": null, "wheelchair:entrance_width": null, "wheelchair:description": null, "short_name": null, "social_facility:for": null, "opening_hours:signed": null, "official_name": null, "check_date:opening_hours": null, "level": null, "amenity": null, "fax": null, "layer": "shop_weapons_France", "path": "Point?crs=EPSG:4326&field=full_id:string(0,0)&field=osm_id:string(0,0)&field=osm_type:string(0,0)&field=shop:string(0,0)&field=contact%3Ainstagram:string(0,0)&field=panoramax:string(0,0)&field=min_age:string(0,0)&field=check_date%3Apanoramax:string(0,0)&field=sport:string(0,0)&field=payment%3Acards:string(0,0)&field=image:string(0,0)&field=clothes:string(0,0)&field=type:string(0,0)&field=club:string(0,0)&field=second_hand:string(0,0)&field=ref%3AFR%3ASIREN:string(0,0)&field=phone%3Amobile:string(0,0)&field=harassment_prevention:string(0,0)&field=contact%3Amobile:string(0,0)&field=source%3Aname%3Abr:string(0,0)&field=name%3Abr:string(0,0)&field=drive_through:string(0,0)&field=delivery:string(0,0)&field=currency%3AEUR:string(0,0)&field=start_date:string(0,0)&field=contact%3Afacebook:string(0,0)&field=payment%3Acash:string(0,0)&field=addr%3Acountry:string(0,0)&field=entrance:string(0,0)&field=payment%3Adebit_cards:string(0,0)&field=payment%3Acredit_cards:string(0,0)&field=ref%3AFR%3ANAF:string(0,0)&field=payment%3Avisa:string(0,0)&field=payment%3Apaypal:string(0,0)&field=payment%3Amastercard:string(0,0)&field=payment%3Amaestro:string(0,0)&field=payment%3Acheque:string(0,0)&field=payment%3Acb:string(0,0)&field=facebook:string(0,0)&field=contact%3Aemail:string(0,0)&field=contact%3Aphone:string(0,0)&field=operator:string(0,0)&field=description:string(0,0)&field=wheelchair%3Aentrance_width:string(0,0)&field=wheelchair%3Adescription:string(0,0)&field=short_name:string(0,0)&field=social_facility%3Afor:string(0,0)&field=addr%3Acity:string(0,0)&field=opening_hours%3Asigned:string(0,0)&field=official_name:string(0,0)&field=check_date%3Aopening_hours:string(0,0)&field=level:string(0,0)&field=amenity:string(0,0)&field=survey%3Adate:string(0,0)&field=opening_hours:string(0,0)&field=fax:string(0,0)&field=email:string(0,0)&field=contact%3Awebsite:string(0,0)&field=contact%3Apostcode:string(0,0)&field=contact%3Acity:string(0,0)&field=contact%3Astreet:string(0,0)&field=contact%3Ahousenumber:string(0,0)&field=check_date:string(0,0)&field=phone:string(0,0)&field=addr%3Astreet:string(0,0)&field=addr%3Apostcode:string(0,0)&field=addr%3Ahousenumber:string(0,0)&field=wheelchair:string(0,0)&field=website:string(0,0)&field=ref%3AFR%3ASIRET:string(0,0)&field=name:string(0,0)&uid={4518d7bb-bdbd-4c09-8855-e4ec48aa2337}" }, "geometry": { "type": "Point", "coordinates": [ 6.7784709, 47.441366 ] } },
{ "type": "Feature", "properties": { "full_id": "n7590112790", "osm_id": "7590112790", "osm_type": "node", "shop": "weapons", "check_date": null, "operator": null, "email": null, "disused:shop": null, "wheelchair": null, "contact:website": null, "building:levels": null, "survey:date": null, "addr:street": null, "addr:housenumber": null, "phone": null, "ref:FR:SIREN": null, "contact:housenumber": null, "contact:fax": null, "contact:email": null, "addr:postcode": null, "addr:city": null, "ref:vatin": null, "ref:FR:NAF": null, "opening_hours": null, "contact:street": null, "contact:postcode": null, "contact:phone": null, "contact:facebook": null, "contact:city": null, "ref:FR:SIRET": "40178437600014", "website": "https://www.armureriebarraud.fr", "type": null, "name": "Armurerie Barraud", "building": null, "contact:instagram": null, "panoramax": null, "min_age": null, "check_date:panoramax": null, "sport": null, "payment:cards": null, "image": null, "clothes": null, "club": null, "second_hand": null, "phone:mobile": null, "harassment_prevention": null, "contact:mobile": null, "source:name:br": null, "name:br": null, "drive_through": null, "delivery": null, "currency:EUR": null, "start_date": null, "payment:cash": null, "addr:country": null, "entrance": null, "payment:debit_cards": null, "payment:credit_cards": null, "payment:visa": null, "payment:paypal": null, "payment:mastercard": null, "payment:maestro": null, "payment:cheque": null, "payment:cb": null, "facebook": null, "description": null, "wheelchair:entrance_width": null, "wheelchair:description": null, "short_name": null, "social_facility:for": null, "opening_hours:signed": null, "official_name": null, "check_date:opening_hours": null, "level": null, "amenity": null, "fax": null, "layer": "shop_weapons_France", "path": "Point?crs=EPSG:4326&field=full_id:string(0,0)&field=osm_id:string(0,0)&field=osm_type:string(0,0)&field=shop:string(0,0)&field=contact%3Ainstagram:string(0,0)&field=panoramax:string(0,0)&field=min_age:string(0,0)&field=check_date%3Apanoramax:string(0,0)&field=sport:string(0,0)&field=payment%3Acards:string(0,0)&field=image:string(0,0)&field=clothes:string(0,0)&field=type:string(0,0)&field=club:string(0,0)&field=second_hand:string(0,0)&field=ref%3AFR%3ASIREN:string(0,0)&field=phone%3Amobile:string(0,0)&field=harassment_prevention:string(0,0)&field=contact%3Amobile:string(0,0)&field=source%3Aname%3Abr:string(0,0)&field=name%3Abr:string(0,0)&field=drive_through:string(0,0)&field=delivery:string(0,0)&field=currency%3AEUR:string(0,0)&field=start_date:string(0,0)&field=contact%3Afacebook:string(0,0)&field=payment%3Acash:string(0,0)&field=addr%3Acountry:string(0,0)&field=entrance:string(0,0)&field=payment%3Adebit_cards:string(0,0)&field=payment%3Acredit_cards:string(0,0)&field=ref%3AFR%3ANAF:string(0,0)&field=payment%3Avisa:string(0,0)&field=payment%3Apaypal:string(0,0)&field=payment%3Amastercard:string(0,0)&field=payment%3Amaestro:string(0,0)&field=payment%3Acheque:string(0,0)&field=payment%3Acb:string(0,0)&field=facebook:string(0,0)&field=contact%3Aemail:string(0,0)&field=contact%3Aphone:string(0,0)&field=operator:string(0,0)&field=description:string(0,0)&field=wheelchair%3Aentrance_width:string(0,0)&field=wheelchair%3Adescription:string(0,0)&field=short_name:string(0,0)&field=social_facility%3Afor:string(0,0)&field=addr%3Acity:string(0,0)&field=opening_hours%3Asigned:string(0,0)&field=official_name:string(0,0)&field=check_date%3Aopening_hours:string(0,0)&field=level:string(0,0)&field=amenity:string(0,0)&field=survey%3Adate:string(0,0)&field=opening_hours:string(0,0)&field=fax:string(0,0)&field=email:string(0,0)&field=contact%3Awebsite:string(0,0)&field=contact%3Apostcode:string(0,0)&field=contact%3Acity:string(0,0)&field=contact%3Astreet:string(0,0)&field=contact%3Ahousenumber:string(0,0)&field=check_date:string(0,0)&field=phone:string(0,0)&field=addr%3Astreet:string(0,0)&field=addr%3Apostcode:string(0,0)&field=addr%3Ahousenumber:string(0,0)&field=wheelchair:string(0,0)&field=website:string(0,0)&field=ref%3AFR%3ASIRET:string(0,0)&field=name:string(0,0)&uid={4518d7bb-bdbd-4c09-8855-e4ec48aa2337}" }, "geometry": { "type": "Point", "coordinates": [ 1.4442729, 43.596973 ] } },
{ "type": "Feature", "properties": { "full_id": "n7644304199", "osm_id": "7644304199", "osm_type": "node", "shop": null, "check_date": null, "operator": null, "email": null, "disused:shop": null, "wheelchair": null, "contact:website": null, "building:levels": null, "survey:date": null, "addr:street": null, "addr:housenumber": "3", "phone": null, "ref:FR:SIREN": null, "contact:housenumber": null, "contact:fax": null, "contact:email": null, "addr:postcode": null, "addr:city": null, "ref:vatin": null, "ref:FR:NAF": null, "opening_hours": null, "contact:street": null, "contact:postcode": null, "contact:phone": null, "contact:facebook": null, "contact:city": null, "ref:FR:SIRET": null, "website": null, "type": null, "name": null, "building": null, "contact:instagram": null, "panoramax": null, "min_age": null, "check_date:panoramax": null, "sport": null, "payment:cards": null, "image": null, "clothes": null, "club": null, "second_hand": null, "phone:mobile": null, "harassment_prevention": null, "contact:mobile": null, "source:name:br": null, "name:br": null, "drive_through": null, "delivery": null, "currency:EUR": null, "start_date": null, "payment:cash": null, "addr:country": null, "entrance": null, "payment:debit_cards": null, "payment:credit_cards": null, "payment:visa": null, "payment:paypal": null, "payment:mastercard": null, "payment:maestro": null, "payment:cheque": null, "payment:cb": null, "facebook": null, "description": null, "wheelchair:entrance_width": null, "wheelchair:description": null, "short_name": null, "social_facility:for": null, "opening_hours:signed": null, "official_name": null, "check_date:opening_hours": null, "level": null, "amenity": null, "fax": null, "layer": "shop_weapons_France", "path": "Point?crs=EPSG:4326&field=full_id:string(0,0)&field=osm_id:string(0,0)&field=osm_type:string(0,0)&field=shop:string(0,0)&field=contact%3Ainstagram:string(0,0)&field=panoramax:string(0,0)&field=min_age:string(0,0)&field=check_date%3Apanoramax:string(0,0)&field=sport:string(0,0)&field=payment%3Acards:string(0,0)&field=image:string(0,0)&field=clothes:string(0,0)&field=type:string(0,0)&field=club:string(0,0)&field=second_hand:string(0,0)&field=ref%3AFR%3ASIREN:string(0,0)&field=phone%3Amobile:string(0,0)&field=harassment_prevention:string(0,0)&field=contact%3Amobile:string(0,0)&field=source%3Aname%3Abr:string(0,0)&field=name%3Abr:string(0,0)&field=drive_through:string(0,0)&field=delivery:string(0,0)&field=currency%3AEUR:string(0,0)&field=start_date:string(0,0)&field=contact%3Afacebook:string(0,0)&field=payment%3Acash:string(0,0)&field=addr%3Acountry:string(0,0)&field=entrance:string(0,0)&field=payment%3Adebit_cards:string(0,0)&field=payment%3Acredit_cards:string(0,0)&field=ref%3AFR%3ANAF:string(0,0)&field=payment%3Avisa:string(0,0)&field=payment%3Apaypal:string(0,0)&field=payment%3Amastercard:string(0,0)&field=payment%3Amaestro:string(0,0)&field=payment%3Acheque:string(0,0)&field=payment%3Acb:string(0,0)&field=facebook:string(0,0)&field=contact%3Aemail:string(0,0)&field=contact%3Aphone:string(0,0)&field=operator:string(0,0)&field=description:string(0,0)&field=wheelchair%3Aentrance_width:string(0,0)&field=wheelchair%3Adescription:string(0,0)&field=short_name:string(0,0)&field=social_facility%3Afor:string(0,0)&field=addr%3Acity:string(0,0)&field=opening_hours%3Asigned:string(0,0)&field=official_name:string(0,0)&field=check_date%3Aopening_hours:string(0,0)&field=level:string(0,0)&field=amenity:string(0,0)&field=survey%3Adate:string(0,0)&field=opening_hours:string(0,0)&field=fax:string(0,0)&field=email:string(0,0)&field=contact%3Awebsite:string(0,0)&field=contact%3Apostcode:string(0,0)&field=contact%3Acity:string(0,0)&field=contact%3Astreet:string(0,0)&field=contact%3Ahousenumber:string(0,0)&field=check_date:string(0,0)&field=phone:string(0,0)&field=addr%3Astreet:string(0,0)&field=addr%3Apostcode:string(0,0)&field=addr%3Ahousenumber:string(0,0)&field=wheelchair:string(0,0)&field=website:string(0,0)&field=ref%3AFR%3ASIRET:string(0,0)&field=name:string(0,0)&uid={4518d7bb-bdbd-4c09-8855-e4ec48aa2337}" }, "geometry": { "type": "Point", "coordinates": [ 0.2402059, 47.1660722 ] } },
{ "type": "Feature", "properties": { "full_id": "n7659294209", "osm_id": "7659294209", "osm_type": "node", "shop": "weapons", "check_date": null, "operator": null, "email": null, "disused:shop": null, "wheelchair": null, "contact:website": "https://www.sg-gs.fr", "building:levels": null, "survey:date": null, "addr:street": null, "addr:housenumber": null, "phone": null, "ref:FR:SIREN": null, "contact:housenumber": "14", "contact:fax": null, "contact:email": null, "addr:postcode": null, "addr:city": null, "ref:vatin": null, "ref:FR:NAF": null, "opening_hours": "Mo 14:00-19:00; Tu,We,Sa 10:00-12:00,14:00-19:00; Th,Fr 10:00-12:30,14:00-19:00", "contact:street": "Rue Arnaud Détroyat", "contact:postcode": "64100", "contact:phone": null, "contact:facebook": null, "contact:city": "Bayonne", "ref:FR:SIRET": "48494216400035", "website": null, "type": null, "name": "Shooting Game / Global Security", "building": null, "contact:instagram": null, "panoramax": null, "min_age": null, "check_date:panoramax": null, "sport": null, "payment:cards": null, "image": null, "clothes": null, "club": null, "second_hand": null, "phone:mobile": null, "harassment_prevention": null, "contact:mobile": null, "source:name:br": null, "name:br": null, "drive_through": null, "delivery": null, "currency:EUR": null, "start_date": null, "payment:cash": "yes", "addr:country": null, "entrance": null, "payment:debit_cards": null, "payment:credit_cards": "yes", "payment:visa": "yes", "payment:paypal": null, "payment:mastercard": "yes", "payment:maestro": null, "payment:cheque": null, "payment:cb": null, "facebook": null, "description": null, "wheelchair:entrance_width": null, "wheelchair:description": null, "short_name": "SG-GS", "social_facility:for": null, "opening_hours:signed": null, "official_name": null, "check_date:opening_hours": null, "level": null, "amenity": null, "fax": null, "layer": "shop_weapons_France", "path": "Point?crs=EPSG:4326&field=full_id:string(0,0)&field=osm_id:string(0,0)&field=osm_type:string(0,0)&field=shop:string(0,0)&field=contact%3Ainstagram:string(0,0)&field=panoramax:string(0,0)&field=min_age:string(0,0)&field=check_date%3Apanoramax:string(0,0)&field=sport:string(0,0)&field=payment%3Acards:string(0,0)&field=image:string(0,0)&field=clothes:string(0,0)&field=type:string(0,0)&field=club:string(0,0)&field=second_hand:string(0,0)&field=ref%3AFR%3ASIREN:string(0,0)&field=phone%3Amobile:string(0,0)&field=harassment_prevention:string(0,0)&field=contact%3Amobile:string(0,0)&field=source%3Aname%3Abr:string(0,0)&field=name%3Abr:string(0,0)&field=drive_through:string(0,0)&field=delivery:string(0,0)&field=currency%3AEUR:string(0,0)&field=start_date:string(0,0)&field=contact%3Afacebook:string(0,0)&field=payment%3Acash:string(0,0)&field=addr%3Acountry:string(0,0)&field=entrance:string(0,0)&field=payment%3Adebit_cards:string(0,0)&field=payment%3Acredit_cards:string(0,0)&field=ref%3AFR%3ANAF:string(0,0)&field=payment%3Avisa:string(0,0)&field=payment%3Apaypal:string(0,0)&field=payment%3Amastercard:string(0,0)&field=payment%3Amaestro:string(0,0)&field=payment%3Acheque:string(0,0)&field=payment%3Acb:string(0,0)&field=facebook:string(0,0)&field=contact%3Aemail:string(0,0)&field=contact%3Aphone:string(0,0)&field=operator:string(0,0)&field=description:string(0,0)&field=wheelchair%3Aentrance_width:string(0,0)&field=wheelchair%3Adescription:string(0,0)&field=short_name:string(0,0)&field=social_facility%3Afor:string(0,0)&field=addr%3Acity:string(0,0)&field=opening_hours%3Asigned:string(0,0)&field=official_name:string(0,0)&field=check_date%3Aopening_hours:string(0,0)&field=level:string(0,0)&field=amenity:string(0,0)&field=survey%3Adate:string(0,0)&field=opening_hours:string(0,0)&field=fax:string(0,0)&field=email:string(0,0)&field=contact%3Awebsite:string(0,0)&field=contact%3Apostcode:string(0,0)&field=contact%3Acity:string(0,0)&field=contact%3Astreet:string(0,0)&field=contact%3Ahousenumber:string(0,0)&field=check_date:string(0,0)&field=phone:string(0,0)&field=addr%3Astreet:string(0,0)&field=addr%3Apostcode:string(0,0)&field=addr%3Ahousenumber:string(0,0)&field=wheelchair:string(0,0)&field=website:string(0,0)&field=ref%3AFR%3ASIRET:string(0,0)&field=name:string(0,0)&uid={4518d7bb-bdbd-4c09-8855-e4ec48aa2337}" }, "geometry": { "type": "Point", "coordinates": [ -1.4924994, 43.4902594 ] } },
{ "type": "Feature", "properties": { "full_id": "n7684629321", "osm_id": "7684629321", "osm_type": "node", "shop": "weapons", "check_date": null, "operator": null, "email": null, "disused:shop": null, "wheelchair": null, "contact:website": null, "building:levels": null, "survey:date": null, "addr:street": "Rue des Granges", "addr:housenumber": "43", "phone": "+33381813858", "ref:FR:SIREN": null, "contact:housenumber": null, "contact:fax": null, "contact:email": null, "addr:postcode": "25000", "addr:city": "Besançon", "ref:vatin": null, "ref:FR:NAF": null, "opening_hours": "Tu-Sa 10:00-12:00,14:00-19:00", "contact:street": null, "contact:postcode": null, "contact:phone": null, "contact:facebook": null, "contact:city": null, "ref:FR:SIRET": "60281470900013", "website": null, "type": null, "name": "Armurerie Poiraud", "building": null, "contact:instagram": null, "panoramax": null, "min_age": null, "check_date:panoramax": null, "sport": null, "payment:cards": null, "image": null, "clothes": null, "club": null, "second_hand": null, "phone:mobile": null, "harassment_prevention": null, "contact:mobile": null, "source:name:br": null, "name:br": null, "drive_through": null, "delivery": null, "currency:EUR": null, "start_date": null, "payment:cash": null, "addr:country": null, "entrance": null, "payment:debit_cards": null, "payment:credit_cards": null, "payment:visa": null, "payment:paypal": null, "payment:mastercard": null, "payment:maestro": null, "payment:cheque": null, "payment:cb": null, "facebook": null, "description": null, "wheelchair:entrance_width": null, "wheelchair:description": null, "short_name": null, "social_facility:for": null, "opening_hours:signed": null, "official_name": null, "check_date:opening_hours": null, "level": null, "amenity": null, "fax": null, "layer": "shop_weapons_France", "path": "Point?crs=EPSG:4326&field=full_id:string(0,0)&field=osm_id:string(0,0)&field=osm_type:string(0,0)&field=shop:string(0,0)&field=contact%3Ainstagram:string(0,0)&field=panoramax:string(0,0)&field=min_age:string(0,0)&field=check_date%3Apanoramax:string(0,0)&field=sport:string(0,0)&field=payment%3Acards:string(0,0)&field=image:string(0,0)&field=clothes:string(0,0)&field=type:string(0,0)&field=club:string(0,0)&field=second_hand:string(0,0)&field=ref%3AFR%3ASIREN:string(0,0)&field=phone%3Amobile:string(0,0)&field=harassment_prevention:string(0,0)&field=contact%3Amobile:string(0,0)&field=source%3Aname%3Abr:string(0,0)&field=name%3Abr:string(0,0)&field=drive_through:string(0,0)&field=delivery:string(0,0)&field=currency%3AEUR:string(0,0)&field=start_date:string(0,0)&field=contact%3Afacebook:string(0,0)&field=payment%3Acash:string(0,0)&field=addr%3Acountry:string(0,0)&field=entrance:string(0,0)&field=payment%3Adebit_cards:string(0,0)&field=payment%3Acredit_cards:string(0,0)&field=ref%3AFR%3ANAF:string(0,0)&field=payment%3Avisa:string(0,0)&field=payment%3Apaypal:string(0,0)&field=payment%3Amastercard:string(0,0)&field=payment%3Amaestro:string(0,0)&field=payment%3Acheque:string(0,0)&field=payment%3Acb:string(0,0)&field=facebook:string(0,0)&field=contact%3Aemail:string(0,0)&field=contact%3Aphone:string(0,0)&field=operator:string(0,0)&field=description:string(0,0)&field=wheelchair%3Aentrance_width:string(0,0)&field=wheelchair%3Adescription:string(0,0)&field=short_name:string(0,0)&field=social_facility%3Afor:string(0,0)&field=addr%3Acity:string(0,0)&field=opening_hours%3Asigned:string(0,0)&field=official_name:string(0,0)&field=check_date%3Aopening_hours:string(0,0)&field=level:string(0,0)&field=amenity:string(0,0)&field=survey%3Adate:string(0,0)&field=opening_hours:string(0,0)&field=fax:string(0,0)&field=email:string(0,0)&field=contact%3Awebsite:string(0,0)&field=contact%3Apostcode:string(0,0)&field=contact%3Acity:string(0,0)&field=contact%3Astreet:string(0,0)&field=contact%3Ahousenumber:string(0,0)&field=check_date:string(0,0)&field=phone:string(0,0)&field=addr%3Astreet:string(0,0)&field=addr%3Apostcode:string(0,0)&field=addr%3Ahousenumber:string(0,0)&field=wheelchair:string(0,0)&field=website:string(0,0)&field=ref%3AFR%3ASIRET:string(0,0)&field=name:string(0,0)&uid={4518d7bb-bdbd-4c09-8855-e4ec48aa2337}" }, "geometry": { "type": "Point", "coordinates": [ 6.0257745, 47.2383546 ] } },
{ "type": "Feature", "properties": { "full_id": "n7727416495", "osm_id": "7727416495", "osm_type": "node", "shop": "weapons", "check_date": null, "operator": null, "email": null, "disused:shop": null, "wheelchair": null, "contact:website": null, "building:levels": null, "survey:date": null, "addr:street": "Rue Michelet", "addr:housenumber": "3", "phone": "+33 1 49 42 91 81", "ref:FR:SIREN": null, "contact:housenumber": null, "contact:fax": null, "contact:email": null, "addr:postcode": "93500", "addr:city": "Pantin", "ref:vatin": null, "ref:FR:NAF": null, "opening_hours": "Mo-Sa 10:00-19:00", "contact:street": null, "contact:postcode": null, "contact:phone": null, "contact:facebook": null, "contact:city": null, "ref:FR:SIRET": null, "website": "https://armurerie-fmr.fr/", "type": null, "name": "FMR", "building": null, "contact:instagram": null, "panoramax": null, "min_age": null, "check_date:panoramax": null, "sport": null, "payment:cards": null, "image": null, "clothes": null, "club": null, "second_hand": null, "phone:mobile": null, "harassment_prevention": null, "contact:mobile": null, "source:name:br": null, "name:br": null, "drive_through": null, "delivery": null, "currency:EUR": null, "start_date": null, "payment:cash": null, "addr:country": null, "entrance": null, "payment:debit_cards": null, "payment:credit_cards": null, "payment:visa": null, "payment:paypal": null, "payment:mastercard": null, "payment:maestro": null, "payment:cheque": null, "payment:cb": null, "facebook": null, "description": null, "wheelchair:entrance_width": null, "wheelchair:description": null, "short_name": null, "social_facility:for": null, "opening_hours:signed": null, "official_name": null, "check_date:opening_hours": null, "level": null, "amenity": null, "fax": null, "layer": "shop_weapons_France", "path": "Point?crs=EPSG:4326&field=full_id:string(0,0)&field=osm_id:string(0,0)&field=osm_type:string(0,0)&field=shop:string(0,0)&field=contact%3Ainstagram:string(0,0)&field=panoramax:string(0,0)&field=min_age:string(0,0)&field=check_date%3Apanoramax:string(0,0)&field=sport:string(0,0)&field=payment%3Acards:string(0,0)&field=image:string(0,0)&field=clothes:string(0,0)&field=type:string(0,0)&field=club:string(0,0)&field=second_hand:string(0,0)&field=ref%3AFR%3ASIREN:string(0,0)&field=phone%3Amobile:string(0,0)&field=harassment_prevention:string(0,0)&field=contact%3Amobile:string(0,0)&field=source%3Aname%3Abr:string(0,0)&field=name%3Abr:string(0,0)&field=drive_through:string(0,0)&field=delivery:string(0,0)&field=currency%3AEUR:string(0,0)&field=start_date:string(0,0)&field=contact%3Afacebook:string(0,0)&field=payment%3Acash:string(0,0)&field=addr%3Acountry:string(0,0)&field=entrance:string(0,0)&field=payment%3Adebit_cards:string(0,0)&field=payment%3Acredit_cards:string(0,0)&field=ref%3AFR%3ANAF:string(0,0)&field=payment%3Avisa:string(0,0)&field=payment%3Apaypal:string(0,0)&field=payment%3Amastercard:string(0,0)&field=payment%3Amaestro:string(0,0)&field=payment%3Acheque:string(0,0)&field=payment%3Acb:string(0,0)&field=facebook:string(0,0)&field=contact%3Aemail:string(0,0)&field=contact%3Aphone:string(0,0)&field=operator:string(0,0)&field=description:string(0,0)&field=wheelchair%3Aentrance_width:string(0,0)&field=wheelchair%3Adescription:string(0,0)&field=short_name:string(0,0)&field=social_facility%3Afor:string(0,0)&field=addr%3Acity:string(0,0)&field=opening_hours%3Asigned:string(0,0)&field=official_name:string(0,0)&field=check_date%3Aopening_hours:string(0,0)&field=level:string(0,0)&field=amenity:string(0,0)&field=survey%3Adate:string(0,0)&field=opening_hours:string(0,0)&field=fax:string(0,0)&field=email:string(0,0)&field=contact%3Awebsite:string(0,0)&field=contact%3Apostcode:string(0,0)&field=contact%3Acity:string(0,0)&field=contact%3Astreet:string(0,0)&field=contact%3Ahousenumber:string(0,0)&field=check_date:string(0,0)&field=phone:string(0,0)&field=addr%3Astreet:string(0,0)&field=addr%3Apostcode:string(0,0)&field=addr%3Ahousenumber:string(0,0)&field=wheelchair:string(0,0)&field=website:string(0,0)&field=ref%3AFR%3ASIRET:string(0,0)&field=name:string(0,0)&uid={4518d7bb-bdbd-4c09-8855-e4ec48aa2337}" }, "geometry": { "type": "Point", "coordinates": [ 2.4094403, 48.8906106 ] } },
{ "type": "Feature", "properties": { "full_id": "n7858862197", "osm_id": "7858862197", "osm_type": "node", "shop": "weapons", "check_date": null, "operator": null, "email": null, "disused:shop": null, "wheelchair": null, "contact:website": null, "building:levels": null, "survey:date": "2023-09-14", "addr:street": null, "addr:housenumber": null, "phone": null, "ref:FR:SIREN": null, "contact:housenumber": null, "contact:fax": null, "contact:email": null, "addr:postcode": null, "addr:city": null, "ref:vatin": null, "ref:FR:NAF": null, "opening_hours": null, "contact:street": null, "contact:postcode": null, "contact:phone": null, "contact:facebook": null, "contact:city": null, "ref:FR:SIRET": "34127549300011", "website": null, "type": null, "name": "Armes Coutellerie", "building": null, "contact:instagram": null, "panoramax": null, "min_age": null, "check_date:panoramax": null, "sport": null, "payment:cards": null, "image": null, "clothes": null, "club": null, "second_hand": null, "phone:mobile": null, "harassment_prevention": null, "contact:mobile": null, "source:name:br": null, "name:br": null, "drive_through": null, "delivery": null, "currency:EUR": null, "start_date": null, "payment:cash": null, "addr:country": null, "entrance": null, "payment:debit_cards": null, "payment:credit_cards": null, "payment:visa": null, "payment:paypal": null, "payment:mastercard": null, "payment:maestro": null, "payment:cheque": null, "payment:cb": null, "facebook": null, "description": null, "wheelchair:entrance_width": null, "wheelchair:description": null, "short_name": null, "social_facility:for": null, "opening_hours:signed": null, "official_name": null, "check_date:opening_hours": null, "level": null, "amenity": null, "fax": null, "layer": "shop_weapons_France", "path": "Point?crs=EPSG:4326&field=full_id:string(0,0)&field=osm_id:string(0,0)&field=osm_type:string(0,0)&field=shop:string(0,0)&field=contact%3Ainstagram:string(0,0)&field=panoramax:string(0,0)&field=min_age:string(0,0)&field=check_date%3Apanoramax:string(0,0)&field=sport:string(0,0)&field=payment%3Acards:string(0,0)&field=image:string(0,0)&field=clothes:string(0,0)&field=type:string(0,0)&field=club:string(0,0)&field=second_hand:string(0,0)&field=ref%3AFR%3ASIREN:string(0,0)&field=phone%3Amobile:string(0,0)&field=harassment_prevention:string(0,0)&field=contact%3Amobile:string(0,0)&field=source%3Aname%3Abr:string(0,0)&field=name%3Abr:string(0,0)&field=drive_through:string(0,0)&field=delivery:string(0,0)&field=currency%3AEUR:string(0,0)&field=start_date:string(0,0)&field=contact%3Afacebook:string(0,0)&field=payment%3Acash:string(0,0)&field=addr%3Acountry:string(0,0)&field=entrance:string(0,0)&field=payment%3Adebit_cards:string(0,0)&field=payment%3Acredit_cards:string(0,0)&field=ref%3AFR%3ANAF:string(0,0)&field=payment%3Avisa:string(0,0)&field=payment%3Apaypal:string(0,0)&field=payment%3Amastercard:string(0,0)&field=payment%3Amaestro:string(0,0)&field=payment%3Acheque:string(0,0)&field=payment%3Acb:string(0,0)&field=facebook:string(0,0)&field=contact%3Aemail:string(0,0)&field=contact%3Aphone:string(0,0)&field=operator:string(0,0)&field=description:string(0,0)&field=wheelchair%3Aentrance_width:string(0,0)&field=wheelchair%3Adescription:string(0,0)&field=short_name:string(0,0)&field=social_facility%3Afor:string(0,0)&field=addr%3Acity:string(0,0)&field=opening_hours%3Asigned:string(0,0)&field=official_name:string(0,0)&field=check_date%3Aopening_hours:string(0,0)&field=level:string(0,0)&field=amenity:string(0,0)&field=survey%3Adate:string(0,0)&field=opening_hours:string(0,0)&field=fax:string(0,0)&field=email:string(0,0)&field=contact%3Awebsite:string(0,0)&field=contact%3Apostcode:string(0,0)&field=contact%3Acity:string(0,0)&field=contact%3Astreet:string(0,0)&field=contact%3Ahousenumber:string(0,0)&field=check_date:string(0,0)&field=phone:string(0,0)&field=addr%3Astreet:string(0,0)&field=addr%3Apostcode:string(0,0)&field=addr%3Ahousenumber:string(0,0)&field=wheelchair:string(0,0)&field=website:string(0,0)&field=ref%3AFR%3ASIRET:string(0,0)&field=name:string(0,0)&uid={4518d7bb-bdbd-4c09-8855-e4ec48aa2337}" }, "geometry": { "type": "Point", "coordinates": [ 4.83652, 45.7602933 ] } },
{ "type": "Feature", "properties": { "full_id": "n7867637914", "osm_id": "7867637914", "osm_type": "node", "shop": null, "check_date": null, "operator": null, "email": null, "disused:shop": null, "wheelchair": null, "contact:website": null, "building:levels": null, "survey:date": null, "addr:street": null, "addr:housenumber": null, "phone": null, "ref:FR:SIREN": null, "contact:housenumber": null, "contact:fax": null, "contact:email": null, "addr:postcode": null, "addr:city": null, "ref:vatin": null, "ref:FR:NAF": null, "opening_hours": null, "contact:street": null, "contact:postcode": null, "contact:phone": null, "contact:facebook": null, "contact:city": null, "ref:FR:SIRET": null, "website": null, "type": null, "name": null, "building": null, "contact:instagram": null, "panoramax": null, "min_age": null, "check_date:panoramax": null, "sport": null, "payment:cards": null, "image": null, "clothes": null, "club": null, "second_hand": null, "phone:mobile": null, "harassment_prevention": null, "contact:mobile": null, "source:name:br": null, "name:br": null, "drive_through": null, "delivery": null, "currency:EUR": null, "start_date": null, "payment:cash": null, "addr:country": null, "entrance": "main", "payment:debit_cards": null, "payment:credit_cards": null, "payment:visa": null, "payment:paypal": null, "payment:mastercard": null, "payment:maestro": null, "payment:cheque": null, "payment:cb": null, "facebook": null, "description": null, "wheelchair:entrance_width": null, "wheelchair:description": null, "short_name": null, "social_facility:for": null, "opening_hours:signed": null, "official_name": null, "check_date:opening_hours": null, "level": null, "amenity": null, "fax": null, "layer": "shop_weapons_France", "path": "Point?crs=EPSG:4326&field=full_id:string(0,0)&field=osm_id:string(0,0)&field=osm_type:string(0,0)&field=shop:string(0,0)&field=contact%3Ainstagram:string(0,0)&field=panoramax:string(0,0)&field=min_age:string(0,0)&field=check_date%3Apanoramax:string(0,0)&field=sport:string(0,0)&field=payment%3Acards:string(0,0)&field=image:string(0,0)&field=clothes:string(0,0)&field=type:string(0,0)&field=club:string(0,0)&field=second_hand:string(0,0)&field=ref%3AFR%3ASIREN:string(0,0)&field=phone%3Amobile:string(0,0)&field=harassment_prevention:string(0,0)&field=contact%3Amobile:string(0,0)&field=source%3Aname%3Abr:string(0,0)&field=name%3Abr:string(0,0)&field=drive_through:string(0,0)&field=delivery:string(0,0)&field=currency%3AEUR:string(0,0)&field=start_date:string(0,0)&field=contact%3Afacebook:string(0,0)&field=payment%3Acash:string(0,0)&field=addr%3Acountry:string(0,0)&field=entrance:string(0,0)&field=payment%3Adebit_cards:string(0,0)&field=payment%3Acredit_cards:string(0,0)&field=ref%3AFR%3ANAF:string(0,0)&field=payment%3Avisa:string(0,0)&field=payment%3Apaypal:string(0,0)&field=payment%3Amastercard:string(0,0)&field=payment%3Amaestro:string(0,0)&field=payment%3Acheque:string(0,0)&field=payment%3Acb:string(0,0)&field=facebook:string(0,0)&field=contact%3Aemail:string(0,0)&field=contact%3Aphone:string(0,0)&field=operator:string(0,0)&field=description:string(0,0)&field=wheelchair%3Aentrance_width:string(0,0)&field=wheelchair%3Adescription:string(0,0)&field=short_name:string(0,0)&field=social_facility%3Afor:string(0,0)&field=addr%3Acity:string(0,0)&field=opening_hours%3Asigned:string(0,0)&field=official_name:string(0,0)&field=check_date%3Aopening_hours:string(0,0)&field=level:string(0,0)&field=amenity:string(0,0)&field=survey%3Adate:string(0,0)&field=opening_hours:string(0,0)&field=fax:string(0,0)&field=email:string(0,0)&field=contact%3Awebsite:string(0,0)&field=contact%3Apostcode:string(0,0)&field=contact%3Acity:string(0,0)&field=contact%3Astreet:string(0,0)&field=contact%3Ahousenumber:string(0,0)&field=check_date:string(0,0)&field=phone:string(0,0)&field=addr%3Astreet:string(0,0)&field=addr%3Apostcode:string(0,0)&field=addr%3Ahousenumber:string(0,0)&field=wheelchair:string(0,0)&field=website:string(0,0)&field=ref%3AFR%3ASIRET:string(0,0)&field=name:string(0,0)&uid={4518d7bb-bdbd-4c09-8855-e4ec48aa2337}" }, "geometry": { "type": "Point", "coordinates": [ 3.5680327, 47.8143308 ] } },
{ "type": "Feature", "properties": { "full_id": "n7882606853", "osm_id": "7882606853", "osm_type": "node", "shop": "weapons", "check_date": null, "operator": null, "email": null, "disused:shop": null, "wheelchair": null, "contact:website": null, "building:levels": null, "survey:date": null, "addr:street": null, "addr:housenumber": null, "phone": null, "ref:FR:SIREN": null, "contact:housenumber": null, "contact:fax": null, "contact:email": null, "addr:postcode": null, "addr:city": null, "ref:vatin": null, "ref:FR:NAF": null, "opening_hours": null, "contact:street": null, "contact:postcode": null, "contact:phone": null, "contact:facebook": null, "contact:city": null, "ref:FR:SIRET": null, "website": null, "type": null, "name": "L'Arquebusier", "building": null, "contact:instagram": null, "panoramax": null, "min_age": null, "check_date:panoramax": null, "sport": null, "payment:cards": null, "image": null, "clothes": null, "club": null, "second_hand": null, "phone:mobile": null, "harassment_prevention": null, "contact:mobile": null, "source:name:br": null, "name:br": null, "drive_through": null, "delivery": null, "currency:EUR": null, "start_date": null, "payment:cash": null, "addr:country": null, "entrance": null, "payment:debit_cards": null, "payment:credit_cards": null, "payment:visa": null, "payment:paypal": null, "payment:mastercard": null, "payment:maestro": null, "payment:cheque": null, "payment:cb": null, "facebook": null, "description": null, "wheelchair:entrance_width": null, "wheelchair:description": null, "short_name": null, "social_facility:for": null, "opening_hours:signed": null, "official_name": null, "check_date:opening_hours": null, "level": null, "amenity": null, "fax": null, "layer": "shop_weapons_France", "path": "Point?crs=EPSG:4326&field=full_id:string(0,0)&field=osm_id:string(0,0)&field=osm_type:string(0,0)&field=shop:string(0,0)&field=contact%3Ainstagram:string(0,0)&field=panoramax:string(0,0)&field=min_age:string(0,0)&field=check_date%3Apanoramax:string(0,0)&field=sport:string(0,0)&field=payment%3Acards:string(0,0)&field=image:string(0,0)&field=clothes:string(0,0)&field=type:string(0,0)&field=club:string(0,0)&field=second_hand:string(0,0)&field=ref%3AFR%3ASIREN:string(0,0)&field=phone%3Amobile:string(0,0)&field=harassment_prevention:string(0,0)&field=contact%3Amobile:string(0,0)&field=source%3Aname%3Abr:string(0,0)&field=name%3Abr:string(0,0)&field=drive_through:string(0,0)&field=delivery:string(0,0)&field=currency%3AEUR:string(0,0)&field=start_date:string(0,0)&field=contact%3Afacebook:string(0,0)&field=payment%3Acash:string(0,0)&field=addr%3Acountry:string(0,0)&field=entrance:string(0,0)&field=payment%3Adebit_cards:string(0,0)&field=payment%3Acredit_cards:string(0,0)&field=ref%3AFR%3ANAF:string(0,0)&field=payment%3Avisa:string(0,0)&field=payment%3Apaypal:string(0,0)&field=payment%3Amastercard:string(0,0)&field=payment%3Amaestro:string(0,0)&field=payment%3Acheque:string(0,0)&field=payment%3Acb:string(0,0)&field=facebook:string(0,0)&field=contact%3Aemail:string(0,0)&field=contact%3Aphone:string(0,0)&field=operator:string(0,0)&field=description:string(0,0)&field=wheelchair%3Aentrance_width:string(0,0)&field=wheelchair%3Adescription:string(0,0)&field=short_name:string(0,0)&field=social_facility%3Afor:string(0,0)&field=addr%3Acity:string(0,0)&field=opening_hours%3Asigned:string(0,0)&field=official_name:string(0,0)&field=check_date%3Aopening_hours:string(0,0)&field=level:string(0,0)&field=amenity:string(0,0)&field=survey%3Adate:string(0,0)&field=opening_hours:string(0,0)&field=fax:string(0,0)&field=email:string(0,0)&field=contact%3Awebsite:string(0,0)&field=contact%3Apostcode:string(0,0)&field=contact%3Acity:string(0,0)&field=contact%3Astreet:string(0,0)&field=contact%3Ahousenumber:string(0,0)&field=check_date:string(0,0)&field=phone:string(0,0)&field=addr%3Astreet:string(0,0)&field=addr%3Apostcode:string(0,0)&field=addr%3Ahousenumber:string(0,0)&field=wheelchair:string(0,0)&field=website:string(0,0)&field=ref%3AFR%3ASIRET:string(0,0)&field=name:string(0,0)&uid={4518d7bb-bdbd-4c09-8855-e4ec48aa2337}" }, "geometry": { "type": "Point", "coordinates": [ -0.60425, 44.8359942 ] } },
{ "type": "Feature", "properties": { "full_id": "n8075493603", "osm_id": "8075493603", "osm_type": "node", "shop": "weapons", "check_date": null, "operator": null, "email": null, "disused:shop": null, "wheelchair": null, "contact:website": null, "building:levels": null, "survey:date": null, "addr:street": "Rue Saint-Désiré", "addr:housenumber": "74", "phone": "+33 9 84 24 22 96", "ref:FR:SIREN": null, "contact:housenumber": null, "contact:fax": null, "contact:email": null, "addr:postcode": null, "addr:city": null, "ref:vatin": null, "ref:FR:NAF": null, "opening_hours": "Mo-Fr 14:00-18:00", "contact:street": null, "contact:postcode": null, "contact:phone": null, "contact:facebook": null, "contact:city": null, "ref:FR:SIRET": "85400814100012", "website": "https://www.elite-gunshop.fr", "type": null, "name": "Elite gunshop", "building": null, "contact:instagram": null, "panoramax": null, "min_age": null, "check_date:panoramax": null, "sport": null, "payment:cards": null, "image": null, "clothes": null, "club": null, "second_hand": null, "phone:mobile": null, "harassment_prevention": null, "contact:mobile": null, "source:name:br": null, "name:br": null, "drive_through": null, "delivery": null, "currency:EUR": null, "start_date": null, "payment:cash": null, "addr:country": null, "entrance": null, "payment:debit_cards": null, "payment:credit_cards": null, "payment:visa": "yes", "payment:paypal": null, "payment:mastercard": "yes", "payment:maestro": null, "payment:cheque": null, "payment:cb": null, "facebook": null, "description": null, "wheelchair:entrance_width": null, "wheelchair:description": null, "short_name": null, "social_facility:for": null, "opening_hours:signed": null, "official_name": null, "check_date:opening_hours": null, "level": null, "amenity": null, "fax": null, "layer": "shop_weapons_France", "path": "Point?crs=EPSG:4326&field=full_id:string(0,0)&field=osm_id:string(0,0)&field=osm_type:string(0,0)&field=shop:string(0,0)&field=contact%3Ainstagram:string(0,0)&field=panoramax:string(0,0)&field=min_age:string(0,0)&field=check_date%3Apanoramax:string(0,0)&field=sport:string(0,0)&field=payment%3Acards:string(0,0)&field=image:string(0,0)&field=clothes:string(0,0)&field=type:string(0,0)&field=club:string(0,0)&field=second_hand:string(0,0)&field=ref%3AFR%3ASIREN:string(0,0)&field=phone%3Amobile:string(0,0)&field=harassment_prevention:string(0,0)&field=contact%3Amobile:string(0,0)&field=source%3Aname%3Abr:string(0,0)&field=name%3Abr:string(0,0)&field=drive_through:string(0,0)&field=delivery:string(0,0)&field=currency%3AEUR:string(0,0)&field=start_date:string(0,0)&field=contact%3Afacebook:string(0,0)&field=payment%3Acash:string(0,0)&field=addr%3Acountry:string(0,0)&field=entrance:string(0,0)&field=payment%3Adebit_cards:string(0,0)&field=payment%3Acredit_cards:string(0,0)&field=ref%3AFR%3ANAF:string(0,0)&field=payment%3Avisa:string(0,0)&field=payment%3Apaypal:string(0,0)&field=payment%3Amastercard:string(0,0)&field=payment%3Amaestro:string(0,0)&field=payment%3Acheque:string(0,0)&field=payment%3Acb:string(0,0)&field=facebook:string(0,0)&field=contact%3Aemail:string(0,0)&field=contact%3Aphone:string(0,0)&field=operator:string(0,0)&field=description:string(0,0)&field=wheelchair%3Aentrance_width:string(0,0)&field=wheelchair%3Adescription:string(0,0)&field=short_name:string(0,0)&field=social_facility%3Afor:string(0,0)&field=addr%3Acity:string(0,0)&field=opening_hours%3Asigned:string(0,0)&field=official_name:string(0,0)&field=check_date%3Aopening_hours:string(0,0)&field=level:string(0,0)&field=amenity:string(0,0)&field=survey%3Adate:string(0,0)&field=opening_hours:string(0,0)&field=fax:string(0,0)&field=email:string(0,0)&field=contact%3Awebsite:string(0,0)&field=contact%3Apostcode:string(0,0)&field=contact%3Acity:string(0,0)&field=contact%3Astreet:string(0,0)&field=contact%3Ahousenumber:string(0,0)&field=check_date:string(0,0)&field=phone:string(0,0)&field=addr%3Astreet:string(0,0)&field=addr%3Apostcode:string(0,0)&field=addr%3Ahousenumber:string(0,0)&field=wheelchair:string(0,0)&field=website:string(0,0)&field=ref%3AFR%3ASIRET:string(0,0)&field=name:string(0,0)&uid={4518d7bb-bdbd-4c09-8855-e4ec48aa2337}" }, "geometry": { "type": "Point", "coordinates": [ 5.549854, 46.671764 ] } },
{ "type": "Feature", "properties": { "full_id": "n8105150161", "osm_id": "8105150161", "osm_type": "node", "shop": "weapons", "check_date": "2023-07-10", "operator": null, "email": "poly.coutelier@wanadoo.fr", "disused:shop": null, "wheelchair": null, "contact:website": null, "building:levels": null, "survey:date": null, "addr:street": null, "addr:housenumber": null, "phone": "+33 4 78 24 43 16", "ref:FR:SIREN": null, "contact:housenumber": null, "contact:fax": null, "contact:email": null, "addr:postcode": null, "addr:city": null, "ref:vatin": null, "ref:FR:NAF": null, "opening_hours": null, "contact:street": null, "contact:postcode": null, "contact:phone": null, "contact:facebook": "coutelleriepoly", "contact:city": null, "ref:FR:SIRET": "95750566200016", "website": null, "type": null, "name": "Coutellerie Poly", "building": null, "contact:instagram": null, "panoramax": null, "min_age": null, "check_date:panoramax": null, "sport": null, "payment:cards": null, "image": null, "clothes": null, "club": null, "second_hand": null, "phone:mobile": null, "harassment_prevention": null, "contact:mobile": null, "source:name:br": null, "name:br": null, "drive_through": null, "delivery": null, "currency:EUR": null, "start_date": null, "payment:cash": null, "addr:country": null, "entrance": null, "payment:debit_cards": null, "payment:credit_cards": null, "payment:visa": null, "payment:paypal": null, "payment:mastercard": null, "payment:maestro": null, "payment:cheque": null, "payment:cb": null, "facebook": null, "description": null, "wheelchair:entrance_width": null, "wheelchair:description": null, "short_name": null, "social_facility:for": null, "opening_hours:signed": null, "official_name": null, "check_date:opening_hours": null, "level": null, "amenity": null, "fax": null, "layer": "shop_weapons_France", "path": "Point?crs=EPSG:4326&field=full_id:string(0,0)&field=osm_id:string(0,0)&field=osm_type:string(0,0)&field=shop:string(0,0)&field=contact%3Ainstagram:string(0,0)&field=panoramax:string(0,0)&field=min_age:string(0,0)&field=check_date%3Apanoramax:string(0,0)&field=sport:string(0,0)&field=payment%3Acards:string(0,0)&field=image:string(0,0)&field=clothes:string(0,0)&field=type:string(0,0)&field=club:string(0,0)&field=second_hand:string(0,0)&field=ref%3AFR%3ASIREN:string(0,0)&field=phone%3Amobile:string(0,0)&field=harassment_prevention:string(0,0)&field=contact%3Amobile:string(0,0)&field=source%3Aname%3Abr:string(0,0)&field=name%3Abr:string(0,0)&field=drive_through:string(0,0)&field=delivery:string(0,0)&field=currency%3AEUR:string(0,0)&field=start_date:string(0,0)&field=contact%3Afacebook:string(0,0)&field=payment%3Acash:string(0,0)&field=addr%3Acountry:string(0,0)&field=entrance:string(0,0)&field=payment%3Adebit_cards:string(0,0)&field=payment%3Acredit_cards:string(0,0)&field=ref%3AFR%3ANAF:string(0,0)&field=payment%3Avisa:string(0,0)&field=payment%3Apaypal:string(0,0)&field=payment%3Amastercard:string(0,0)&field=payment%3Amaestro:string(0,0)&field=payment%3Acheque:string(0,0)&field=payment%3Acb:string(0,0)&field=facebook:string(0,0)&field=contact%3Aemail:string(0,0)&field=contact%3Aphone:string(0,0)&field=operator:string(0,0)&field=description:string(0,0)&field=wheelchair%3Aentrance_width:string(0,0)&field=wheelchair%3Adescription:string(0,0)&field=short_name:string(0,0)&field=social_facility%3Afor:string(0,0)&field=addr%3Acity:string(0,0)&field=opening_hours%3Asigned:string(0,0)&field=official_name:string(0,0)&field=check_date%3Aopening_hours:string(0,0)&field=level:string(0,0)&field=amenity:string(0,0)&field=survey%3Adate:string(0,0)&field=opening_hours:string(0,0)&field=fax:string(0,0)&field=email:string(0,0)&field=contact%3Awebsite:string(0,0)&field=contact%3Apostcode:string(0,0)&field=contact%3Acity:string(0,0)&field=contact%3Astreet:string(0,0)&field=contact%3Ahousenumber:string(0,0)&field=check_date:string(0,0)&field=phone:string(0,0)&field=addr%3Astreet:string(0,0)&field=addr%3Apostcode:string(0,0)&field=addr%3Ahousenumber:string(0,0)&field=wheelchair:string(0,0)&field=website:string(0,0)&field=ref%3AFR%3ASIRET:string(0,0)&field=name:string(0,0)&uid={4518d7bb-bdbd-4c09-8855-e4ec48aa2337}" }, "geometry": { "type": "Point", "coordinates": [ 4.8452926, 45.768585 ] } },
{ "type": "Feature", "properties": { "full_id": "n8243243739", "osm_id": "8243243739", "osm_type": "node", "shop": "weapons", "check_date": null, "operator": null, "email": null, "disused:shop": null, "wheelchair": null, "contact:website": null, "building:levels": null, "survey:date": null, "addr:street": null, "addr:housenumber": null, "phone": null, "ref:FR:SIREN": null, "contact:housenumber": null, "contact:fax": null, "contact:email": null, "addr:postcode": null, "addr:city": null, "ref:vatin": null, "ref:FR:NAF": null, "opening_hours": null, "contact:street": null, "contact:postcode": null, "contact:phone": null, "contact:facebook": null, "contact:city": null, "ref:FR:SIRET": null, "website": null, "type": null, "name": "Arquebuserie Melaunaise", "building": null, "contact:instagram": null, "panoramax": null, "min_age": null, "check_date:panoramax": null, "sport": null, "payment:cards": null, "image": null, "clothes": null, "club": null, "second_hand": null, "phone:mobile": null, "harassment_prevention": null, "contact:mobile": null, "source:name:br": null, "name:br": null, "drive_through": null, "delivery": null, "currency:EUR": null, "start_date": null, "payment:cash": null, "addr:country": null, "entrance": null, "payment:debit_cards": null, "payment:credit_cards": null, "payment:visa": null, "payment:paypal": null, "payment:mastercard": null, "payment:maestro": null, "payment:cheque": null, "payment:cb": null, "facebook": null, "description": null, "wheelchair:entrance_width": null, "wheelchair:description": null, "short_name": null, "social_facility:for": null, "opening_hours:signed": null, "official_name": null, "check_date:opening_hours": null, "level": null, "amenity": null, "fax": null, "layer": "shop_weapons_France", "path": "Point?crs=EPSG:4326&field=full_id:string(0,0)&field=osm_id:string(0,0)&field=osm_type:string(0,0)&field=shop:string(0,0)&field=contact%3Ainstagram:string(0,0)&field=panoramax:string(0,0)&field=min_age:string(0,0)&field=check_date%3Apanoramax:string(0,0)&field=sport:string(0,0)&field=payment%3Acards:string(0,0)&field=image:string(0,0)&field=clothes:string(0,0)&field=type:string(0,0)&field=club:string(0,0)&field=second_hand:string(0,0)&field=ref%3AFR%3ASIREN:string(0,0)&field=phone%3Amobile:string(0,0)&field=harassment_prevention:string(0,0)&field=contact%3Amobile:string(0,0)&field=source%3Aname%3Abr:string(0,0)&field=name%3Abr:string(0,0)&field=drive_through:string(0,0)&field=delivery:string(0,0)&field=currency%3AEUR:string(0,0)&field=start_date:string(0,0)&field=contact%3Afacebook:string(0,0)&field=payment%3Acash:string(0,0)&field=addr%3Acountry:string(0,0)&field=entrance:string(0,0)&field=payment%3Adebit_cards:string(0,0)&field=payment%3Acredit_cards:string(0,0)&field=ref%3AFR%3ANAF:string(0,0)&field=payment%3Avisa:string(0,0)&field=payment%3Apaypal:string(0,0)&field=payment%3Amastercard:string(0,0)&field=payment%3Amaestro:string(0,0)&field=payment%3Acheque:string(0,0)&field=payment%3Acb:string(0,0)&field=facebook:string(0,0)&field=contact%3Aemail:string(0,0)&field=contact%3Aphone:string(0,0)&field=operator:string(0,0)&field=description:string(0,0)&field=wheelchair%3Aentrance_width:string(0,0)&field=wheelchair%3Adescription:string(0,0)&field=short_name:string(0,0)&field=social_facility%3Afor:string(0,0)&field=addr%3Acity:string(0,0)&field=opening_hours%3Asigned:string(0,0)&field=official_name:string(0,0)&field=check_date%3Aopening_hours:string(0,0)&field=level:string(0,0)&field=amenity:string(0,0)&field=survey%3Adate:string(0,0)&field=opening_hours:string(0,0)&field=fax:string(0,0)&field=email:string(0,0)&field=contact%3Awebsite:string(0,0)&field=contact%3Apostcode:string(0,0)&field=contact%3Acity:string(0,0)&field=contact%3Astreet:string(0,0)&field=contact%3Ahousenumber:string(0,0)&field=check_date:string(0,0)&field=phone:string(0,0)&field=addr%3Astreet:string(0,0)&field=addr%3Apostcode:string(0,0)&field=addr%3Ahousenumber:string(0,0)&field=wheelchair:string(0,0)&field=website:string(0,0)&field=ref%3AFR%3ASIRET:string(0,0)&field=name:string(0,0)&uid={4518d7bb-bdbd-4c09-8855-e4ec48aa2337}" }, "geometry": { "type": "Point", "coordinates": [ 2.6749805, 48.5404741 ] } },
{ "type": "Feature", "properties": { "full_id": "n8398730497", "osm_id": "8398730497", "osm_type": "node", "shop": "weapons", "check_date": null, "operator": null, "email": null, "disused:shop": null, "wheelchair": null, "contact:website": null, "building:levels": null, "survey:date": null, "addr:street": "Route de Bayonne", "addr:housenumber": "86", "phone": null, "ref:FR:SIREN": null, "contact:housenumber": null, "contact:fax": null, "contact:email": null, "addr:postcode": "64140", "addr:city": "Billère", "ref:vatin": null, "ref:FR:NAF": null, "opening_hours": null, "contact:street": null, "contact:postcode": null, "contact:phone": null, "contact:facebook": null, "contact:city": null, "ref:FR:SIRET": null, "website": "https://commanderiedenavarre.com/", "type": null, "name": "Commanderie de Navarre", "building": null, "contact:instagram": null, "panoramax": null, "min_age": null, "check_date:panoramax": null, "sport": null, "payment:cards": null, "image": null, "clothes": null, "club": null, "second_hand": null, "phone:mobile": null, "harassment_prevention": null, "contact:mobile": null, "source:name:br": null, "name:br": null, "drive_through": null, "delivery": null, "currency:EUR": null, "start_date": null, "payment:cash": null, "addr:country": null, "entrance": null, "payment:debit_cards": null, "payment:credit_cards": null, "payment:visa": null, "payment:paypal": null, "payment:mastercard": null, "payment:maestro": null, "payment:cheque": null, "payment:cb": null, "facebook": null, "description": null, "wheelchair:entrance_width": null, "wheelchair:description": null, "short_name": null, "social_facility:for": null, "opening_hours:signed": null, "official_name": null, "check_date:opening_hours": null, "level": null, "amenity": null, "fax": null, "layer": "shop_weapons_France", "path": "Point?crs=EPSG:4326&field=full_id:string(0,0)&field=osm_id:string(0,0)&field=osm_type:string(0,0)&field=shop:string(0,0)&field=contact%3Ainstagram:string(0,0)&field=panoramax:string(0,0)&field=min_age:string(0,0)&field=check_date%3Apanoramax:string(0,0)&field=sport:string(0,0)&field=payment%3Acards:string(0,0)&field=image:string(0,0)&field=clothes:string(0,0)&field=type:string(0,0)&field=club:string(0,0)&field=second_hand:string(0,0)&field=ref%3AFR%3ASIREN:string(0,0)&field=phone%3Amobile:string(0,0)&field=harassment_prevention:string(0,0)&field=contact%3Amobile:string(0,0)&field=source%3Aname%3Abr:string(0,0)&field=name%3Abr:string(0,0)&field=drive_through:string(0,0)&field=delivery:string(0,0)&field=currency%3AEUR:string(0,0)&field=start_date:string(0,0)&field=contact%3Afacebook:string(0,0)&field=payment%3Acash:string(0,0)&field=addr%3Acountry:string(0,0)&field=entrance:string(0,0)&field=payment%3Adebit_cards:string(0,0)&field=payment%3Acredit_cards:string(0,0)&field=ref%3AFR%3ANAF:string(0,0)&field=payment%3Avisa:string(0,0)&field=payment%3Apaypal:string(0,0)&field=payment%3Amastercard:string(0,0)&field=payment%3Amaestro:string(0,0)&field=payment%3Acheque:string(0,0)&field=payment%3Acb:string(0,0)&field=facebook:string(0,0)&field=contact%3Aemail:string(0,0)&field=contact%3Aphone:string(0,0)&field=operator:string(0,0)&field=description:string(0,0)&field=wheelchair%3Aentrance_width:string(0,0)&field=wheelchair%3Adescription:string(0,0)&field=short_name:string(0,0)&field=social_facility%3Afor:string(0,0)&field=addr%3Acity:string(0,0)&field=opening_hours%3Asigned:string(0,0)&field=official_name:string(0,0)&field=check_date%3Aopening_hours:string(0,0)&field=level:string(0,0)&field=amenity:string(0,0)&field=survey%3Adate:string(0,0)&field=opening_hours:string(0,0)&field=fax:string(0,0)&field=email:string(0,0)&field=contact%3Awebsite:string(0,0)&field=contact%3Apostcode:string(0,0)&field=contact%3Acity:string(0,0)&field=contact%3Astreet:string(0,0)&field=contact%3Ahousenumber:string(0,0)&field=check_date:string(0,0)&field=phone:string(0,0)&field=addr%3Astreet:string(0,0)&field=addr%3Apostcode:string(0,0)&field=addr%3Ahousenumber:string(0,0)&field=wheelchair:string(0,0)&field=website:string(0,0)&field=ref%3AFR%3ASIRET:string(0,0)&field=name:string(0,0)&uid={4518d7bb-bdbd-4c09-8855-e4ec48aa2337}" }, "geometry": { "type": "Point", "coordinates": [ -0.4022152, 43.3055704 ] } },
{ "type": "Feature", "properties": { "full_id": "n8473742305", "osm_id": "8473742305", "osm_type": "node", "shop": "weapons", "check_date": "2024-08-10", "operator": null, "email": null, "disused:shop": null, "wheelchair": "no", "contact:website": null, "building:levels": null, "survey:date": null, "addr:street": "Rue du Maréchal Lyautey", "addr:housenumber": "80", "phone": "+33463645624", "ref:FR:SIREN": null, "contact:housenumber": null, "contact:fax": null, "contact:email": null, "addr:postcode": "03200", "addr:city": null, "ref:vatin": null, "ref:FR:NAF": null, "opening_hours": "Tu-Sa 10:00-12:00,14:00-18:00", "contact:street": null, "contact:postcode": null, "contact:phone": null, "contact:facebook": null, "contact:city": null, "ref:FR:SIRET": "83769332400019", "website": null, "type": null, "name": "Tir Sport Loisirs", "building": null, "contact:instagram": null, "panoramax": null, "min_age": null, "check_date:panoramax": null, "sport": null, "payment:cards": null, "image": null, "clothes": null, "club": null, "second_hand": null, "phone:mobile": null, "harassment_prevention": null, "contact:mobile": null, "source:name:br": null, "name:br": null, "drive_through": null, "delivery": null, "currency:EUR": null, "start_date": "2018", "payment:cash": null, "addr:country": null, "entrance": null, "payment:debit_cards": null, "payment:credit_cards": null, "payment:visa": null, "payment:paypal": null, "payment:mastercard": null, "payment:maestro": null, "payment:cheque": null, "payment:cb": null, "facebook": null, "description": null, "wheelchair:entrance_width": null, "wheelchair:description": null, "short_name": null, "social_facility:for": null, "opening_hours:signed": null, "official_name": null, "check_date:opening_hours": null, "level": null, "amenity": null, "fax": null, "layer": "shop_weapons_France", "path": "Point?crs=EPSG:4326&field=full_id:string(0,0)&field=osm_id:string(0,0)&field=osm_type:string(0,0)&field=shop:string(0,0)&field=contact%3Ainstagram:string(0,0)&field=panoramax:string(0,0)&field=min_age:string(0,0)&field=check_date%3Apanoramax:string(0,0)&field=sport:string(0,0)&field=payment%3Acards:string(0,0)&field=image:string(0,0)&field=clothes:string(0,0)&field=type:string(0,0)&field=club:string(0,0)&field=second_hand:string(0,0)&field=ref%3AFR%3ASIREN:string(0,0)&field=phone%3Amobile:string(0,0)&field=harassment_prevention:string(0,0)&field=contact%3Amobile:string(0,0)&field=source%3Aname%3Abr:string(0,0)&field=name%3Abr:string(0,0)&field=drive_through:string(0,0)&field=delivery:string(0,0)&field=currency%3AEUR:string(0,0)&field=start_date:string(0,0)&field=contact%3Afacebook:string(0,0)&field=payment%3Acash:string(0,0)&field=addr%3Acountry:string(0,0)&field=entrance:string(0,0)&field=payment%3Adebit_cards:string(0,0)&field=payment%3Acredit_cards:string(0,0)&field=ref%3AFR%3ANAF:string(0,0)&field=payment%3Avisa:string(0,0)&field=payment%3Apaypal:string(0,0)&field=payment%3Amastercard:string(0,0)&field=payment%3Amaestro:string(0,0)&field=payment%3Acheque:string(0,0)&field=payment%3Acb:string(0,0)&field=facebook:string(0,0)&field=contact%3Aemail:string(0,0)&field=contact%3Aphone:string(0,0)&field=operator:string(0,0)&field=description:string(0,0)&field=wheelchair%3Aentrance_width:string(0,0)&field=wheelchair%3Adescription:string(0,0)&field=short_name:string(0,0)&field=social_facility%3Afor:string(0,0)&field=addr%3Acity:string(0,0)&field=opening_hours%3Asigned:string(0,0)&field=official_name:string(0,0)&field=check_date%3Aopening_hours:string(0,0)&field=level:string(0,0)&field=amenity:string(0,0)&field=survey%3Adate:string(0,0)&field=opening_hours:string(0,0)&field=fax:string(0,0)&field=email:string(0,0)&field=contact%3Awebsite:string(0,0)&field=contact%3Apostcode:string(0,0)&field=contact%3Acity:string(0,0)&field=contact%3Astreet:string(0,0)&field=contact%3Ahousenumber:string(0,0)&field=check_date:string(0,0)&field=phone:string(0,0)&field=addr%3Astreet:string(0,0)&field=addr%3Apostcode:string(0,0)&field=addr%3Ahousenumber:string(0,0)&field=wheelchair:string(0,0)&field=website:string(0,0)&field=ref%3AFR%3ASIRET:string(0,0)&field=name:string(0,0)&uid={4518d7bb-bdbd-4c09-8855-e4ec48aa2337}" }, "geometry": { "type": "Point", "coordinates": [ 3.4268033, 46.1208424 ] } },
{ "type": "Feature", "properties": { "full_id": "n8571841578", "osm_id": "8571841578", "osm_type": "node", "shop": "weapons", "check_date": null, "operator": null, "email": null, "disused:shop": null, "wheelchair": null, "contact:website": null, "building:levels": null, "survey:date": null, "addr:street": null, "addr:housenumber": null, "phone": null, "ref:FR:SIREN": null, "contact:housenumber": null, "contact:fax": null, "contact:email": null, "addr:postcode": null, "addr:city": null, "ref:vatin": null, "ref:FR:NAF": null, "opening_hours": null, "contact:street": null, "contact:postcode": null, "contact:phone": null, "contact:facebook": null, "contact:city": null, "ref:FR:SIRET": "81021710900018", "website": null, "type": null, "name": "La Mousqueterie", "building": null, "contact:instagram": null, "panoramax": null, "min_age": null, "check_date:panoramax": null, "sport": null, "payment:cards": null, "image": null, "clothes": null, "club": null, "second_hand": null, "phone:mobile": null, "harassment_prevention": null, "contact:mobile": null, "source:name:br": null, "name:br": null, "drive_through": null, "delivery": null, "currency:EUR": null, "start_date": null, "payment:cash": null, "addr:country": null, "entrance": null, "payment:debit_cards": null, "payment:credit_cards": null, "payment:visa": null, "payment:paypal": null, "payment:mastercard": null, "payment:maestro": null, "payment:cheque": null, "payment:cb": null, "facebook": null, "description": null, "wheelchair:entrance_width": null, "wheelchair:description": null, "short_name": null, "social_facility:for": null, "opening_hours:signed": null, "official_name": null, "check_date:opening_hours": null, "level": null, "amenity": null, "fax": null, "layer": "shop_weapons_France", "path": "Point?crs=EPSG:4326&field=full_id:string(0,0)&field=osm_id:string(0,0)&field=osm_type:string(0,0)&field=shop:string(0,0)&field=contact%3Ainstagram:string(0,0)&field=panoramax:string(0,0)&field=min_age:string(0,0)&field=check_date%3Apanoramax:string(0,0)&field=sport:string(0,0)&field=payment%3Acards:string(0,0)&field=image:string(0,0)&field=clothes:string(0,0)&field=type:string(0,0)&field=club:string(0,0)&field=second_hand:string(0,0)&field=ref%3AFR%3ASIREN:string(0,0)&field=phone%3Amobile:string(0,0)&field=harassment_prevention:string(0,0)&field=contact%3Amobile:string(0,0)&field=source%3Aname%3Abr:string(0,0)&field=name%3Abr:string(0,0)&field=drive_through:string(0,0)&field=delivery:string(0,0)&field=currency%3AEUR:string(0,0)&field=start_date:string(0,0)&field=contact%3Afacebook:string(0,0)&field=payment%3Acash:string(0,0)&field=addr%3Acountry:string(0,0)&field=entrance:string(0,0)&field=payment%3Adebit_cards:string(0,0)&field=payment%3Acredit_cards:string(0,0)&field=ref%3AFR%3ANAF:string(0,0)&field=payment%3Avisa:string(0,0)&field=payment%3Apaypal:string(0,0)&field=payment%3Amastercard:string(0,0)&field=payment%3Amaestro:string(0,0)&field=payment%3Acheque:string(0,0)&field=payment%3Acb:string(0,0)&field=facebook:string(0,0)&field=contact%3Aemail:string(0,0)&field=contact%3Aphone:string(0,0)&field=operator:string(0,0)&field=description:string(0,0)&field=wheelchair%3Aentrance_width:string(0,0)&field=wheelchair%3Adescription:string(0,0)&field=short_name:string(0,0)&field=social_facility%3Afor:string(0,0)&field=addr%3Acity:string(0,0)&field=opening_hours%3Asigned:string(0,0)&field=official_name:string(0,0)&field=check_date%3Aopening_hours:string(0,0)&field=level:string(0,0)&field=amenity:string(0,0)&field=survey%3Adate:string(0,0)&field=opening_hours:string(0,0)&field=fax:string(0,0)&field=email:string(0,0)&field=contact%3Awebsite:string(0,0)&field=contact%3Apostcode:string(0,0)&field=contact%3Acity:string(0,0)&field=contact%3Astreet:string(0,0)&field=contact%3Ahousenumber:string(0,0)&field=check_date:string(0,0)&field=phone:string(0,0)&field=addr%3Astreet:string(0,0)&field=addr%3Apostcode:string(0,0)&field=addr%3Ahousenumber:string(0,0)&field=wheelchair:string(0,0)&field=website:string(0,0)&field=ref%3AFR%3ASIRET:string(0,0)&field=name:string(0,0)&uid={4518d7bb-bdbd-4c09-8855-e4ec48aa2337}" }, "geometry": { "type": "Point", "coordinates": [ 2.2371885, 48.9946405 ] } },
{ "type": "Feature", "properties": { "full_id": "n8898557561", "osm_id": "8898557561", "osm_type": "node", "shop": "weapons", "check_date": null, "operator": null, "email": null, "disused:shop": null, "wheelchair": null, "contact:website": null, "building:levels": null, "survey:date": null, "addr:street": null, "addr:housenumber": null, "phone": "+33478260552", "ref:FR:SIREN": null, "contact:housenumber": null, "contact:fax": null, "contact:email": null, "addr:postcode": null, "addr:city": null, "ref:vatin": null, "ref:FR:NAF": null, "opening_hours": null, "contact:street": null, "contact:postcode": null, "contact:phone": null, "contact:facebook": null, "contact:city": null, "ref:FR:SIRET": null, "website": "https://www.bron-loisirs-armurerie.fr/", "type": null, "name": null, "building": null, "contact:instagram": null, "panoramax": null, "min_age": null, "check_date:panoramax": null, "sport": null, "payment:cards": null, "image": null, "clothes": null, "club": null, "second_hand": null, "phone:mobile": null, "harassment_prevention": null, "contact:mobile": null, "source:name:br": null, "name:br": null, "drive_through": null, "delivery": null, "currency:EUR": null, "start_date": null, "payment:cash": null, "addr:country": null, "entrance": null, "payment:debit_cards": null, "payment:credit_cards": null, "payment:visa": null, "payment:paypal": null, "payment:mastercard": null, "payment:maestro": null, "payment:cheque": null, "payment:cb": null, "facebook": null, "description": null, "wheelchair:entrance_width": null, "wheelchair:description": null, "short_name": null, "social_facility:for": null, "opening_hours:signed": null, "official_name": null, "check_date:opening_hours": null, "level": null, "amenity": null, "fax": null, "layer": "shop_weapons_France", "path": "Point?crs=EPSG:4326&field=full_id:string(0,0)&field=osm_id:string(0,0)&field=osm_type:string(0,0)&field=shop:string(0,0)&field=contact%3Ainstagram:string(0,0)&field=panoramax:string(0,0)&field=min_age:string(0,0)&field=check_date%3Apanoramax:string(0,0)&field=sport:string(0,0)&field=payment%3Acards:string(0,0)&field=image:string(0,0)&field=clothes:string(0,0)&field=type:string(0,0)&field=club:string(0,0)&field=second_hand:string(0,0)&field=ref%3AFR%3ASIREN:string(0,0)&field=phone%3Amobile:string(0,0)&field=harassment_prevention:string(0,0)&field=contact%3Amobile:string(0,0)&field=source%3Aname%3Abr:string(0,0)&field=name%3Abr:string(0,0)&field=drive_through:string(0,0)&field=delivery:string(0,0)&field=currency%3AEUR:string(0,0)&field=start_date:string(0,0)&field=contact%3Afacebook:string(0,0)&field=payment%3Acash:string(0,0)&field=addr%3Acountry:string(0,0)&field=entrance:string(0,0)&field=payment%3Adebit_cards:string(0,0)&field=payment%3Acredit_cards:string(0,0)&field=ref%3AFR%3ANAF:string(0,0)&field=payment%3Avisa:string(0,0)&field=payment%3Apaypal:string(0,0)&field=payment%3Amastercard:string(0,0)&field=payment%3Amaestro:string(0,0)&field=payment%3Acheque:string(0,0)&field=payment%3Acb:string(0,0)&field=facebook:string(0,0)&field=contact%3Aemail:string(0,0)&field=contact%3Aphone:string(0,0)&field=operator:string(0,0)&field=description:string(0,0)&field=wheelchair%3Aentrance_width:string(0,0)&field=wheelchair%3Adescription:string(0,0)&field=short_name:string(0,0)&field=social_facility%3Afor:string(0,0)&field=addr%3Acity:string(0,0)&field=opening_hours%3Asigned:string(0,0)&field=official_name:string(0,0)&field=check_date%3Aopening_hours:string(0,0)&field=level:string(0,0)&field=amenity:string(0,0)&field=survey%3Adate:string(0,0)&field=opening_hours:string(0,0)&field=fax:string(0,0)&field=email:string(0,0)&field=contact%3Awebsite:string(0,0)&field=contact%3Apostcode:string(0,0)&field=contact%3Acity:string(0,0)&field=contact%3Astreet:string(0,0)&field=contact%3Ahousenumber:string(0,0)&field=check_date:string(0,0)&field=phone:string(0,0)&field=addr%3Astreet:string(0,0)&field=addr%3Apostcode:string(0,0)&field=addr%3Ahousenumber:string(0,0)&field=wheelchair:string(0,0)&field=website:string(0,0)&field=ref%3AFR%3ASIRET:string(0,0)&field=name:string(0,0)&uid={4518d7bb-bdbd-4c09-8855-e4ec48aa2337}" }, "geometry": { "type": "Point", "coordinates": [ 4.9054565, 45.7348938 ] } },
{ "type": "Feature", "properties": { "full_id": "n8916975859", "osm_id": "8916975859", "osm_type": "node", "shop": "weapons", "check_date": null, "operator": null, "email": null, "disused:shop": null, "wheelchair": "yes", "contact:website": null, "building:levels": null, "survey:date": null, "addr:street": null, "addr:housenumber": null, "phone": null, "ref:FR:SIREN": null, "contact:housenumber": "22bis", "contact:fax": null, "contact:email": null, "addr:postcode": null, "addr:city": null, "ref:vatin": null, "ref:FR:NAF": null, "opening_hours": "Tu-Sa 10:00-12:00, 14:00-19:00; Su-Mo off", "contact:street": "Rue des Forges", "contact:postcode": "21000", "contact:phone": null, "contact:facebook": null, "contact:city": null, "ref:FR:SIRET": "88934512000022", "website": null, "type": null, "name": "Coutellerie dijonnaise", "building": null, "contact:instagram": null, "panoramax": null, "min_age": null, "check_date:panoramax": null, "sport": null, "payment:cards": null, "image": null, "clothes": null, "club": null, "second_hand": null, "phone:mobile": null, "harassment_prevention": null, "contact:mobile": null, "source:name:br": null, "name:br": null, "drive_through": null, "delivery": null, "currency:EUR": null, "start_date": null, "payment:cash": null, "addr:country": null, "entrance": null, "payment:debit_cards": null, "payment:credit_cards": null, "payment:visa": null, "payment:paypal": null, "payment:mastercard": null, "payment:maestro": null, "payment:cheque": null, "payment:cb": null, "facebook": null, "description": null, "wheelchair:entrance_width": null, "wheelchair:description": null, "short_name": null, "social_facility:for": null, "opening_hours:signed": null, "official_name": null, "check_date:opening_hours": null, "level": null, "amenity": null, "fax": null, "layer": "shop_weapons_France", "path": "Point?crs=EPSG:4326&field=full_id:string(0,0)&field=osm_id:string(0,0)&field=osm_type:string(0,0)&field=shop:string(0,0)&field=contact%3Ainstagram:string(0,0)&field=panoramax:string(0,0)&field=min_age:string(0,0)&field=check_date%3Apanoramax:string(0,0)&field=sport:string(0,0)&field=payment%3Acards:string(0,0)&field=image:string(0,0)&field=clothes:string(0,0)&field=type:string(0,0)&field=club:string(0,0)&field=second_hand:string(0,0)&field=ref%3AFR%3ASIREN:string(0,0)&field=phone%3Amobile:string(0,0)&field=harassment_prevention:string(0,0)&field=contact%3Amobile:string(0,0)&field=source%3Aname%3Abr:string(0,0)&field=name%3Abr:string(0,0)&field=drive_through:string(0,0)&field=delivery:string(0,0)&field=currency%3AEUR:string(0,0)&field=start_date:string(0,0)&field=contact%3Afacebook:string(0,0)&field=payment%3Acash:string(0,0)&field=addr%3Acountry:string(0,0)&field=entrance:string(0,0)&field=payment%3Adebit_cards:string(0,0)&field=payment%3Acredit_cards:string(0,0)&field=ref%3AFR%3ANAF:string(0,0)&field=payment%3Avisa:string(0,0)&field=payment%3Apaypal:string(0,0)&field=payment%3Amastercard:string(0,0)&field=payment%3Amaestro:string(0,0)&field=payment%3Acheque:string(0,0)&field=payment%3Acb:string(0,0)&field=facebook:string(0,0)&field=contact%3Aemail:string(0,0)&field=contact%3Aphone:string(0,0)&field=operator:string(0,0)&field=description:string(0,0)&field=wheelchair%3Aentrance_width:string(0,0)&field=wheelchair%3Adescription:string(0,0)&field=short_name:string(0,0)&field=social_facility%3Afor:string(0,0)&field=addr%3Acity:string(0,0)&field=opening_hours%3Asigned:string(0,0)&field=official_name:string(0,0)&field=check_date%3Aopening_hours:string(0,0)&field=level:string(0,0)&field=amenity:string(0,0)&field=survey%3Adate:string(0,0)&field=opening_hours:string(0,0)&field=fax:string(0,0)&field=email:string(0,0)&field=contact%3Awebsite:string(0,0)&field=contact%3Apostcode:string(0,0)&field=contact%3Acity:string(0,0)&field=contact%3Astreet:string(0,0)&field=contact%3Ahousenumber:string(0,0)&field=check_date:string(0,0)&field=phone:string(0,0)&field=addr%3Astreet:string(0,0)&field=addr%3Apostcode:string(0,0)&field=addr%3Ahousenumber:string(0,0)&field=wheelchair:string(0,0)&field=website:string(0,0)&field=ref%3AFR%3ASIRET:string(0,0)&field=name:string(0,0)&uid={4518d7bb-bdbd-4c09-8855-e4ec48aa2337}" }, "geometry": { "type": "Point", "coordinates": [ 5.0412703, 47.3222993 ] } },
{ "type": "Feature", "properties": { "full_id": "n8963573051", "osm_id": "8963573051", "osm_type": "node", "shop": "weapons", "check_date": null, "operator": null, "email": null, "disused:shop": null, "wheelchair": null, "contact:website": null, "building:levels": null, "survey:date": null, "addr:street": null, "addr:housenumber": null, "phone": null, "ref:FR:SIREN": null, "contact:housenumber": null, "contact:fax": null, "contact:email": null, "addr:postcode": null, "addr:city": null, "ref:vatin": null, "ref:FR:NAF": null, "opening_hours": null, "contact:street": null, "contact:postcode": null, "contact:phone": null, "contact:facebook": null, "contact:city": null, "ref:FR:SIRET": null, "website": null, "type": null, "name": "Armurerie de la Têt", "building": null, "contact:instagram": null, "panoramax": null, "min_age": null, "check_date:panoramax": null, "sport": null, "payment:cards": null, "image": null, "clothes": null, "club": null, "second_hand": null, "phone:mobile": null, "harassment_prevention": null, "contact:mobile": null, "source:name:br": null, "name:br": null, "drive_through": null, "delivery": null, "currency:EUR": null, "start_date": null, "payment:cash": null, "addr:country": null, "entrance": null, "payment:debit_cards": null, "payment:credit_cards": null, "payment:visa": null, "payment:paypal": null, "payment:mastercard": null, "payment:maestro": null, "payment:cheque": null, "payment:cb": null, "facebook": null, "description": null, "wheelchair:entrance_width": null, "wheelchair:description": null, "short_name": null, "social_facility:for": null, "opening_hours:signed": null, "official_name": null, "check_date:opening_hours": null, "level": null, "amenity": null, "fax": null, "layer": "shop_weapons_France", "path": "Point?crs=EPSG:4326&field=full_id:string(0,0)&field=osm_id:string(0,0)&field=osm_type:string(0,0)&field=shop:string(0,0)&field=contact%3Ainstagram:string(0,0)&field=panoramax:string(0,0)&field=min_age:string(0,0)&field=check_date%3Apanoramax:string(0,0)&field=sport:string(0,0)&field=payment%3Acards:string(0,0)&field=image:string(0,0)&field=clothes:string(0,0)&field=type:string(0,0)&field=club:string(0,0)&field=second_hand:string(0,0)&field=ref%3AFR%3ASIREN:string(0,0)&field=phone%3Amobile:string(0,0)&field=harassment_prevention:string(0,0)&field=contact%3Amobile:string(0,0)&field=source%3Aname%3Abr:string(0,0)&field=name%3Abr:string(0,0)&field=drive_through:string(0,0)&field=delivery:string(0,0)&field=currency%3AEUR:string(0,0)&field=start_date:string(0,0)&field=contact%3Afacebook:string(0,0)&field=payment%3Acash:string(0,0)&field=addr%3Acountry:string(0,0)&field=entrance:string(0,0)&field=payment%3Adebit_cards:string(0,0)&field=payment%3Acredit_cards:string(0,0)&field=ref%3AFR%3ANAF:string(0,0)&field=payment%3Avisa:string(0,0)&field=payment%3Apaypal:string(0,0)&field=payment%3Amastercard:string(0,0)&field=payment%3Amaestro:string(0,0)&field=payment%3Acheque:string(0,0)&field=payment%3Acb:string(0,0)&field=facebook:string(0,0)&field=contact%3Aemail:string(0,0)&field=contact%3Aphone:string(0,0)&field=operator:string(0,0)&field=description:string(0,0)&field=wheelchair%3Aentrance_width:string(0,0)&field=wheelchair%3Adescription:string(0,0)&field=short_name:string(0,0)&field=social_facility%3Afor:string(0,0)&field=addr%3Acity:string(0,0)&field=opening_hours%3Asigned:string(0,0)&field=official_name:string(0,0)&field=check_date%3Aopening_hours:string(0,0)&field=level:string(0,0)&field=amenity:string(0,0)&field=survey%3Adate:string(0,0)&field=opening_hours:string(0,0)&field=fax:string(0,0)&field=email:string(0,0)&field=contact%3Awebsite:string(0,0)&field=contact%3Apostcode:string(0,0)&field=contact%3Acity:string(0,0)&field=contact%3Astreet:string(0,0)&field=contact%3Ahousenumber:string(0,0)&field=check_date:string(0,0)&field=phone:string(0,0)&field=addr%3Astreet:string(0,0)&field=addr%3Apostcode:string(0,0)&field=addr%3Ahousenumber:string(0,0)&field=wheelchair:string(0,0)&field=website:string(0,0)&field=ref%3AFR%3ASIRET:string(0,0)&field=name:string(0,0)&uid={4518d7bb-bdbd-4c09-8855-e4ec48aa2337}" }, "geometry": { "type": "Point", "coordinates": [ 2.6246267, 42.6726794 ] } },
{ "type": "Feature", "properties": { "full_id": "n9139540608", "osm_id": "9139540608", "osm_type": "node", "shop": "weapons", "check_date": null, "operator": null, "email": null, "disused:shop": null, "wheelchair": null, "contact:website": null, "building:levels": null, "survey:date": null, "addr:street": "Rue des Victoires", "addr:housenumber": "34", "phone": "+33 2 35 95 43 30", "ref:FR:SIREN": null, "contact:housenumber": null, "contact:fax": null, "contact:email": null, "addr:postcode": "76190", "addr:city": "Yvetot", "ref:vatin": null, "ref:FR:NAF": null, "opening_hours": "Tu-Sa 09:15-12:15, 14:15-19:15", "contact:street": null, "contact:postcode": null, "contact:phone": null, "contact:facebook": "https://www.facebook.com/armurerie.cauchoise", "contact:city": null, "ref:FR:SIRET": "89238238300016", "website": "https://www.armurerie-cauchoise.com/", "type": null, "name": "Armurerie Cauchoise", "building": null, "contact:instagram": null, "panoramax": null, "min_age": null, "check_date:panoramax": null, "sport": null, "payment:cards": null, "image": null, "clothes": null, "club": null, "second_hand": null, "phone:mobile": null, "harassment_prevention": null, "contact:mobile": null, "source:name:br": null, "name:br": null, "drive_through": "no", "delivery": "no", "currency:EUR": "yes", "start_date": null, "payment:cash": "yes", "addr:country": null, "entrance": null, "payment:debit_cards": null, "payment:credit_cards": null, "payment:visa": null, "payment:paypal": null, "payment:mastercard": null, "payment:maestro": null, "payment:cheque": null, "payment:cb": null, "facebook": null, "description": null, "wheelchair:entrance_width": null, "wheelchair:description": null, "short_name": null, "social_facility:for": null, "opening_hours:signed": null, "official_name": null, "check_date:opening_hours": null, "level": null, "amenity": null, "fax": null, "layer": "shop_weapons_France", "path": "Point?crs=EPSG:4326&field=full_id:string(0,0)&field=osm_id:string(0,0)&field=osm_type:string(0,0)&field=shop:string(0,0)&field=contact%3Ainstagram:string(0,0)&field=panoramax:string(0,0)&field=min_age:string(0,0)&field=check_date%3Apanoramax:string(0,0)&field=sport:string(0,0)&field=payment%3Acards:string(0,0)&field=image:string(0,0)&field=clothes:string(0,0)&field=type:string(0,0)&field=club:string(0,0)&field=second_hand:string(0,0)&field=ref%3AFR%3ASIREN:string(0,0)&field=phone%3Amobile:string(0,0)&field=harassment_prevention:string(0,0)&field=contact%3Amobile:string(0,0)&field=source%3Aname%3Abr:string(0,0)&field=name%3Abr:string(0,0)&field=drive_through:string(0,0)&field=delivery:string(0,0)&field=currency%3AEUR:string(0,0)&field=start_date:string(0,0)&field=contact%3Afacebook:string(0,0)&field=payment%3Acash:string(0,0)&field=addr%3Acountry:string(0,0)&field=entrance:string(0,0)&field=payment%3Adebit_cards:string(0,0)&field=payment%3Acredit_cards:string(0,0)&field=ref%3AFR%3ANAF:string(0,0)&field=payment%3Avisa:string(0,0)&field=payment%3Apaypal:string(0,0)&field=payment%3Amastercard:string(0,0)&field=payment%3Amaestro:string(0,0)&field=payment%3Acheque:string(0,0)&field=payment%3Acb:string(0,0)&field=facebook:string(0,0)&field=contact%3Aemail:string(0,0)&field=contact%3Aphone:string(0,0)&field=operator:string(0,0)&field=description:string(0,0)&field=wheelchair%3Aentrance_width:string(0,0)&field=wheelchair%3Adescription:string(0,0)&field=short_name:string(0,0)&field=social_facility%3Afor:string(0,0)&field=addr%3Acity:string(0,0)&field=opening_hours%3Asigned:string(0,0)&field=official_name:string(0,0)&field=check_date%3Aopening_hours:string(0,0)&field=level:string(0,0)&field=amenity:string(0,0)&field=survey%3Adate:string(0,0)&field=opening_hours:string(0,0)&field=fax:string(0,0)&field=email:string(0,0)&field=contact%3Awebsite:string(0,0)&field=contact%3Apostcode:string(0,0)&field=contact%3Acity:string(0,0)&field=contact%3Astreet:string(0,0)&field=contact%3Ahousenumber:string(0,0)&field=check_date:string(0,0)&field=phone:string(0,0)&field=addr%3Astreet:string(0,0)&field=addr%3Apostcode:string(0,0)&field=addr%3Ahousenumber:string(0,0)&field=wheelchair:string(0,0)&field=website:string(0,0)&field=ref%3AFR%3ASIRET:string(0,0)&field=name:string(0,0)&uid={4518d7bb-bdbd-4c09-8855-e4ec48aa2337}" }, "geometry": { "type": "Point", "coordinates": [ 0.7529077, 49.6185732 ] } },
{ "type": "Feature", "properties": { "full_id": "n9199701801", "osm_id": "9199701801", "osm_type": "node", "shop": "weapons", "check_date": null, "operator": null, "email": null, "disused:shop": null, "wheelchair": null, "contact:website": null, "building:levels": null, "survey:date": null, "addr:street": null, "addr:housenumber": null, "phone": null, "ref:FR:SIREN": null, "contact:housenumber": null, "contact:fax": null, "contact:email": null, "addr:postcode": null, "addr:city": null, "ref:vatin": null, "ref:FR:NAF": null, "opening_hours": null, "contact:street": null, "contact:postcode": null, "contact:phone": null, "contact:facebook": null, "contact:city": null, "ref:FR:SIRET": null, "website": null, "type": null, "name": "Armurerie Demay & Diet", "building": null, "contact:instagram": null, "panoramax": null, "min_age": null, "check_date:panoramax": null, "sport": null, "payment:cards": null, "image": null, "clothes": null, "club": null, "second_hand": null, "phone:mobile": null, "harassment_prevention": null, "contact:mobile": null, "source:name:br": null, "name:br": null, "drive_through": null, "delivery": null, "currency:EUR": null, "start_date": null, "payment:cash": null, "addr:country": null, "entrance": null, "payment:debit_cards": null, "payment:credit_cards": null, "payment:visa": null, "payment:paypal": null, "payment:mastercard": null, "payment:maestro": null, "payment:cheque": null, "payment:cb": null, "facebook": null, "description": null, "wheelchair:entrance_width": null, "wheelchair:description": null, "short_name": null, "social_facility:for": null, "opening_hours:signed": null, "official_name": null, "check_date:opening_hours": null, "level": null, "amenity": null, "fax": null, "layer": "shop_weapons_France", "path": "Point?crs=EPSG:4326&field=full_id:string(0,0)&field=osm_id:string(0,0)&field=osm_type:string(0,0)&field=shop:string(0,0)&field=contact%3Ainstagram:string(0,0)&field=panoramax:string(0,0)&field=min_age:string(0,0)&field=check_date%3Apanoramax:string(0,0)&field=sport:string(0,0)&field=payment%3Acards:string(0,0)&field=image:string(0,0)&field=clothes:string(0,0)&field=type:string(0,0)&field=club:string(0,0)&field=second_hand:string(0,0)&field=ref%3AFR%3ASIREN:string(0,0)&field=phone%3Amobile:string(0,0)&field=harassment_prevention:string(0,0)&field=contact%3Amobile:string(0,0)&field=source%3Aname%3Abr:string(0,0)&field=name%3Abr:string(0,0)&field=drive_through:string(0,0)&field=delivery:string(0,0)&field=currency%3AEUR:string(0,0)&field=start_date:string(0,0)&field=contact%3Afacebook:string(0,0)&field=payment%3Acash:string(0,0)&field=addr%3Acountry:string(0,0)&field=entrance:string(0,0)&field=payment%3Adebit_cards:string(0,0)&field=payment%3Acredit_cards:string(0,0)&field=ref%3AFR%3ANAF:string(0,0)&field=payment%3Avisa:string(0,0)&field=payment%3Apaypal:string(0,0)&field=payment%3Amastercard:string(0,0)&field=payment%3Amaestro:string(0,0)&field=payment%3Acheque:string(0,0)&field=payment%3Acb:string(0,0)&field=facebook:string(0,0)&field=contact%3Aemail:string(0,0)&field=contact%3Aphone:string(0,0)&field=operator:string(0,0)&field=description:string(0,0)&field=wheelchair%3Aentrance_width:string(0,0)&field=wheelchair%3Adescription:string(0,0)&field=short_name:string(0,0)&field=social_facility%3Afor:string(0,0)&field=addr%3Acity:string(0,0)&field=opening_hours%3Asigned:string(0,0)&field=official_name:string(0,0)&field=check_date%3Aopening_hours:string(0,0)&field=level:string(0,0)&field=amenity:string(0,0)&field=survey%3Adate:string(0,0)&field=opening_hours:string(0,0)&field=fax:string(0,0)&field=email:string(0,0)&field=contact%3Awebsite:string(0,0)&field=contact%3Apostcode:string(0,0)&field=contact%3Acity:string(0,0)&field=contact%3Astreet:string(0,0)&field=contact%3Ahousenumber:string(0,0)&field=check_date:string(0,0)&field=phone:string(0,0)&field=addr%3Astreet:string(0,0)&field=addr%3Apostcode:string(0,0)&field=addr%3Ahousenumber:string(0,0)&field=wheelchair:string(0,0)&field=website:string(0,0)&field=ref%3AFR%3ASIRET:string(0,0)&field=name:string(0,0)&uid={4518d7bb-bdbd-4c09-8855-e4ec48aa2337}" }, "geometry": { "type": "Point", "coordinates": [ -0.1572656, 45.1656468 ] } },
{ "type": "Feature", "properties": { "full_id": "n9201747634", "osm_id": "9201747634", "osm_type": "node", "shop": null, "check_date": null, "operator": null, "email": null, "disused:shop": null, "wheelchair": null, "contact:website": null, "building:levels": null, "survey:date": null, "addr:street": null, "addr:housenumber": "15", "phone": null, "ref:FR:SIREN": null, "contact:housenumber": null, "contact:fax": null, "contact:email": null, "addr:postcode": null, "addr:city": null, "ref:vatin": null, "ref:FR:NAF": null, "opening_hours": null, "contact:street": null, "contact:postcode": null, "contact:phone": null, "contact:facebook": null, "contact:city": null, "ref:FR:SIRET": null, "website": null, "type": null, "name": null, "building": null, "contact:instagram": null, "panoramax": null, "min_age": null, "check_date:panoramax": null, "sport": null, "payment:cards": null, "image": null, "clothes": null, "club": null, "second_hand": null, "phone:mobile": null, "harassment_prevention": null, "contact:mobile": null, "source:name:br": null, "name:br": null, "drive_through": null, "delivery": null, "currency:EUR": null, "start_date": null, "payment:cash": null, "addr:country": null, "entrance": null, "payment:debit_cards": null, "payment:credit_cards": null, "payment:visa": null, "payment:paypal": null, "payment:mastercard": null, "payment:maestro": null, "payment:cheque": null, "payment:cb": null, "facebook": null, "description": null, "wheelchair:entrance_width": null, "wheelchair:description": null, "short_name": null, "social_facility:for": null, "opening_hours:signed": null, "official_name": null, "check_date:opening_hours": null, "level": null, "amenity": null, "fax": null, "layer": "shop_weapons_France", "path": "Point?crs=EPSG:4326&field=full_id:string(0,0)&field=osm_id:string(0,0)&field=osm_type:string(0,0)&field=shop:string(0,0)&field=contact%3Ainstagram:string(0,0)&field=panoramax:string(0,0)&field=min_age:string(0,0)&field=check_date%3Apanoramax:string(0,0)&field=sport:string(0,0)&field=payment%3Acards:string(0,0)&field=image:string(0,0)&field=clothes:string(0,0)&field=type:string(0,0)&field=club:string(0,0)&field=second_hand:string(0,0)&field=ref%3AFR%3ASIREN:string(0,0)&field=phone%3Amobile:string(0,0)&field=harassment_prevention:string(0,0)&field=contact%3Amobile:string(0,0)&field=source%3Aname%3Abr:string(0,0)&field=name%3Abr:string(0,0)&field=drive_through:string(0,0)&field=delivery:string(0,0)&field=currency%3AEUR:string(0,0)&field=start_date:string(0,0)&field=contact%3Afacebook:string(0,0)&field=payment%3Acash:string(0,0)&field=addr%3Acountry:string(0,0)&field=entrance:string(0,0)&field=payment%3Adebit_cards:string(0,0)&field=payment%3Acredit_cards:string(0,0)&field=ref%3AFR%3ANAF:string(0,0)&field=payment%3Avisa:string(0,0)&field=payment%3Apaypal:string(0,0)&field=payment%3Amastercard:string(0,0)&field=payment%3Amaestro:string(0,0)&field=payment%3Acheque:string(0,0)&field=payment%3Acb:string(0,0)&field=facebook:string(0,0)&field=contact%3Aemail:string(0,0)&field=contact%3Aphone:string(0,0)&field=operator:string(0,0)&field=description:string(0,0)&field=wheelchair%3Aentrance_width:string(0,0)&field=wheelchair%3Adescription:string(0,0)&field=short_name:string(0,0)&field=social_facility%3Afor:string(0,0)&field=addr%3Acity:string(0,0)&field=opening_hours%3Asigned:string(0,0)&field=official_name:string(0,0)&field=check_date%3Aopening_hours:string(0,0)&field=level:string(0,0)&field=amenity:string(0,0)&field=survey%3Adate:string(0,0)&field=opening_hours:string(0,0)&field=fax:string(0,0)&field=email:string(0,0)&field=contact%3Awebsite:string(0,0)&field=contact%3Apostcode:string(0,0)&field=contact%3Acity:string(0,0)&field=contact%3Astreet:string(0,0)&field=contact%3Ahousenumber:string(0,0)&field=check_date:string(0,0)&field=phone:string(0,0)&field=addr%3Astreet:string(0,0)&field=addr%3Apostcode:string(0,0)&field=addr%3Ahousenumber:string(0,0)&field=wheelchair:string(0,0)&field=website:string(0,0)&field=ref%3AFR%3ASIRET:string(0,0)&field=name:string(0,0)&uid={4518d7bb-bdbd-4c09-8855-e4ec48aa2337}" }, "geometry": { "type": "Point", "coordinates": [ 6.9539934, 48.2791122 ] } },
{ "type": "Feature", "properties": { "full_id": "n9318266385", "osm_id": "9318266385", "osm_type": "node", "shop": "weapons", "check_date": null, "operator": null, "email": null, "disused:shop": null, "wheelchair": null, "contact:website": null, "building:levels": null, "survey:date": null, "addr:street": "Rue du Lieutenant-Colonel Maury", "addr:housenumber": "10", "phone": null, "ref:FR:SIREN": null, "contact:housenumber": null, "contact:fax": null, "contact:email": null, "addr:postcode": null, "addr:city": null, "ref:vatin": null, "ref:FR:NAF": null, "opening_hours": null, "contact:street": null, "contact:postcode": null, "contact:phone": null, "contact:facebook": null, "contact:city": null, "ref:FR:SIRET": null, "website": null, "type": null, "name": "Armurerie Douillet-Dreumont", "building": null, "contact:instagram": null, "panoramax": null, "min_age": null, "check_date:panoramax": null, "sport": null, "payment:cards": null, "image": null, "clothes": null, "club": null, "second_hand": null, "phone:mobile": null, "harassment_prevention": null, "contact:mobile": null, "source:name:br": "proper translation", "name:br": "Armerezh Douillet-Dreumont", "drive_through": null, "delivery": null, "currency:EUR": null, "start_date": null, "payment:cash": null, "addr:country": null, "entrance": null, "payment:debit_cards": null, "payment:credit_cards": null, "payment:visa": null, "payment:paypal": null, "payment:mastercard": null, "payment:maestro": null, "payment:cheque": null, "payment:cb": null, "facebook": null, "description": null, "wheelchair:entrance_width": null, "wheelchair:description": null, "short_name": null, "social_facility:for": null, "opening_hours:signed": null, "official_name": null, "check_date:opening_hours": null, "level": null, "amenity": null, "fax": null, "layer": "shop_weapons_France", "path": "Point?crs=EPSG:4326&field=full_id:string(0,0)&field=osm_id:string(0,0)&field=osm_type:string(0,0)&field=shop:string(0,0)&field=contact%3Ainstagram:string(0,0)&field=panoramax:string(0,0)&field=min_age:string(0,0)&field=check_date%3Apanoramax:string(0,0)&field=sport:string(0,0)&field=payment%3Acards:string(0,0)&field=image:string(0,0)&field=clothes:string(0,0)&field=type:string(0,0)&field=club:string(0,0)&field=second_hand:string(0,0)&field=ref%3AFR%3ASIREN:string(0,0)&field=phone%3Amobile:string(0,0)&field=harassment_prevention:string(0,0)&field=contact%3Amobile:string(0,0)&field=source%3Aname%3Abr:string(0,0)&field=name%3Abr:string(0,0)&field=drive_through:string(0,0)&field=delivery:string(0,0)&field=currency%3AEUR:string(0,0)&field=start_date:string(0,0)&field=contact%3Afacebook:string(0,0)&field=payment%3Acash:string(0,0)&field=addr%3Acountry:string(0,0)&field=entrance:string(0,0)&field=payment%3Adebit_cards:string(0,0)&field=payment%3Acredit_cards:string(0,0)&field=ref%3AFR%3ANAF:string(0,0)&field=payment%3Avisa:string(0,0)&field=payment%3Apaypal:string(0,0)&field=payment%3Amastercard:string(0,0)&field=payment%3Amaestro:string(0,0)&field=payment%3Acheque:string(0,0)&field=payment%3Acb:string(0,0)&field=facebook:string(0,0)&field=contact%3Aemail:string(0,0)&field=contact%3Aphone:string(0,0)&field=operator:string(0,0)&field=description:string(0,0)&field=wheelchair%3Aentrance_width:string(0,0)&field=wheelchair%3Adescription:string(0,0)&field=short_name:string(0,0)&field=social_facility%3Afor:string(0,0)&field=addr%3Acity:string(0,0)&field=opening_hours%3Asigned:string(0,0)&field=official_name:string(0,0)&field=check_date%3Aopening_hours:string(0,0)&field=level:string(0,0)&field=amenity:string(0,0)&field=survey%3Adate:string(0,0)&field=opening_hours:string(0,0)&field=fax:string(0,0)&field=email:string(0,0)&field=contact%3Awebsite:string(0,0)&field=contact%3Apostcode:string(0,0)&field=contact%3Acity:string(0,0)&field=contact%3Astreet:string(0,0)&field=contact%3Ahousenumber:string(0,0)&field=check_date:string(0,0)&field=phone:string(0,0)&field=addr%3Astreet:string(0,0)&field=addr%3Apostcode:string(0,0)&field=addr%3Ahousenumber:string(0,0)&field=wheelchair:string(0,0)&field=website:string(0,0)&field=ref%3AFR%3ASIRET:string(0,0)&field=name:string(0,0)&uid={4518d7bb-bdbd-4c09-8855-e4ec48aa2337}" }, "geometry": { "type": "Point", "coordinates": [ -2.7552168, 47.6591395 ] } },
{ "type": "Feature", "properties": { "full_id": "n9339806105", "osm_id": "9339806105", "osm_type": "node", "shop": "weapons", "check_date": null, "operator": null, "email": null, "disused:shop": null, "wheelchair": null, "contact:website": null, "building:levels": null, "survey:date": null, "addr:street": "Quai de la Loire", "addr:housenumber": "36", "phone": null, "ref:FR:SIREN": null, "contact:housenumber": null, "contact:fax": null, "contact:email": null, "addr:postcode": "37540", "addr:city": "Saint-Cyr-sur-Loire", "ref:vatin": null, "ref:FR:NAF": null, "opening_hours": null, "contact:street": null, "contact:postcode": null, "contact:phone": null, "contact:facebook": null, "contact:city": null, "ref:FR:SIRET": null, "website": null, "type": null, "name": "Arquebuse", "building": null, "contact:instagram": null, "panoramax": null, "min_age": null, "check_date:panoramax": null, "sport": null, "payment:cards": null, "image": null, "clothes": null, "club": null, "second_hand": null, "phone:mobile": null, "harassment_prevention": null, "contact:mobile": "+33 6 80 43 02 22", "source:name:br": null, "name:br": null, "drive_through": null, "delivery": null, "currency:EUR": null, "start_date": null, "payment:cash": null, "addr:country": null, "entrance": null, "payment:debit_cards": null, "payment:credit_cards": null, "payment:visa": null, "payment:paypal": null, "payment:mastercard": null, "payment:maestro": null, "payment:cheque": null, "payment:cb": null, "facebook": null, "description": null, "wheelchair:entrance_width": null, "wheelchair:description": null, "short_name": null, "social_facility:for": null, "opening_hours:signed": null, "official_name": null, "check_date:opening_hours": null, "level": null, "amenity": null, "fax": null, "layer": "shop_weapons_France", "path": "Point?crs=EPSG:4326&field=full_id:string(0,0)&field=osm_id:string(0,0)&field=osm_type:string(0,0)&field=shop:string(0,0)&field=contact%3Ainstagram:string(0,0)&field=panoramax:string(0,0)&field=min_age:string(0,0)&field=check_date%3Apanoramax:string(0,0)&field=sport:string(0,0)&field=payment%3Acards:string(0,0)&field=image:string(0,0)&field=clothes:string(0,0)&field=type:string(0,0)&field=club:string(0,0)&field=second_hand:string(0,0)&field=ref%3AFR%3ASIREN:string(0,0)&field=phone%3Amobile:string(0,0)&field=harassment_prevention:string(0,0)&field=contact%3Amobile:string(0,0)&field=source%3Aname%3Abr:string(0,0)&field=name%3Abr:string(0,0)&field=drive_through:string(0,0)&field=delivery:string(0,0)&field=currency%3AEUR:string(0,0)&field=start_date:string(0,0)&field=contact%3Afacebook:string(0,0)&field=payment%3Acash:string(0,0)&field=addr%3Acountry:string(0,0)&field=entrance:string(0,0)&field=payment%3Adebit_cards:string(0,0)&field=payment%3Acredit_cards:string(0,0)&field=ref%3AFR%3ANAF:string(0,0)&field=payment%3Avisa:string(0,0)&field=payment%3Apaypal:string(0,0)&field=payment%3Amastercard:string(0,0)&field=payment%3Amaestro:string(0,0)&field=payment%3Acheque:string(0,0)&field=payment%3Acb:string(0,0)&field=facebook:string(0,0)&field=contact%3Aemail:string(0,0)&field=contact%3Aphone:string(0,0)&field=operator:string(0,0)&field=description:string(0,0)&field=wheelchair%3Aentrance_width:string(0,0)&field=wheelchair%3Adescription:string(0,0)&field=short_name:string(0,0)&field=social_facility%3Afor:string(0,0)&field=addr%3Acity:string(0,0)&field=opening_hours%3Asigned:string(0,0)&field=official_name:string(0,0)&field=check_date%3Aopening_hours:string(0,0)&field=level:string(0,0)&field=amenity:string(0,0)&field=survey%3Adate:string(0,0)&field=opening_hours:string(0,0)&field=fax:string(0,0)&field=email:string(0,0)&field=contact%3Awebsite:string(0,0)&field=contact%3Apostcode:string(0,0)&field=contact%3Acity:string(0,0)&field=contact%3Astreet:string(0,0)&field=contact%3Ahousenumber:string(0,0)&field=check_date:string(0,0)&field=phone:string(0,0)&field=addr%3Astreet:string(0,0)&field=addr%3Apostcode:string(0,0)&field=addr%3Ahousenumber:string(0,0)&field=wheelchair:string(0,0)&field=website:string(0,0)&field=ref%3AFR%3ASIRET:string(0,0)&field=name:string(0,0)&uid={4518d7bb-bdbd-4c09-8855-e4ec48aa2337}" }, "geometry": { "type": "Point", "coordinates": [ 0.6675051, 47.3976235 ] } },
{ "type": "Feature", "properties": { "full_id": "n9424808039", "osm_id": "9424808039", "osm_type": "node", "shop": "weapons", "check_date": null, "operator": null, "email": null, "disused:shop": null, "wheelchair": null, "contact:website": null, "building:levels": null, "survey:date": null, "addr:street": null, "addr:housenumber": null, "phone": null, "ref:FR:SIREN": null, "contact:housenumber": null, "contact:fax": null, "contact:email": null, "addr:postcode": null, "addr:city": null, "ref:vatin": null, "ref:FR:NAF": null, "opening_hours": null, "contact:street": null, "contact:postcode": null, "contact:phone": null, "contact:facebook": null, "contact:city": null, "ref:FR:SIRET": null, "website": null, "type": null, "name": "Armurerie Le Goupil", "building": null, "contact:instagram": null, "panoramax": null, "min_age": null, "check_date:panoramax": null, "sport": null, "payment:cards": null, "image": null, "clothes": null, "club": null, "second_hand": null, "phone:mobile": null, "harassment_prevention": null, "contact:mobile": null, "source:name:br": null, "name:br": null, "drive_through": null, "delivery": null, "currency:EUR": null, "start_date": null, "payment:cash": null, "addr:country": null, "entrance": null, "payment:debit_cards": null, "payment:credit_cards": null, "payment:visa": null, "payment:paypal": null, "payment:mastercard": null, "payment:maestro": null, "payment:cheque": null, "payment:cb": null, "facebook": null, "description": null, "wheelchair:entrance_width": null, "wheelchair:description": null, "short_name": null, "social_facility:for": null, "opening_hours:signed": null, "official_name": null, "check_date:opening_hours": null, "level": null, "amenity": null, "fax": null, "layer": "shop_weapons_France", "path": "Point?crs=EPSG:4326&field=full_id:string(0,0)&field=osm_id:string(0,0)&field=osm_type:string(0,0)&field=shop:string(0,0)&field=contact%3Ainstagram:string(0,0)&field=panoramax:string(0,0)&field=min_age:string(0,0)&field=check_date%3Apanoramax:string(0,0)&field=sport:string(0,0)&field=payment%3Acards:string(0,0)&field=image:string(0,0)&field=clothes:string(0,0)&field=type:string(0,0)&field=club:string(0,0)&field=second_hand:string(0,0)&field=ref%3AFR%3ASIREN:string(0,0)&field=phone%3Amobile:string(0,0)&field=harassment_prevention:string(0,0)&field=contact%3Amobile:string(0,0)&field=source%3Aname%3Abr:string(0,0)&field=name%3Abr:string(0,0)&field=drive_through:string(0,0)&field=delivery:string(0,0)&field=currency%3AEUR:string(0,0)&field=start_date:string(0,0)&field=contact%3Afacebook:string(0,0)&field=payment%3Acash:string(0,0)&field=addr%3Acountry:string(0,0)&field=entrance:string(0,0)&field=payment%3Adebit_cards:string(0,0)&field=payment%3Acredit_cards:string(0,0)&field=ref%3AFR%3ANAF:string(0,0)&field=payment%3Avisa:string(0,0)&field=payment%3Apaypal:string(0,0)&field=payment%3Amastercard:string(0,0)&field=payment%3Amaestro:string(0,0)&field=payment%3Acheque:string(0,0)&field=payment%3Acb:string(0,0)&field=facebook:string(0,0)&field=contact%3Aemail:string(0,0)&field=contact%3Aphone:string(0,0)&field=operator:string(0,0)&field=description:string(0,0)&field=wheelchair%3Aentrance_width:string(0,0)&field=wheelchair%3Adescription:string(0,0)&field=short_name:string(0,0)&field=social_facility%3Afor:string(0,0)&field=addr%3Acity:string(0,0)&field=opening_hours%3Asigned:string(0,0)&field=official_name:string(0,0)&field=check_date%3Aopening_hours:string(0,0)&field=level:string(0,0)&field=amenity:string(0,0)&field=survey%3Adate:string(0,0)&field=opening_hours:string(0,0)&field=fax:string(0,0)&field=email:string(0,0)&field=contact%3Awebsite:string(0,0)&field=contact%3Apostcode:string(0,0)&field=contact%3Acity:string(0,0)&field=contact%3Astreet:string(0,0)&field=contact%3Ahousenumber:string(0,0)&field=check_date:string(0,0)&field=phone:string(0,0)&field=addr%3Astreet:string(0,0)&field=addr%3Apostcode:string(0,0)&field=addr%3Ahousenumber:string(0,0)&field=wheelchair:string(0,0)&field=website:string(0,0)&field=ref%3AFR%3ASIRET:string(0,0)&field=name:string(0,0)&uid={4518d7bb-bdbd-4c09-8855-e4ec48aa2337}" }, "geometry": { "type": "Point", "coordinates": [ 6.2368046, 45.7733757 ] } },
{ "type": "Feature", "properties": { "full_id": "n9426779805", "osm_id": "9426779805", "osm_type": "node", "shop": "weapons", "check_date": null, "operator": null, "email": null, "disused:shop": null, "wheelchair": null, "contact:website": null, "building:levels": null, "survey:date": null, "addr:street": null, "addr:housenumber": null, "phone": null, "ref:FR:SIREN": null, "contact:housenumber": "8", "contact:fax": null, "contact:email": null, "addr:postcode": null, "addr:city": null, "ref:vatin": null, "ref:FR:NAF": null, "opening_hours": null, "contact:street": "Rue de Saint-Quentin", "contact:postcode": "75010", "contact:phone": "+33 1 40 37 37 17", "contact:facebook": null, "contact:city": "Paris", "ref:FR:SIRET": null, "website": null, "type": null, "name": "Armurerie de la Gare du Nord", "building": null, "contact:instagram": null, "panoramax": null, "min_age": null, "check_date:panoramax": null, "sport": null, "payment:cards": null, "image": null, "clothes": null, "club": null, "second_hand": null, "phone:mobile": null, "harassment_prevention": null, "contact:mobile": null, "source:name:br": null, "name:br": null, "drive_through": null, "delivery": null, "currency:EUR": null, "start_date": null, "payment:cash": null, "addr:country": null, "entrance": null, "payment:debit_cards": null, "payment:credit_cards": null, "payment:visa": null, "payment:paypal": null, "payment:mastercard": null, "payment:maestro": null, "payment:cheque": null, "payment:cb": null, "facebook": null, "description": null, "wheelchair:entrance_width": null, "wheelchair:description": null, "short_name": null, "social_facility:for": null, "opening_hours:signed": null, "official_name": null, "check_date:opening_hours": null, "level": "0", "amenity": null, "fax": null, "layer": "shop_weapons_France", "path": "Point?crs=EPSG:4326&field=full_id:string(0,0)&field=osm_id:string(0,0)&field=osm_type:string(0,0)&field=shop:string(0,0)&field=contact%3Ainstagram:string(0,0)&field=panoramax:string(0,0)&field=min_age:string(0,0)&field=check_date%3Apanoramax:string(0,0)&field=sport:string(0,0)&field=payment%3Acards:string(0,0)&field=image:string(0,0)&field=clothes:string(0,0)&field=type:string(0,0)&field=club:string(0,0)&field=second_hand:string(0,0)&field=ref%3AFR%3ASIREN:string(0,0)&field=phone%3Amobile:string(0,0)&field=harassment_prevention:string(0,0)&field=contact%3Amobile:string(0,0)&field=source%3Aname%3Abr:string(0,0)&field=name%3Abr:string(0,0)&field=drive_through:string(0,0)&field=delivery:string(0,0)&field=currency%3AEUR:string(0,0)&field=start_date:string(0,0)&field=contact%3Afacebook:string(0,0)&field=payment%3Acash:string(0,0)&field=addr%3Acountry:string(0,0)&field=entrance:string(0,0)&field=payment%3Adebit_cards:string(0,0)&field=payment%3Acredit_cards:string(0,0)&field=ref%3AFR%3ANAF:string(0,0)&field=payment%3Avisa:string(0,0)&field=payment%3Apaypal:string(0,0)&field=payment%3Amastercard:string(0,0)&field=payment%3Amaestro:string(0,0)&field=payment%3Acheque:string(0,0)&field=payment%3Acb:string(0,0)&field=facebook:string(0,0)&field=contact%3Aemail:string(0,0)&field=contact%3Aphone:string(0,0)&field=operator:string(0,0)&field=description:string(0,0)&field=wheelchair%3Aentrance_width:string(0,0)&field=wheelchair%3Adescription:string(0,0)&field=short_name:string(0,0)&field=social_facility%3Afor:string(0,0)&field=addr%3Acity:string(0,0)&field=opening_hours%3Asigned:string(0,0)&field=official_name:string(0,0)&field=check_date%3Aopening_hours:string(0,0)&field=level:string(0,0)&field=amenity:string(0,0)&field=survey%3Adate:string(0,0)&field=opening_hours:string(0,0)&field=fax:string(0,0)&field=email:string(0,0)&field=contact%3Awebsite:string(0,0)&field=contact%3Apostcode:string(0,0)&field=contact%3Acity:string(0,0)&field=contact%3Astreet:string(0,0)&field=contact%3Ahousenumber:string(0,0)&field=check_date:string(0,0)&field=phone:string(0,0)&field=addr%3Astreet:string(0,0)&field=addr%3Apostcode:string(0,0)&field=addr%3Ahousenumber:string(0,0)&field=wheelchair:string(0,0)&field=website:string(0,0)&field=ref%3AFR%3ASIRET:string(0,0)&field=name:string(0,0)&uid={4518d7bb-bdbd-4c09-8855-e4ec48aa2337}" }, "geometry": { "type": "Point", "coordinates": [ 2.3555816, 48.8775308 ] } },
{ "type": "Feature", "properties": { "full_id": "n9469198717", "osm_id": "9469198717", "osm_type": "node", "shop": "weapons", "check_date": null, "operator": "Sylvain Jollet", "email": null, "disused:shop": null, "wheelchair": null, "contact:website": null, "building:levels": null, "survey:date": "2022-02-02", "addr:street": "Avenue Gambetta", "addr:housenumber": "2", "phone": null, "ref:FR:SIREN": null, "contact:housenumber": null, "contact:fax": null, "contact:email": "armurerie-jonzacaise@orange.fr", "addr:postcode": null, "addr:city": null, "ref:vatin": null, "ref:FR:NAF": null, "opening_hours": null, "contact:street": null, "contact:postcode": null, "contact:phone": "+33 5 46 49 27 57", "contact:facebook": "ArmurerieJonzacaise", "contact:city": null, "ref:FR:SIRET": "48875444100019", "website": null, "type": null, "name": "Armurerie Jonzacaise", "building": null, "contact:instagram": null, "panoramax": null, "min_age": null, "check_date:panoramax": null, "sport": null, "payment:cards": null, "image": null, "clothes": null, "club": null, "second_hand": null, "phone:mobile": null, "harassment_prevention": null, "contact:mobile": null, "source:name:br": null, "name:br": null, "drive_through": null, "delivery": null, "currency:EUR": null, "start_date": null, "payment:cash": null, "addr:country": null, "entrance": null, "payment:debit_cards": null, "payment:credit_cards": null, "payment:visa": null, "payment:paypal": null, "payment:mastercard": null, "payment:maestro": null, "payment:cheque": null, "payment:cb": null, "facebook": null, "description": null, "wheelchair:entrance_width": null, "wheelchair:description": null, "short_name": null, "social_facility:for": null, "opening_hours:signed": "no", "official_name": null, "check_date:opening_hours": "2023-01-11", "level": null, "amenity": null, "fax": null, "layer": "shop_weapons_France", "path": "Point?crs=EPSG:4326&field=full_id:string(0,0)&field=osm_id:string(0,0)&field=osm_type:string(0,0)&field=shop:string(0,0)&field=contact%3Ainstagram:string(0,0)&field=panoramax:string(0,0)&field=min_age:string(0,0)&field=check_date%3Apanoramax:string(0,0)&field=sport:string(0,0)&field=payment%3Acards:string(0,0)&field=image:string(0,0)&field=clothes:string(0,0)&field=type:string(0,0)&field=club:string(0,0)&field=second_hand:string(0,0)&field=ref%3AFR%3ASIREN:string(0,0)&field=phone%3Amobile:string(0,0)&field=harassment_prevention:string(0,0)&field=contact%3Amobile:string(0,0)&field=source%3Aname%3Abr:string(0,0)&field=name%3Abr:string(0,0)&field=drive_through:string(0,0)&field=delivery:string(0,0)&field=currency%3AEUR:string(0,0)&field=start_date:string(0,0)&field=contact%3Afacebook:string(0,0)&field=payment%3Acash:string(0,0)&field=addr%3Acountry:string(0,0)&field=entrance:string(0,0)&field=payment%3Adebit_cards:string(0,0)&field=payment%3Acredit_cards:string(0,0)&field=ref%3AFR%3ANAF:string(0,0)&field=payment%3Avisa:string(0,0)&field=payment%3Apaypal:string(0,0)&field=payment%3Amastercard:string(0,0)&field=payment%3Amaestro:string(0,0)&field=payment%3Acheque:string(0,0)&field=payment%3Acb:string(0,0)&field=facebook:string(0,0)&field=contact%3Aemail:string(0,0)&field=contact%3Aphone:string(0,0)&field=operator:string(0,0)&field=description:string(0,0)&field=wheelchair%3Aentrance_width:string(0,0)&field=wheelchair%3Adescription:string(0,0)&field=short_name:string(0,0)&field=social_facility%3Afor:string(0,0)&field=addr%3Acity:string(0,0)&field=opening_hours%3Asigned:string(0,0)&field=official_name:string(0,0)&field=check_date%3Aopening_hours:string(0,0)&field=level:string(0,0)&field=amenity:string(0,0)&field=survey%3Adate:string(0,0)&field=opening_hours:string(0,0)&field=fax:string(0,0)&field=email:string(0,0)&field=contact%3Awebsite:string(0,0)&field=contact%3Apostcode:string(0,0)&field=contact%3Acity:string(0,0)&field=contact%3Astreet:string(0,0)&field=contact%3Ahousenumber:string(0,0)&field=check_date:string(0,0)&field=phone:string(0,0)&field=addr%3Astreet:string(0,0)&field=addr%3Apostcode:string(0,0)&field=addr%3Ahousenumber:string(0,0)&field=wheelchair:string(0,0)&field=website:string(0,0)&field=ref%3AFR%3ASIRET:string(0,0)&field=name:string(0,0)&uid={4518d7bb-bdbd-4c09-8855-e4ec48aa2337}" }, "geometry": { "type": "Point", "coordinates": [ -0.4374594, 45.4414884 ] } },
{ "type": "Feature", "properties": { "full_id": "n9513989250", "osm_id": "9513989250", "osm_type": "node", "shop": "weapons", "check_date": null, "operator": null, "email": null, "disused:shop": null, "wheelchair": null, "contact:website": null, "building:levels": null, "survey:date": null, "addr:street": "Avenue Eiffel", "addr:housenumber": "120", "phone": "+33 5 57 94 49 62", "ref:FR:SIREN": null, "contact:housenumber": null, "contact:fax": null, "contact:email": null, "addr:postcode": "33240", "addr:city": "Saint-André-de-Cubzac", "ref:vatin": null, "ref:FR:NAF": null, "opening_hours": "Tu-Sa 09:00-12:00,14:00-19:00", "contact:street": null, "contact:postcode": null, "contact:phone": null, "contact:facebook": null, "contact:city": null, "ref:FR:SIRET": null, "website": "https://www.armureriedeshautsdegironde.com/", "type": null, "name": "Armurie des hauts de gironde", "building": null, "contact:instagram": null, "panoramax": null, "min_age": null, "check_date:panoramax": null, "sport": null, "payment:cards": null, "image": null, "clothes": null, "club": null, "second_hand": null, "phone:mobile": null, "harassment_prevention": null, "contact:mobile": null, "source:name:br": null, "name:br": null, "drive_through": null, "delivery": null, "currency:EUR": null, "start_date": null, "payment:cash": null, "addr:country": null, "entrance": null, "payment:debit_cards": null, "payment:credit_cards": null, "payment:visa": null, "payment:paypal": null, "payment:mastercard": null, "payment:maestro": null, "payment:cheque": null, "payment:cb": null, "facebook": null, "description": null, "wheelchair:entrance_width": null, "wheelchair:description": null, "short_name": null, "social_facility:for": null, "opening_hours:signed": null, "official_name": null, "check_date:opening_hours": null, "level": null, "amenity": null, "fax": null, "layer": "shop_weapons_France", "path": "Point?crs=EPSG:4326&field=full_id:string(0,0)&field=osm_id:string(0,0)&field=osm_type:string(0,0)&field=shop:string(0,0)&field=contact%3Ainstagram:string(0,0)&field=panoramax:string(0,0)&field=min_age:string(0,0)&field=check_date%3Apanoramax:string(0,0)&field=sport:string(0,0)&field=payment%3Acards:string(0,0)&field=image:string(0,0)&field=clothes:string(0,0)&field=type:string(0,0)&field=club:string(0,0)&field=second_hand:string(0,0)&field=ref%3AFR%3ASIREN:string(0,0)&field=phone%3Amobile:string(0,0)&field=harassment_prevention:string(0,0)&field=contact%3Amobile:string(0,0)&field=source%3Aname%3Abr:string(0,0)&field=name%3Abr:string(0,0)&field=drive_through:string(0,0)&field=delivery:string(0,0)&field=currency%3AEUR:string(0,0)&field=start_date:string(0,0)&field=contact%3Afacebook:string(0,0)&field=payment%3Acash:string(0,0)&field=addr%3Acountry:string(0,0)&field=entrance:string(0,0)&field=payment%3Adebit_cards:string(0,0)&field=payment%3Acredit_cards:string(0,0)&field=ref%3AFR%3ANAF:string(0,0)&field=payment%3Avisa:string(0,0)&field=payment%3Apaypal:string(0,0)&field=payment%3Amastercard:string(0,0)&field=payment%3Amaestro:string(0,0)&field=payment%3Acheque:string(0,0)&field=payment%3Acb:string(0,0)&field=facebook:string(0,0)&field=contact%3Aemail:string(0,0)&field=contact%3Aphone:string(0,0)&field=operator:string(0,0)&field=description:string(0,0)&field=wheelchair%3Aentrance_width:string(0,0)&field=wheelchair%3Adescription:string(0,0)&field=short_name:string(0,0)&field=social_facility%3Afor:string(0,0)&field=addr%3Acity:string(0,0)&field=opening_hours%3Asigned:string(0,0)&field=official_name:string(0,0)&field=check_date%3Aopening_hours:string(0,0)&field=level:string(0,0)&field=amenity:string(0,0)&field=survey%3Adate:string(0,0)&field=opening_hours:string(0,0)&field=fax:string(0,0)&field=email:string(0,0)&field=contact%3Awebsite:string(0,0)&field=contact%3Apostcode:string(0,0)&field=contact%3Acity:string(0,0)&field=contact%3Astreet:string(0,0)&field=contact%3Ahousenumber:string(0,0)&field=check_date:string(0,0)&field=phone:string(0,0)&field=addr%3Astreet:string(0,0)&field=addr%3Apostcode:string(0,0)&field=addr%3Ahousenumber:string(0,0)&field=wheelchair:string(0,0)&field=website:string(0,0)&field=ref%3AFR%3ASIRET:string(0,0)&field=name:string(0,0)&uid={4518d7bb-bdbd-4c09-8855-e4ec48aa2337}" }, "geometry": { "type": "Point", "coordinates": [ -0.4355995, 45.0074309 ] } },
{ "type": "Feature", "properties": { "full_id": "n9563119681", "osm_id": "9563119681", "osm_type": "node", "shop": "weapons", "check_date": null, "operator": null, "email": null, "disused:shop": null, "wheelchair": null, "contact:website": null, "building:levels": null, "survey:date": null, "addr:street": "Route de Chauny", "addr:housenumber": "49", "phone": "+33 323571590", "ref:FR:SIREN": null, "contact:housenumber": null, "contact:fax": null, "contact:email": null, "addr:postcode": "02700", "addr:city": "Condren", "ref:vatin": null, "ref:FR:NAF": null, "opening_hours": null, "contact:street": null, "contact:postcode": null, "contact:phone": null, "contact:facebook": null, "contact:city": null, "ref:FR:SIRET": null, "website": "https://armurerie-fleury.com/", "type": null, "name": "Armurerie Fleury", "building": null, "contact:instagram": null, "panoramax": null, "min_age": null, "check_date:panoramax": null, "sport": null, "payment:cards": null, "image": null, "clothes": null, "club": null, "second_hand": null, "phone:mobile": null, "harassment_prevention": null, "contact:mobile": null, "source:name:br": null, "name:br": null, "drive_through": null, "delivery": null, "currency:EUR": null, "start_date": null, "payment:cash": null, "addr:country": null, "entrance": null, "payment:debit_cards": null, "payment:credit_cards": "yes", "payment:visa": null, "payment:paypal": null, "payment:mastercard": null, "payment:maestro": null, "payment:cheque": null, "payment:cb": null, "facebook": null, "description": null, "wheelchair:entrance_width": null, "wheelchair:description": null, "short_name": null, "social_facility:for": null, "opening_hours:signed": null, "official_name": null, "check_date:opening_hours": null, "level": null, "amenity": null, "fax": null, "layer": "shop_weapons_France", "path": "Point?crs=EPSG:4326&field=full_id:string(0,0)&field=osm_id:string(0,0)&field=osm_type:string(0,0)&field=shop:string(0,0)&field=contact%3Ainstagram:string(0,0)&field=panoramax:string(0,0)&field=min_age:string(0,0)&field=check_date%3Apanoramax:string(0,0)&field=sport:string(0,0)&field=payment%3Acards:string(0,0)&field=image:string(0,0)&field=clothes:string(0,0)&field=type:string(0,0)&field=club:string(0,0)&field=second_hand:string(0,0)&field=ref%3AFR%3ASIREN:string(0,0)&field=phone%3Amobile:string(0,0)&field=harassment_prevention:string(0,0)&field=contact%3Amobile:string(0,0)&field=source%3Aname%3Abr:string(0,0)&field=name%3Abr:string(0,0)&field=drive_through:string(0,0)&field=delivery:string(0,0)&field=currency%3AEUR:string(0,0)&field=start_date:string(0,0)&field=contact%3Afacebook:string(0,0)&field=payment%3Acash:string(0,0)&field=addr%3Acountry:string(0,0)&field=entrance:string(0,0)&field=payment%3Adebit_cards:string(0,0)&field=payment%3Acredit_cards:string(0,0)&field=ref%3AFR%3ANAF:string(0,0)&field=payment%3Avisa:string(0,0)&field=payment%3Apaypal:string(0,0)&field=payment%3Amastercard:string(0,0)&field=payment%3Amaestro:string(0,0)&field=payment%3Acheque:string(0,0)&field=payment%3Acb:string(0,0)&field=facebook:string(0,0)&field=contact%3Aemail:string(0,0)&field=contact%3Aphone:string(0,0)&field=operator:string(0,0)&field=description:string(0,0)&field=wheelchair%3Aentrance_width:string(0,0)&field=wheelchair%3Adescription:string(0,0)&field=short_name:string(0,0)&field=social_facility%3Afor:string(0,0)&field=addr%3Acity:string(0,0)&field=opening_hours%3Asigned:string(0,0)&field=official_name:string(0,0)&field=check_date%3Aopening_hours:string(0,0)&field=level:string(0,0)&field=amenity:string(0,0)&field=survey%3Adate:string(0,0)&field=opening_hours:string(0,0)&field=fax:string(0,0)&field=email:string(0,0)&field=contact%3Awebsite:string(0,0)&field=contact%3Apostcode:string(0,0)&field=contact%3Acity:string(0,0)&field=contact%3Astreet:string(0,0)&field=contact%3Ahousenumber:string(0,0)&field=check_date:string(0,0)&field=phone:string(0,0)&field=addr%3Astreet:string(0,0)&field=addr%3Apostcode:string(0,0)&field=addr%3Ahousenumber:string(0,0)&field=wheelchair:string(0,0)&field=website:string(0,0)&field=ref%3AFR%3ASIRET:string(0,0)&field=name:string(0,0)&uid={4518d7bb-bdbd-4c09-8855-e4ec48aa2337}" }, "geometry": { "type": "Point", "coordinates": [ 3.2700721, 49.6464147 ] } },
{ "type": "Feature", "properties": { "full_id": "n9563153653", "osm_id": "9563153653", "osm_type": "node", "shop": "weapons", "check_date": null, "operator": null, "email": null, "disused:shop": null, "wheelchair": null, "contact:website": null, "building:levels": null, "survey:date": null, "addr:street": "Rue du Maréchal Leclerc", "addr:housenumber": "10", "phone": "+33 3 44 30 88 59", "ref:FR:SIREN": null, "contact:housenumber": null, "contact:fax": null, "contact:email": null, "addr:postcode": "60400", "addr:city": "Noyon", "ref:vatin": null, "ref:FR:NAF": null, "opening_hours": "Tu-Fr 09:30-12:30,13:30-18:30; Sa 09:30-18:00; Mo,Su off", "contact:street": null, "contact:postcode": null, "contact:phone": null, "contact:facebook": null, "contact:city": null, "ref:FR:SIRET": null, "website": "https://armureriecameron.com/", "type": null, "name": "Armurerie Cameron", "building": null, "contact:instagram": null, "panoramax": null, "min_age": null, "check_date:panoramax": null, "sport": null, "payment:cards": null, "image": null, "clothes": null, "club": null, "second_hand": null, "phone:mobile": null, "harassment_prevention": null, "contact:mobile": null, "source:name:br": null, "name:br": null, "drive_through": null, "delivery": null, "currency:EUR": null, "start_date": null, "payment:cash": null, "addr:country": null, "entrance": null, "payment:debit_cards": null, "payment:credit_cards": "yes", "payment:visa": null, "payment:paypal": null, "payment:mastercard": null, "payment:maestro": null, "payment:cheque": null, "payment:cb": null, "facebook": null, "description": null, "wheelchair:entrance_width": null, "wheelchair:description": null, "short_name": null, "social_facility:for": null, "opening_hours:signed": null, "official_name": null, "check_date:opening_hours": null, "level": null, "amenity": null, "fax": null, "layer": "shop_weapons_France", "path": "Point?crs=EPSG:4326&field=full_id:string(0,0)&field=osm_id:string(0,0)&field=osm_type:string(0,0)&field=shop:string(0,0)&field=contact%3Ainstagram:string(0,0)&field=panoramax:string(0,0)&field=min_age:string(0,0)&field=check_date%3Apanoramax:string(0,0)&field=sport:string(0,0)&field=payment%3Acards:string(0,0)&field=image:string(0,0)&field=clothes:string(0,0)&field=type:string(0,0)&field=club:string(0,0)&field=second_hand:string(0,0)&field=ref%3AFR%3ASIREN:string(0,0)&field=phone%3Amobile:string(0,0)&field=harassment_prevention:string(0,0)&field=contact%3Amobile:string(0,0)&field=source%3Aname%3Abr:string(0,0)&field=name%3Abr:string(0,0)&field=drive_through:string(0,0)&field=delivery:string(0,0)&field=currency%3AEUR:string(0,0)&field=start_date:string(0,0)&field=contact%3Afacebook:string(0,0)&field=payment%3Acash:string(0,0)&field=addr%3Acountry:string(0,0)&field=entrance:string(0,0)&field=payment%3Adebit_cards:string(0,0)&field=payment%3Acredit_cards:string(0,0)&field=ref%3AFR%3ANAF:string(0,0)&field=payment%3Avisa:string(0,0)&field=payment%3Apaypal:string(0,0)&field=payment%3Amastercard:string(0,0)&field=payment%3Amaestro:string(0,0)&field=payment%3Acheque:string(0,0)&field=payment%3Acb:string(0,0)&field=facebook:string(0,0)&field=contact%3Aemail:string(0,0)&field=contact%3Aphone:string(0,0)&field=operator:string(0,0)&field=description:string(0,0)&field=wheelchair%3Aentrance_width:string(0,0)&field=wheelchair%3Adescription:string(0,0)&field=short_name:string(0,0)&field=social_facility%3Afor:string(0,0)&field=addr%3Acity:string(0,0)&field=opening_hours%3Asigned:string(0,0)&field=official_name:string(0,0)&field=check_date%3Aopening_hours:string(0,0)&field=level:string(0,0)&field=amenity:string(0,0)&field=survey%3Adate:string(0,0)&field=opening_hours:string(0,0)&field=fax:string(0,0)&field=email:string(0,0)&field=contact%3Awebsite:string(0,0)&field=contact%3Apostcode:string(0,0)&field=contact%3Acity:string(0,0)&field=contact%3Astreet:string(0,0)&field=contact%3Ahousenumber:string(0,0)&field=check_date:string(0,0)&field=phone:string(0,0)&field=addr%3Astreet:string(0,0)&field=addr%3Apostcode:string(0,0)&field=addr%3Ahousenumber:string(0,0)&field=wheelchair:string(0,0)&field=website:string(0,0)&field=ref%3AFR%3ASIRET:string(0,0)&field=name:string(0,0)&uid={4518d7bb-bdbd-4c09-8855-e4ec48aa2337}" }, "geometry": { "type": "Point", "coordinates": [ 3.0046032, 49.5822544 ] } },
{ "type": "Feature", "properties": { "full_id": "n9566428594", "osm_id": "9566428594", "osm_type": "node", "shop": "weapons", "check_date": null, "operator": null, "email": "boucher-vincent@orange.fr", "disused:shop": null, "wheelchair": null, "contact:website": null, "building:levels": null, "survey:date": null, "addr:street": null, "addr:housenumber": null, "phone": "+33 3 22 46 63 07", "ref:FR:SIREN": null, "contact:housenumber": null, "contact:fax": null, "contact:email": null, "addr:postcode": null, "addr:city": null, "ref:vatin": null, "ref:FR:NAF": null, "opening_hours": null, "contact:street": null, "contact:postcode": null, "contact:phone": null, "contact:facebook": null, "contact:city": null, "ref:FR:SIRET": "80424699900010", "website": "https://vincent-boucher.fr/", "type": null, "name": "La Sauvagine", "building": null, "contact:instagram": null, "panoramax": null, "min_age": null, "check_date:panoramax": null, "sport": null, "payment:cards": null, "image": null, "clothes": null, "club": null, "second_hand": null, "phone:mobile": null, "harassment_prevention": null, "contact:mobile": null, "source:name:br": null, "name:br": null, "drive_through": null, "delivery": null, "currency:EUR": null, "start_date": null, "payment:cash": null, "addr:country": null, "entrance": null, "payment:debit_cards": null, "payment:credit_cards": null, "payment:visa": null, "payment:paypal": null, "payment:mastercard": null, "payment:maestro": null, "payment:cheque": null, "payment:cb": null, "facebook": null, "description": null, "wheelchair:entrance_width": null, "wheelchair:description": null, "short_name": null, "social_facility:for": null, "opening_hours:signed": null, "official_name": null, "check_date:opening_hours": null, "level": null, "amenity": null, "fax": "+33 3 22 46 63 07", "layer": "shop_weapons_France", "path": "Point?crs=EPSG:4326&field=full_id:string(0,0)&field=osm_id:string(0,0)&field=osm_type:string(0,0)&field=shop:string(0,0)&field=contact%3Ainstagram:string(0,0)&field=panoramax:string(0,0)&field=min_age:string(0,0)&field=check_date%3Apanoramax:string(0,0)&field=sport:string(0,0)&field=payment%3Acards:string(0,0)&field=image:string(0,0)&field=clothes:string(0,0)&field=type:string(0,0)&field=club:string(0,0)&field=second_hand:string(0,0)&field=ref%3AFR%3ASIREN:string(0,0)&field=phone%3Amobile:string(0,0)&field=harassment_prevention:string(0,0)&field=contact%3Amobile:string(0,0)&field=source%3Aname%3Abr:string(0,0)&field=name%3Abr:string(0,0)&field=drive_through:string(0,0)&field=delivery:string(0,0)&field=currency%3AEUR:string(0,0)&field=start_date:string(0,0)&field=contact%3Afacebook:string(0,0)&field=payment%3Acash:string(0,0)&field=addr%3Acountry:string(0,0)&field=entrance:string(0,0)&field=payment%3Adebit_cards:string(0,0)&field=payment%3Acredit_cards:string(0,0)&field=ref%3AFR%3ANAF:string(0,0)&field=payment%3Avisa:string(0,0)&field=payment%3Apaypal:string(0,0)&field=payment%3Amastercard:string(0,0)&field=payment%3Amaestro:string(0,0)&field=payment%3Acheque:string(0,0)&field=payment%3Acb:string(0,0)&field=facebook:string(0,0)&field=contact%3Aemail:string(0,0)&field=contact%3Aphone:string(0,0)&field=operator:string(0,0)&field=description:string(0,0)&field=wheelchair%3Aentrance_width:string(0,0)&field=wheelchair%3Adescription:string(0,0)&field=short_name:string(0,0)&field=social_facility%3Afor:string(0,0)&field=addr%3Acity:string(0,0)&field=opening_hours%3Asigned:string(0,0)&field=official_name:string(0,0)&field=check_date%3Aopening_hours:string(0,0)&field=level:string(0,0)&field=amenity:string(0,0)&field=survey%3Adate:string(0,0)&field=opening_hours:string(0,0)&field=fax:string(0,0)&field=email:string(0,0)&field=contact%3Awebsite:string(0,0)&field=contact%3Apostcode:string(0,0)&field=contact%3Acity:string(0,0)&field=contact%3Astreet:string(0,0)&field=contact%3Ahousenumber:string(0,0)&field=check_date:string(0,0)&field=phone:string(0,0)&field=addr%3Astreet:string(0,0)&field=addr%3Apostcode:string(0,0)&field=addr%3Ahousenumber:string(0,0)&field=wheelchair:string(0,0)&field=website:string(0,0)&field=ref%3AFR%3ASIRET:string(0,0)&field=name:string(0,0)&uid={4518d7bb-bdbd-4c09-8855-e4ec48aa2337}" }, "geometry": { "type": "Point", "coordinates": [ 2.3229419, 49.8840699 ] } },
{ "type": "Feature", "properties": { "full_id": "n9800865500", "osm_id": "9800865500", "osm_type": "node", "shop": "weapons", "check_date": null, "operator": null, "email": null, "disused:shop": null, "wheelchair": null, "contact:website": null, "building:levels": null, "survey:date": null, "addr:street": "Rue des Dombes", "addr:housenumber": "8", "phone": "+33 4 77 96 40 34", "ref:FR:SIREN": null, "contact:housenumber": null, "contact:fax": null, "contact:email": null, "addr:postcode": "42600", "addr:city": "Montbrison", "ref:vatin": null, "ref:FR:NAF": null, "opening_hours": null, "contact:street": null, "contact:postcode": null, "contact:phone": null, "contact:facebook": null, "contact:city": null, "ref:FR:SIRET": null, "website": "https://a-laffut-de-la-nature.business.site/", "type": null, "name": "A l'affût de la nature", "building": null, "contact:instagram": null, "panoramax": null, "min_age": null, "check_date:panoramax": null, "sport": null, "payment:cards": null, "image": null, "clothes": null, "club": null, "second_hand": null, "phone:mobile": null, "harassment_prevention": null, "contact:mobile": null, "source:name:br": null, "name:br": null, "drive_through": null, "delivery": null, "currency:EUR": null, "start_date": null, "payment:cash": null, "addr:country": null, "entrance": null, "payment:debit_cards": null, "payment:credit_cards": null, "payment:visa": null, "payment:paypal": null, "payment:mastercard": null, "payment:maestro": null, "payment:cheque": null, "payment:cb": null, "facebook": null, "description": null, "wheelchair:entrance_width": null, "wheelchair:description": null, "short_name": null, "social_facility:for": null, "opening_hours:signed": null, "official_name": null, "check_date:opening_hours": null, "level": null, "amenity": null, "fax": null, "layer": "shop_weapons_France", "path": "Point?crs=EPSG:4326&field=full_id:string(0,0)&field=osm_id:string(0,0)&field=osm_type:string(0,0)&field=shop:string(0,0)&field=contact%3Ainstagram:string(0,0)&field=panoramax:string(0,0)&field=min_age:string(0,0)&field=check_date%3Apanoramax:string(0,0)&field=sport:string(0,0)&field=payment%3Acards:string(0,0)&field=image:string(0,0)&field=clothes:string(0,0)&field=type:string(0,0)&field=club:string(0,0)&field=second_hand:string(0,0)&field=ref%3AFR%3ASIREN:string(0,0)&field=phone%3Amobile:string(0,0)&field=harassment_prevention:string(0,0)&field=contact%3Amobile:string(0,0)&field=source%3Aname%3Abr:string(0,0)&field=name%3Abr:string(0,0)&field=drive_through:string(0,0)&field=delivery:string(0,0)&field=currency%3AEUR:string(0,0)&field=start_date:string(0,0)&field=contact%3Afacebook:string(0,0)&field=payment%3Acash:string(0,0)&field=addr%3Acountry:string(0,0)&field=entrance:string(0,0)&field=payment%3Adebit_cards:string(0,0)&field=payment%3Acredit_cards:string(0,0)&field=ref%3AFR%3ANAF:string(0,0)&field=payment%3Avisa:string(0,0)&field=payment%3Apaypal:string(0,0)&field=payment%3Amastercard:string(0,0)&field=payment%3Amaestro:string(0,0)&field=payment%3Acheque:string(0,0)&field=payment%3Acb:string(0,0)&field=facebook:string(0,0)&field=contact%3Aemail:string(0,0)&field=contact%3Aphone:string(0,0)&field=operator:string(0,0)&field=description:string(0,0)&field=wheelchair%3Aentrance_width:string(0,0)&field=wheelchair%3Adescription:string(0,0)&field=short_name:string(0,0)&field=social_facility%3Afor:string(0,0)&field=addr%3Acity:string(0,0)&field=opening_hours%3Asigned:string(0,0)&field=official_name:string(0,0)&field=check_date%3Aopening_hours:string(0,0)&field=level:string(0,0)&field=amenity:string(0,0)&field=survey%3Adate:string(0,0)&field=opening_hours:string(0,0)&field=fax:string(0,0)&field=email:string(0,0)&field=contact%3Awebsite:string(0,0)&field=contact%3Apostcode:string(0,0)&field=contact%3Acity:string(0,0)&field=contact%3Astreet:string(0,0)&field=contact%3Ahousenumber:string(0,0)&field=check_date:string(0,0)&field=phone:string(0,0)&field=addr%3Astreet:string(0,0)&field=addr%3Apostcode:string(0,0)&field=addr%3Ahousenumber:string(0,0)&field=wheelchair:string(0,0)&field=website:string(0,0)&field=ref%3AFR%3ASIRET:string(0,0)&field=name:string(0,0)&uid={4518d7bb-bdbd-4c09-8855-e4ec48aa2337}" }, "geometry": { "type": "Point", "coordinates": [ 4.0827345, 45.5971705 ] } },
{ "type": "Feature", "properties": { "full_id": "n9817777981", "osm_id": "9817777981", "osm_type": "node", "shop": "weapons", "check_date": null, "operator": null, "email": null, "disused:shop": null, "wheelchair": null, "contact:website": null, "building:levels": null, "survey:date": null, "addr:street": null, "addr:housenumber": null, "phone": null, "ref:FR:SIREN": null, "contact:housenumber": null, "contact:fax": null, "contact:email": null, "addr:postcode": null, "addr:city": null, "ref:vatin": null, "ref:FR:NAF": null, "opening_hours": "Mo-Sa 10:00-19:00; PH off", "contact:street": null, "contact:postcode": null, "contact:phone": null, "contact:facebook": null, "contact:city": null, "ref:FR:SIRET": null, "website": null, "type": null, "name": "La Grande Coutellerie", "building": null, "contact:instagram": null, "panoramax": null, "min_age": null, "check_date:panoramax": null, "sport": null, "payment:cards": null, "image": null, "clothes": null, "club": null, "second_hand": null, "phone:mobile": null, "harassment_prevention": null, "contact:mobile": null, "source:name:br": null, "name:br": null, "drive_through": null, "delivery": null, "currency:EUR": null, "start_date": null, "payment:cash": null, "addr:country": null, "entrance": null, "payment:debit_cards": null, "payment:credit_cards": null, "payment:visa": null, "payment:paypal": null, "payment:mastercard": null, "payment:maestro": null, "payment:cheque": null, "payment:cb": null, "facebook": null, "description": null, "wheelchair:entrance_width": null, "wheelchair:description": null, "short_name": null, "social_facility:for": null, "opening_hours:signed": null, "official_name": null, "check_date:opening_hours": null, "level": null, "amenity": null, "fax": null, "layer": "shop_weapons_France", "path": "Point?crs=EPSG:4326&field=full_id:string(0,0)&field=osm_id:string(0,0)&field=osm_type:string(0,0)&field=shop:string(0,0)&field=contact%3Ainstagram:string(0,0)&field=panoramax:string(0,0)&field=min_age:string(0,0)&field=check_date%3Apanoramax:string(0,0)&field=sport:string(0,0)&field=payment%3Acards:string(0,0)&field=image:string(0,0)&field=clothes:string(0,0)&field=type:string(0,0)&field=club:string(0,0)&field=second_hand:string(0,0)&field=ref%3AFR%3ASIREN:string(0,0)&field=phone%3Amobile:string(0,0)&field=harassment_prevention:string(0,0)&field=contact%3Amobile:string(0,0)&field=source%3Aname%3Abr:string(0,0)&field=name%3Abr:string(0,0)&field=drive_through:string(0,0)&field=delivery:string(0,0)&field=currency%3AEUR:string(0,0)&field=start_date:string(0,0)&field=contact%3Afacebook:string(0,0)&field=payment%3Acash:string(0,0)&field=addr%3Acountry:string(0,0)&field=entrance:string(0,0)&field=payment%3Adebit_cards:string(0,0)&field=payment%3Acredit_cards:string(0,0)&field=ref%3AFR%3ANAF:string(0,0)&field=payment%3Avisa:string(0,0)&field=payment%3Apaypal:string(0,0)&field=payment%3Amastercard:string(0,0)&field=payment%3Amaestro:string(0,0)&field=payment%3Acheque:string(0,0)&field=payment%3Acb:string(0,0)&field=facebook:string(0,0)&field=contact%3Aemail:string(0,0)&field=contact%3Aphone:string(0,0)&field=operator:string(0,0)&field=description:string(0,0)&field=wheelchair%3Aentrance_width:string(0,0)&field=wheelchair%3Adescription:string(0,0)&field=short_name:string(0,0)&field=social_facility%3Afor:string(0,0)&field=addr%3Acity:string(0,0)&field=opening_hours%3Asigned:string(0,0)&field=official_name:string(0,0)&field=check_date%3Aopening_hours:string(0,0)&field=level:string(0,0)&field=amenity:string(0,0)&field=survey%3Adate:string(0,0)&field=opening_hours:string(0,0)&field=fax:string(0,0)&field=email:string(0,0)&field=contact%3Awebsite:string(0,0)&field=contact%3Apostcode:string(0,0)&field=contact%3Acity:string(0,0)&field=contact%3Astreet:string(0,0)&field=contact%3Ahousenumber:string(0,0)&field=check_date:string(0,0)&field=phone:string(0,0)&field=addr%3Astreet:string(0,0)&field=addr%3Apostcode:string(0,0)&field=addr%3Ahousenumber:string(0,0)&field=wheelchair:string(0,0)&field=website:string(0,0)&field=ref%3AFR%3ASIRET:string(0,0)&field=name:string(0,0)&uid={4518d7bb-bdbd-4c09-8855-e4ec48aa2337}" }, "geometry": { "type": "Point", "coordinates": [ 2.3254004, 48.8716907 ] } },
{ "type": "Feature", "properties": { "full_id": "n9828288820", "osm_id": "9828288820", "osm_type": "node", "shop": "weapons", "check_date": null, "operator": null, "email": null, "disused:shop": null, "wheelchair": "no", "contact:website": null, "building:levels": null, "survey:date": "2022-08-15", "addr:street": null, "addr:housenumber": null, "phone": null, "ref:FR:SIREN": null, "contact:housenumber": null, "contact:fax": null, "contact:email": null, "addr:postcode": null, "addr:city": null, "ref:vatin": null, "ref:FR:NAF": null, "opening_hours": "Tu-Fr 09:00-12:00,14:00-18:00; Sa 09:00-12:00,14:00-19:00", "contact:street": null, "contact:postcode": null, "contact:phone": null, "contact:facebook": null, "contact:city": null, "ref:FR:SIRET": null, "website": null, "type": null, "name": "Clavier armurier", "building": null, "contact:instagram": null, "panoramax": null, "min_age": null, "check_date:panoramax": null, "sport": null, "payment:cards": null, "image": null, "clothes": null, "club": null, "second_hand": null, "phone:mobile": null, "harassment_prevention": null, "contact:mobile": null, "source:name:br": null, "name:br": null, "drive_through": null, "delivery": null, "currency:EUR": null, "start_date": null, "payment:cash": null, "addr:country": null, "entrance": null, "payment:debit_cards": null, "payment:credit_cards": null, "payment:visa": null, "payment:paypal": null, "payment:mastercard": null, "payment:maestro": null, "payment:cheque": null, "payment:cb": null, "facebook": null, "description": null, "wheelchair:entrance_width": null, "wheelchair:description": null, "short_name": null, "social_facility:for": null, "opening_hours:signed": null, "official_name": null, "check_date:opening_hours": null, "level": null, "amenity": null, "fax": null, "layer": "shop_weapons_France", "path": "Point?crs=EPSG:4326&field=full_id:string(0,0)&field=osm_id:string(0,0)&field=osm_type:string(0,0)&field=shop:string(0,0)&field=contact%3Ainstagram:string(0,0)&field=panoramax:string(0,0)&field=min_age:string(0,0)&field=check_date%3Apanoramax:string(0,0)&field=sport:string(0,0)&field=payment%3Acards:string(0,0)&field=image:string(0,0)&field=clothes:string(0,0)&field=type:string(0,0)&field=club:string(0,0)&field=second_hand:string(0,0)&field=ref%3AFR%3ASIREN:string(0,0)&field=phone%3Amobile:string(0,0)&field=harassment_prevention:string(0,0)&field=contact%3Amobile:string(0,0)&field=source%3Aname%3Abr:string(0,0)&field=name%3Abr:string(0,0)&field=drive_through:string(0,0)&field=delivery:string(0,0)&field=currency%3AEUR:string(0,0)&field=start_date:string(0,0)&field=contact%3Afacebook:string(0,0)&field=payment%3Acash:string(0,0)&field=addr%3Acountry:string(0,0)&field=entrance:string(0,0)&field=payment%3Adebit_cards:string(0,0)&field=payment%3Acredit_cards:string(0,0)&field=ref%3AFR%3ANAF:string(0,0)&field=payment%3Avisa:string(0,0)&field=payment%3Apaypal:string(0,0)&field=payment%3Amastercard:string(0,0)&field=payment%3Amaestro:string(0,0)&field=payment%3Acheque:string(0,0)&field=payment%3Acb:string(0,0)&field=facebook:string(0,0)&field=contact%3Aemail:string(0,0)&field=contact%3Aphone:string(0,0)&field=operator:string(0,0)&field=description:string(0,0)&field=wheelchair%3Aentrance_width:string(0,0)&field=wheelchair%3Adescription:string(0,0)&field=short_name:string(0,0)&field=social_facility%3Afor:string(0,0)&field=addr%3Acity:string(0,0)&field=opening_hours%3Asigned:string(0,0)&field=official_name:string(0,0)&field=check_date%3Aopening_hours:string(0,0)&field=level:string(0,0)&field=amenity:string(0,0)&field=survey%3Adate:string(0,0)&field=opening_hours:string(0,0)&field=fax:string(0,0)&field=email:string(0,0)&field=contact%3Awebsite:string(0,0)&field=contact%3Apostcode:string(0,0)&field=contact%3Acity:string(0,0)&field=contact%3Astreet:string(0,0)&field=contact%3Ahousenumber:string(0,0)&field=check_date:string(0,0)&field=phone:string(0,0)&field=addr%3Astreet:string(0,0)&field=addr%3Apostcode:string(0,0)&field=addr%3Ahousenumber:string(0,0)&field=wheelchair:string(0,0)&field=website:string(0,0)&field=ref%3AFR%3ASIRET:string(0,0)&field=name:string(0,0)&uid={4518d7bb-bdbd-4c09-8855-e4ec48aa2337}" }, "geometry": { "type": "Point", "coordinates": [ -0.2157043, 46.9775528 ] } },
{ "type": "Feature", "properties": { "full_id": "n9833504617", "osm_id": "9833504617", "osm_type": "node", "shop": "weapons", "check_date": "2025-09-30", "operator": null, "email": null, "disused:shop": null, "wheelchair": null, "contact:website": null, "building:levels": null, "survey:date": null, "addr:street": "Rue du Pas de la Mule", "addr:housenumber": "6", "phone": null, "ref:FR:SIREN": null, "contact:housenumber": null, "contact:fax": null, "contact:email": null, "addr:postcode": null, "addr:city": null, "ref:vatin": null, "ref:FR:NAF": null, "opening_hours": "Mo-Sa 10:30-13:00,14:00-19:00; Su 14:00-18:00", "contact:street": null, "contact:postcode": null, "contact:phone": null, "contact:facebook": null, "contact:city": null, "ref:FR:SIRET": null, "website": null, "type": null, "name": "Laguiole du Marais", "building": null, "contact:instagram": null, "panoramax": null, "min_age": null, "check_date:panoramax": null, "sport": null, "payment:cards": null, "image": null, "clothes": null, "club": null, "second_hand": null, "phone:mobile": null, "harassment_prevention": null, "contact:mobile": null, "source:name:br": null, "name:br": null, "drive_through": null, "delivery": null, "currency:EUR": null, "start_date": null, "payment:cash": null, "addr:country": null, "entrance": null, "payment:debit_cards": null, "payment:credit_cards": null, "payment:visa": null, "payment:paypal": null, "payment:mastercard": null, "payment:maestro": null, "payment:cheque": null, "payment:cb": null, "facebook": null, "description": null, "wheelchair:entrance_width": null, "wheelchair:description": null, "short_name": null, "social_facility:for": null, "opening_hours:signed": null, "official_name": null, "check_date:opening_hours": "2025-08-23", "level": null, "amenity": null, "fax": null, "layer": "shop_weapons_France", "path": "Point?crs=EPSG:4326&field=full_id:string(0,0)&field=osm_id:string(0,0)&field=osm_type:string(0,0)&field=shop:string(0,0)&field=contact%3Ainstagram:string(0,0)&field=panoramax:string(0,0)&field=min_age:string(0,0)&field=check_date%3Apanoramax:string(0,0)&field=sport:string(0,0)&field=payment%3Acards:string(0,0)&field=image:string(0,0)&field=clothes:string(0,0)&field=type:string(0,0)&field=club:string(0,0)&field=second_hand:string(0,0)&field=ref%3AFR%3ASIREN:string(0,0)&field=phone%3Amobile:string(0,0)&field=harassment_prevention:string(0,0)&field=contact%3Amobile:string(0,0)&field=source%3Aname%3Abr:string(0,0)&field=name%3Abr:string(0,0)&field=drive_through:string(0,0)&field=delivery:string(0,0)&field=currency%3AEUR:string(0,0)&field=start_date:string(0,0)&field=contact%3Afacebook:string(0,0)&field=payment%3Acash:string(0,0)&field=addr%3Acountry:string(0,0)&field=entrance:string(0,0)&field=payment%3Adebit_cards:string(0,0)&field=payment%3Acredit_cards:string(0,0)&field=ref%3AFR%3ANAF:string(0,0)&field=payment%3Avisa:string(0,0)&field=payment%3Apaypal:string(0,0)&field=payment%3Amastercard:string(0,0)&field=payment%3Amaestro:string(0,0)&field=payment%3Acheque:string(0,0)&field=payment%3Acb:string(0,0)&field=facebook:string(0,0)&field=contact%3Aemail:string(0,0)&field=contact%3Aphone:string(0,0)&field=operator:string(0,0)&field=description:string(0,0)&field=wheelchair%3Aentrance_width:string(0,0)&field=wheelchair%3Adescription:string(0,0)&field=short_name:string(0,0)&field=social_facility%3Afor:string(0,0)&field=addr%3Acity:string(0,0)&field=opening_hours%3Asigned:string(0,0)&field=official_name:string(0,0)&field=check_date%3Aopening_hours:string(0,0)&field=level:string(0,0)&field=amenity:string(0,0)&field=survey%3Adate:string(0,0)&field=opening_hours:string(0,0)&field=fax:string(0,0)&field=email:string(0,0)&field=contact%3Awebsite:string(0,0)&field=contact%3Apostcode:string(0,0)&field=contact%3Acity:string(0,0)&field=contact%3Astreet:string(0,0)&field=contact%3Ahousenumber:string(0,0)&field=check_date:string(0,0)&field=phone:string(0,0)&field=addr%3Astreet:string(0,0)&field=addr%3Apostcode:string(0,0)&field=addr%3Ahousenumber:string(0,0)&field=wheelchair:string(0,0)&field=website:string(0,0)&field=ref%3AFR%3ASIRET:string(0,0)&field=name:string(0,0)&uid={4518d7bb-bdbd-4c09-8855-e4ec48aa2337}" }, "geometry": { "type": "Point", "coordinates": [ 2.3671483, 48.8560225 ] } },
{ "type": "Feature", "properties": { "full_id": "n9859969130", "osm_id": "9859969130", "osm_type": "node", "shop": "weapons", "check_date": null, "operator": null, "email": null, "disused:shop": null, "wheelchair": null, "contact:website": null, "building:levels": null, "survey:date": null, "addr:street": null, "addr:housenumber": null, "phone": null, "ref:FR:SIREN": null, "contact:housenumber": null, "contact:fax": null, "contact:email": null, "addr:postcode": null, "addr:city": null, "ref:vatin": null, "ref:FR:NAF": null, "opening_hours": null, "contact:street": null, "contact:postcode": null, "contact:phone": null, "contact:facebook": null, "contact:city": null, "ref:FR:SIRET": null, "website": null, "type": null, "name": "Coutellerie", "building": null, "contact:instagram": null, "panoramax": null, "min_age": null, "check_date:panoramax": null, "sport": null, "payment:cards": null, "image": null, "clothes": null, "club": null, "second_hand": null, "phone:mobile": null, "harassment_prevention": null, "contact:mobile": null, "source:name:br": null, "name:br": null, "drive_through": null, "delivery": null, "currency:EUR": null, "start_date": null, "payment:cash": null, "addr:country": null, "entrance": null, "payment:debit_cards": null, "payment:credit_cards": null, "payment:visa": null, "payment:paypal": null, "payment:mastercard": null, "payment:maestro": null, "payment:cheque": null, "payment:cb": null, "facebook": null, "description": null, "wheelchair:entrance_width": null, "wheelchair:description": null, "short_name": null, "social_facility:for": null, "opening_hours:signed": null, "official_name": null, "check_date:opening_hours": null, "level": null, "amenity": null, "fax": null, "layer": "shop_weapons_France", "path": "Point?crs=EPSG:4326&field=full_id:string(0,0)&field=osm_id:string(0,0)&field=osm_type:string(0,0)&field=shop:string(0,0)&field=contact%3Ainstagram:string(0,0)&field=panoramax:string(0,0)&field=min_age:string(0,0)&field=check_date%3Apanoramax:string(0,0)&field=sport:string(0,0)&field=payment%3Acards:string(0,0)&field=image:string(0,0)&field=clothes:string(0,0)&field=type:string(0,0)&field=club:string(0,0)&field=second_hand:string(0,0)&field=ref%3AFR%3ASIREN:string(0,0)&field=phone%3Amobile:string(0,0)&field=harassment_prevention:string(0,0)&field=contact%3Amobile:string(0,0)&field=source%3Aname%3Abr:string(0,0)&field=name%3Abr:string(0,0)&field=drive_through:string(0,0)&field=delivery:string(0,0)&field=currency%3AEUR:string(0,0)&field=start_date:string(0,0)&field=contact%3Afacebook:string(0,0)&field=payment%3Acash:string(0,0)&field=addr%3Acountry:string(0,0)&field=entrance:string(0,0)&field=payment%3Adebit_cards:string(0,0)&field=payment%3Acredit_cards:string(0,0)&field=ref%3AFR%3ANAF:string(0,0)&field=payment%3Avisa:string(0,0)&field=payment%3Apaypal:string(0,0)&field=payment%3Amastercard:string(0,0)&field=payment%3Amaestro:string(0,0)&field=payment%3Acheque:string(0,0)&field=payment%3Acb:string(0,0)&field=facebook:string(0,0)&field=contact%3Aemail:string(0,0)&field=contact%3Aphone:string(0,0)&field=operator:string(0,0)&field=description:string(0,0)&field=wheelchair%3Aentrance_width:string(0,0)&field=wheelchair%3Adescription:string(0,0)&field=short_name:string(0,0)&field=social_facility%3Afor:string(0,0)&field=addr%3Acity:string(0,0)&field=opening_hours%3Asigned:string(0,0)&field=official_name:string(0,0)&field=check_date%3Aopening_hours:string(0,0)&field=level:string(0,0)&field=amenity:string(0,0)&field=survey%3Adate:string(0,0)&field=opening_hours:string(0,0)&field=fax:string(0,0)&field=email:string(0,0)&field=contact%3Awebsite:string(0,0)&field=contact%3Apostcode:string(0,0)&field=contact%3Acity:string(0,0)&field=contact%3Astreet:string(0,0)&field=contact%3Ahousenumber:string(0,0)&field=check_date:string(0,0)&field=phone:string(0,0)&field=addr%3Astreet:string(0,0)&field=addr%3Apostcode:string(0,0)&field=addr%3Ahousenumber:string(0,0)&field=wheelchair:string(0,0)&field=website:string(0,0)&field=ref%3AFR%3ASIRET:string(0,0)&field=name:string(0,0)&uid={4518d7bb-bdbd-4c09-8855-e4ec48aa2337}" }, "geometry": { "type": "Point", "coordinates": [ 5.3336852, 47.8608422 ] } },
{ "type": "Feature", "properties": { "full_id": "n9875505806", "osm_id": "9875505806", "osm_type": "node", "shop": "weapons", "check_date": null, "operator": null, "email": null, "disused:shop": null, "wheelchair": null, "contact:website": null, "building:levels": null, "survey:date": null, "addr:street": null, "addr:housenumber": null, "phone": null, "ref:FR:SIREN": null, "contact:housenumber": null, "contact:fax": null, "contact:email": null, "addr:postcode": null, "addr:city": null, "ref:vatin": null, "ref:FR:NAF": null, "opening_hours": null, "contact:street": null, "contact:postcode": null, "contact:phone": null, "contact:facebook": null, "contact:city": null, "ref:FR:SIRET": null, "website": null, "type": null, "name": "Levalois Service", "building": null, "contact:instagram": null, "panoramax": null, "min_age": null, "check_date:panoramax": null, "sport": null, "payment:cards": null, "image": null, "clothes": null, "club": null, "second_hand": null, "phone:mobile": null, "harassment_prevention": null, "contact:mobile": null, "source:name:br": null, "name:br": null, "drive_through": null, "delivery": null, "currency:EUR": null, "start_date": null, "payment:cash": null, "addr:country": null, "entrance": null, "payment:debit_cards": null, "payment:credit_cards": null, "payment:visa": null, "payment:paypal": null, "payment:mastercard": null, "payment:maestro": null, "payment:cheque": null, "payment:cb": null, "facebook": null, "description": null, "wheelchair:entrance_width": null, "wheelchair:description": null, "short_name": null, "social_facility:for": null, "opening_hours:signed": null, "official_name": null, "check_date:opening_hours": null, "level": null, "amenity": null, "fax": null, "layer": "shop_weapons_France", "path": "Point?crs=EPSG:4326&field=full_id:string(0,0)&field=osm_id:string(0,0)&field=osm_type:string(0,0)&field=shop:string(0,0)&field=contact%3Ainstagram:string(0,0)&field=panoramax:string(0,0)&field=min_age:string(0,0)&field=check_date%3Apanoramax:string(0,0)&field=sport:string(0,0)&field=payment%3Acards:string(0,0)&field=image:string(0,0)&field=clothes:string(0,0)&field=type:string(0,0)&field=club:string(0,0)&field=second_hand:string(0,0)&field=ref%3AFR%3ASIREN:string(0,0)&field=phone%3Amobile:string(0,0)&field=harassment_prevention:string(0,0)&field=contact%3Amobile:string(0,0)&field=source%3Aname%3Abr:string(0,0)&field=name%3Abr:string(0,0)&field=drive_through:string(0,0)&field=delivery:string(0,0)&field=currency%3AEUR:string(0,0)&field=start_date:string(0,0)&field=contact%3Afacebook:string(0,0)&field=payment%3Acash:string(0,0)&field=addr%3Acountry:string(0,0)&field=entrance:string(0,0)&field=payment%3Adebit_cards:string(0,0)&field=payment%3Acredit_cards:string(0,0)&field=ref%3AFR%3ANAF:string(0,0)&field=payment%3Avisa:string(0,0)&field=payment%3Apaypal:string(0,0)&field=payment%3Amastercard:string(0,0)&field=payment%3Amaestro:string(0,0)&field=payment%3Acheque:string(0,0)&field=payment%3Acb:string(0,0)&field=facebook:string(0,0)&field=contact%3Aemail:string(0,0)&field=contact%3Aphone:string(0,0)&field=operator:string(0,0)&field=description:string(0,0)&field=wheelchair%3Aentrance_width:string(0,0)&field=wheelchair%3Adescription:string(0,0)&field=short_name:string(0,0)&field=social_facility%3Afor:string(0,0)&field=addr%3Acity:string(0,0)&field=opening_hours%3Asigned:string(0,0)&field=official_name:string(0,0)&field=check_date%3Aopening_hours:string(0,0)&field=level:string(0,0)&field=amenity:string(0,0)&field=survey%3Adate:string(0,0)&field=opening_hours:string(0,0)&field=fax:string(0,0)&field=email:string(0,0)&field=contact%3Awebsite:string(0,0)&field=contact%3Apostcode:string(0,0)&field=contact%3Acity:string(0,0)&field=contact%3Astreet:string(0,0)&field=contact%3Ahousenumber:string(0,0)&field=check_date:string(0,0)&field=phone:string(0,0)&field=addr%3Astreet:string(0,0)&field=addr%3Apostcode:string(0,0)&field=addr%3Ahousenumber:string(0,0)&field=wheelchair:string(0,0)&field=website:string(0,0)&field=ref%3AFR%3ASIRET:string(0,0)&field=name:string(0,0)&uid={4518d7bb-bdbd-4c09-8855-e4ec48aa2337}" }, "geometry": { "type": "Point", "coordinates": [ -61.5712965, 16.2419166 ] } },
{ "type": "Feature", "properties": { "full_id": "n9877406137", "osm_id": "9877406137", "osm_type": "node", "shop": "weapons", "check_date": "2025-10-15", "operator": null, "email": null, "disused:shop": null, "wheelchair": null, "contact:website": null, "building:levels": null, "survey:date": null, "addr:street": null, "addr:housenumber": null, "phone": null, "ref:FR:SIREN": null, "contact:housenumber": null, "contact:fax": null, "contact:email": null, "addr:postcode": null, "addr:city": null, "ref:vatin": null, "ref:FR:NAF": null, "opening_hours": null, "contact:street": null, "contact:postcode": null, "contact:phone": null, "contact:facebook": null, "contact:city": null, "ref:FR:SIRET": "30211566200025", "website": null, "type": null, "name": "Armurerie Bernizan", "building": null, "contact:instagram": null, "panoramax": null, "min_age": null, "check_date:panoramax": null, "sport": null, "payment:cards": null, "image": null, "clothes": null, "club": null, "second_hand": null, "phone:mobile": null, "harassment_prevention": "ask_angela", "contact:mobile": null, "source:name:br": null, "name:br": null, "drive_through": null, "delivery": null, "currency:EUR": null, "start_date": null, "payment:cash": null, "addr:country": null, "entrance": null, "payment:debit_cards": null, "payment:credit_cards": null, "payment:visa": null, "payment:paypal": null, "payment:mastercard": null, "payment:maestro": null, "payment:cheque": null, "payment:cb": null, "facebook": null, "description": null, "wheelchair:entrance_width": null, "wheelchair:description": null, "short_name": null, "social_facility:for": null, "opening_hours:signed": null, "official_name": null, "check_date:opening_hours": null, "level": null, "amenity": null, "fax": null, "layer": "shop_weapons_France", "path": "Point?crs=EPSG:4326&field=full_id:string(0,0)&field=osm_id:string(0,0)&field=osm_type:string(0,0)&field=shop:string(0,0)&field=contact%3Ainstagram:string(0,0)&field=panoramax:string(0,0)&field=min_age:string(0,0)&field=check_date%3Apanoramax:string(0,0)&field=sport:string(0,0)&field=payment%3Acards:string(0,0)&field=image:string(0,0)&field=clothes:string(0,0)&field=type:string(0,0)&field=club:string(0,0)&field=second_hand:string(0,0)&field=ref%3AFR%3ASIREN:string(0,0)&field=phone%3Amobile:string(0,0)&field=harassment_prevention:string(0,0)&field=contact%3Amobile:string(0,0)&field=source%3Aname%3Abr:string(0,0)&field=name%3Abr:string(0,0)&field=drive_through:string(0,0)&field=delivery:string(0,0)&field=currency%3AEUR:string(0,0)&field=start_date:string(0,0)&field=contact%3Afacebook:string(0,0)&field=payment%3Acash:string(0,0)&field=addr%3Acountry:string(0,0)&field=entrance:string(0,0)&field=payment%3Adebit_cards:string(0,0)&field=payment%3Acredit_cards:string(0,0)&field=ref%3AFR%3ANAF:string(0,0)&field=payment%3Avisa:string(0,0)&field=payment%3Apaypal:string(0,0)&field=payment%3Amastercard:string(0,0)&field=payment%3Amaestro:string(0,0)&field=payment%3Acheque:string(0,0)&field=payment%3Acb:string(0,0)&field=facebook:string(0,0)&field=contact%3Aemail:string(0,0)&field=contact%3Aphone:string(0,0)&field=operator:string(0,0)&field=description:string(0,0)&field=wheelchair%3Aentrance_width:string(0,0)&field=wheelchair%3Adescription:string(0,0)&field=short_name:string(0,0)&field=social_facility%3Afor:string(0,0)&field=addr%3Acity:string(0,0)&field=opening_hours%3Asigned:string(0,0)&field=official_name:string(0,0)&field=check_date%3Aopening_hours:string(0,0)&field=level:string(0,0)&field=amenity:string(0,0)&field=survey%3Adate:string(0,0)&field=opening_hours:string(0,0)&field=fax:string(0,0)&field=email:string(0,0)&field=contact%3Awebsite:string(0,0)&field=contact%3Apostcode:string(0,0)&field=contact%3Acity:string(0,0)&field=contact%3Astreet:string(0,0)&field=contact%3Ahousenumber:string(0,0)&field=check_date:string(0,0)&field=phone:string(0,0)&field=addr%3Astreet:string(0,0)&field=addr%3Apostcode:string(0,0)&field=addr%3Ahousenumber:string(0,0)&field=wheelchair:string(0,0)&field=website:string(0,0)&field=ref%3AFR%3ASIRET:string(0,0)&field=name:string(0,0)&uid={4518d7bb-bdbd-4c09-8855-e4ec48aa2337}" }, "geometry": { "type": "Point", "coordinates": [ -1.4753167, 43.488316 ] } },
{ "type": "Feature", "properties": { "full_id": "n9970958841", "osm_id": "9970958841", "osm_type": "node", "shop": "weapons", "check_date": null, "operator": null, "email": null, "disused:shop": null, "wheelchair": null, "contact:website": null, "building:levels": null, "survey:date": null, "addr:street": null, "addr:housenumber": null, "phone": null, "ref:FR:SIREN": null, "contact:housenumber": null, "contact:fax": null, "contact:email": null, "addr:postcode": null, "addr:city": null, "ref:vatin": null, "ref:FR:NAF": null, "opening_hours": null, "contact:street": null, "contact:postcode": null, "contact:phone": null, "contact:facebook": null, "contact:city": null, "ref:FR:SIRET": null, "website": null, "type": null, "name": "Ceccaldi Coutelier", "building": null, "contact:instagram": null, "panoramax": null, "min_age": null, "check_date:panoramax": null, "sport": null, "payment:cards": null, "image": null, "clothes": null, "club": null, "second_hand": null, "phone:mobile": null, "harassment_prevention": null, "contact:mobile": null, "source:name:br": null, "name:br": null, "drive_through": null, "delivery": null, "currency:EUR": null, "start_date": null, "payment:cash": null, "addr:country": null, "entrance": null, "payment:debit_cards": null, "payment:credit_cards": null, "payment:visa": null, "payment:paypal": null, "payment:mastercard": null, "payment:maestro": null, "payment:cheque": null, "payment:cb": null, "facebook": null, "description": null, "wheelchair:entrance_width": null, "wheelchair:description": null, "short_name": null, "social_facility:for": null, "opening_hours:signed": null, "official_name": null, "check_date:opening_hours": null, "level": null, "amenity": null, "fax": null, "layer": "shop_weapons_France", "path": "Point?crs=EPSG:4326&field=full_id:string(0,0)&field=osm_id:string(0,0)&field=osm_type:string(0,0)&field=shop:string(0,0)&field=contact%3Ainstagram:string(0,0)&field=panoramax:string(0,0)&field=min_age:string(0,0)&field=check_date%3Apanoramax:string(0,0)&field=sport:string(0,0)&field=payment%3Acards:string(0,0)&field=image:string(0,0)&field=clothes:string(0,0)&field=type:string(0,0)&field=club:string(0,0)&field=second_hand:string(0,0)&field=ref%3AFR%3ASIREN:string(0,0)&field=phone%3Amobile:string(0,0)&field=harassment_prevention:string(0,0)&field=contact%3Amobile:string(0,0)&field=source%3Aname%3Abr:string(0,0)&field=name%3Abr:string(0,0)&field=drive_through:string(0,0)&field=delivery:string(0,0)&field=currency%3AEUR:string(0,0)&field=start_date:string(0,0)&field=contact%3Afacebook:string(0,0)&field=payment%3Acash:string(0,0)&field=addr%3Acountry:string(0,0)&field=entrance:string(0,0)&field=payment%3Adebit_cards:string(0,0)&field=payment%3Acredit_cards:string(0,0)&field=ref%3AFR%3ANAF:string(0,0)&field=payment%3Avisa:string(0,0)&field=payment%3Apaypal:string(0,0)&field=payment%3Amastercard:string(0,0)&field=payment%3Amaestro:string(0,0)&field=payment%3Acheque:string(0,0)&field=payment%3Acb:string(0,0)&field=facebook:string(0,0)&field=contact%3Aemail:string(0,0)&field=contact%3Aphone:string(0,0)&field=operator:string(0,0)&field=description:string(0,0)&field=wheelchair%3Aentrance_width:string(0,0)&field=wheelchair%3Adescription:string(0,0)&field=short_name:string(0,0)&field=social_facility%3Afor:string(0,0)&field=addr%3Acity:string(0,0)&field=opening_hours%3Asigned:string(0,0)&field=official_name:string(0,0)&field=check_date%3Aopening_hours:string(0,0)&field=level:string(0,0)&field=amenity:string(0,0)&field=survey%3Adate:string(0,0)&field=opening_hours:string(0,0)&field=fax:string(0,0)&field=email:string(0,0)&field=contact%3Awebsite:string(0,0)&field=contact%3Apostcode:string(0,0)&field=contact%3Acity:string(0,0)&field=contact%3Astreet:string(0,0)&field=contact%3Ahousenumber:string(0,0)&field=check_date:string(0,0)&field=phone:string(0,0)&field=addr%3Astreet:string(0,0)&field=addr%3Apostcode:string(0,0)&field=addr%3Ahousenumber:string(0,0)&field=wheelchair:string(0,0)&field=website:string(0,0)&field=ref%3AFR%3ASIRET:string(0,0)&field=name:string(0,0)&uid={4518d7bb-bdbd-4c09-8855-e4ec48aa2337}" }, "geometry": { "type": "Point", "coordinates": [ 9.1592642, 41.3872702 ] } },
{ "type": "Feature", "properties": { "full_id": "n10032493898", "osm_id": "10032493898", "osm_type": "node", "shop": "weapons", "check_date": "2025-05-06", "operator": null, "email": null, "disused:shop": null, "wheelchair": null, "contact:website": null, "building:levels": null, "survey:date": null, "addr:street": null, "addr:housenumber": null, "phone": null, "ref:FR:SIREN": null, "contact:housenumber": null, "contact:fax": null, "contact:email": null, "addr:postcode": null, "addr:city": null, "ref:vatin": null, "ref:FR:NAF": null, "opening_hours": null, "contact:street": null, "contact:postcode": null, "contact:phone": null, "contact:facebook": null, "contact:city": null, "ref:FR:SIRET": "34341733300014", "website": null, "type": null, "name": "Les Chouans", "building": null, "contact:instagram": null, "panoramax": null, "min_age": null, "check_date:panoramax": null, "sport": null, "payment:cards": null, "image": null, "clothes": null, "club": null, "second_hand": null, "phone:mobile": null, "harassment_prevention": null, "contact:mobile": null, "source:name:br": null, "name:br": null, "drive_through": null, "delivery": null, "currency:EUR": null, "start_date": null, "payment:cash": null, "addr:country": null, "entrance": null, "payment:debit_cards": null, "payment:credit_cards": null, "payment:visa": null, "payment:paypal": null, "payment:mastercard": null, "payment:maestro": null, "payment:cheque": null, "payment:cb": null, "facebook": null, "description": null, "wheelchair:entrance_width": null, "wheelchair:description": null, "short_name": null, "social_facility:for": null, "opening_hours:signed": null, "official_name": null, "check_date:opening_hours": null, "level": null, "amenity": null, "fax": null, "layer": "shop_weapons_France", "path": "Point?crs=EPSG:4326&field=full_id:string(0,0)&field=osm_id:string(0,0)&field=osm_type:string(0,0)&field=shop:string(0,0)&field=contact%3Ainstagram:string(0,0)&field=panoramax:string(0,0)&field=min_age:string(0,0)&field=check_date%3Apanoramax:string(0,0)&field=sport:string(0,0)&field=payment%3Acards:string(0,0)&field=image:string(0,0)&field=clothes:string(0,0)&field=type:string(0,0)&field=club:string(0,0)&field=second_hand:string(0,0)&field=ref%3AFR%3ASIREN:string(0,0)&field=phone%3Amobile:string(0,0)&field=harassment_prevention:string(0,0)&field=contact%3Amobile:string(0,0)&field=source%3Aname%3Abr:string(0,0)&field=name%3Abr:string(0,0)&field=drive_through:string(0,0)&field=delivery:string(0,0)&field=currency%3AEUR:string(0,0)&field=start_date:string(0,0)&field=contact%3Afacebook:string(0,0)&field=payment%3Acash:string(0,0)&field=addr%3Acountry:string(0,0)&field=entrance:string(0,0)&field=payment%3Adebit_cards:string(0,0)&field=payment%3Acredit_cards:string(0,0)&field=ref%3AFR%3ANAF:string(0,0)&field=payment%3Avisa:string(0,0)&field=payment%3Apaypal:string(0,0)&field=payment%3Amastercard:string(0,0)&field=payment%3Amaestro:string(0,0)&field=payment%3Acheque:string(0,0)&field=payment%3Acb:string(0,0)&field=facebook:string(0,0)&field=contact%3Aemail:string(0,0)&field=contact%3Aphone:string(0,0)&field=operator:string(0,0)&field=description:string(0,0)&field=wheelchair%3Aentrance_width:string(0,0)&field=wheelchair%3Adescription:string(0,0)&field=short_name:string(0,0)&field=social_facility%3Afor:string(0,0)&field=addr%3Acity:string(0,0)&field=opening_hours%3Asigned:string(0,0)&field=official_name:string(0,0)&field=check_date%3Aopening_hours:string(0,0)&field=level:string(0,0)&field=amenity:string(0,0)&field=survey%3Adate:string(0,0)&field=opening_hours:string(0,0)&field=fax:string(0,0)&field=email:string(0,0)&field=contact%3Awebsite:string(0,0)&field=contact%3Apostcode:string(0,0)&field=contact%3Acity:string(0,0)&field=contact%3Astreet:string(0,0)&field=contact%3Ahousenumber:string(0,0)&field=check_date:string(0,0)&field=phone:string(0,0)&field=addr%3Astreet:string(0,0)&field=addr%3Apostcode:string(0,0)&field=addr%3Ahousenumber:string(0,0)&field=wheelchair:string(0,0)&field=website:string(0,0)&field=ref%3AFR%3ASIRET:string(0,0)&field=name:string(0,0)&uid={4518d7bb-bdbd-4c09-8855-e4ec48aa2337}" }, "geometry": { "type": "Point", "coordinates": [ 0.2071778, 47.988999 ] } },
{ "type": "Feature", "properties": { "full_id": "n10076621270", "osm_id": "10076621270", "osm_type": "node", "shop": "weapons", "check_date": null, "operator": null, "email": null, "disused:shop": null, "wheelchair": null, "contact:website": null, "building:levels": null, "survey:date": null, "addr:street": null, "addr:housenumber": null, "phone": null, "ref:FR:SIREN": null, "contact:housenumber": null, "contact:fax": null, "contact:email": null, "addr:postcode": null, "addr:city": null, "ref:vatin": null, "ref:FR:NAF": null, "opening_hours": null, "contact:street": null, "contact:postcode": null, "contact:phone": null, "contact:facebook": null, "contact:city": null, "ref:FR:SIRET": null, "website": null, "type": null, "name": "Mayenn' Détente", "building": null, "contact:instagram": null, "panoramax": null, "min_age": null, "check_date:panoramax": null, "sport": null, "payment:cards": null, "image": null, "clothes": null, "club": null, "second_hand": null, "phone:mobile": null, "harassment_prevention": null, "contact:mobile": null, "source:name:br": null, "name:br": null, "drive_through": null, "delivery": null, "currency:EUR": null, "start_date": null, "payment:cash": null, "addr:country": null, "entrance": null, "payment:debit_cards": null, "payment:credit_cards": null, "payment:visa": null, "payment:paypal": null, "payment:mastercard": null, "payment:maestro": null, "payment:cheque": null, "payment:cb": null, "facebook": null, "description": null, "wheelchair:entrance_width": null, "wheelchair:description": null, "short_name": null, "social_facility:for": null, "opening_hours:signed": null, "official_name": null, "check_date:opening_hours": null, "level": null, "amenity": null, "fax": null, "layer": "shop_weapons_France", "path": "Point?crs=EPSG:4326&field=full_id:string(0,0)&field=osm_id:string(0,0)&field=osm_type:string(0,0)&field=shop:string(0,0)&field=contact%3Ainstagram:string(0,0)&field=panoramax:string(0,0)&field=min_age:string(0,0)&field=check_date%3Apanoramax:string(0,0)&field=sport:string(0,0)&field=payment%3Acards:string(0,0)&field=image:string(0,0)&field=clothes:string(0,0)&field=type:string(0,0)&field=club:string(0,0)&field=second_hand:string(0,0)&field=ref%3AFR%3ASIREN:string(0,0)&field=phone%3Amobile:string(0,0)&field=harassment_prevention:string(0,0)&field=contact%3Amobile:string(0,0)&field=source%3Aname%3Abr:string(0,0)&field=name%3Abr:string(0,0)&field=drive_through:string(0,0)&field=delivery:string(0,0)&field=currency%3AEUR:string(0,0)&field=start_date:string(0,0)&field=contact%3Afacebook:string(0,0)&field=payment%3Acash:string(0,0)&field=addr%3Acountry:string(0,0)&field=entrance:string(0,0)&field=payment%3Adebit_cards:string(0,0)&field=payment%3Acredit_cards:string(0,0)&field=ref%3AFR%3ANAF:string(0,0)&field=payment%3Avisa:string(0,0)&field=payment%3Apaypal:string(0,0)&field=payment%3Amastercard:string(0,0)&field=payment%3Amaestro:string(0,0)&field=payment%3Acheque:string(0,0)&field=payment%3Acb:string(0,0)&field=facebook:string(0,0)&field=contact%3Aemail:string(0,0)&field=contact%3Aphone:string(0,0)&field=operator:string(0,0)&field=description:string(0,0)&field=wheelchair%3Aentrance_width:string(0,0)&field=wheelchair%3Adescription:string(0,0)&field=short_name:string(0,0)&field=social_facility%3Afor:string(0,0)&field=addr%3Acity:string(0,0)&field=opening_hours%3Asigned:string(0,0)&field=official_name:string(0,0)&field=check_date%3Aopening_hours:string(0,0)&field=level:string(0,0)&field=amenity:string(0,0)&field=survey%3Adate:string(0,0)&field=opening_hours:string(0,0)&field=fax:string(0,0)&field=email:string(0,0)&field=contact%3Awebsite:string(0,0)&field=contact%3Apostcode:string(0,0)&field=contact%3Acity:string(0,0)&field=contact%3Astreet:string(0,0)&field=contact%3Ahousenumber:string(0,0)&field=check_date:string(0,0)&field=phone:string(0,0)&field=addr%3Astreet:string(0,0)&field=addr%3Apostcode:string(0,0)&field=addr%3Ahousenumber:string(0,0)&field=wheelchair:string(0,0)&field=website:string(0,0)&field=ref%3AFR%3ASIRET:string(0,0)&field=name:string(0,0)&uid={4518d7bb-bdbd-4c09-8855-e4ec48aa2337}" }, "geometry": { "type": "Point", "coordinates": [ -0.620812, 48.3023584 ] } },
{ "type": "Feature", "properties": { "full_id": "n10115172567", "osm_id": "10115172567", "osm_type": "node", "shop": "weapons", "check_date": null, "operator": null, "email": null, "disused:shop": null, "wheelchair": null, "contact:website": null, "building:levels": null, "survey:date": null, "addr:street": null, "addr:housenumber": null, "phone": null, "ref:FR:SIREN": null, "contact:housenumber": null, "contact:fax": null, "contact:email": null, "addr:postcode": null, "addr:city": null, "ref:vatin": null, "ref:FR:NAF": null, "opening_hours": null, "contact:street": null, "contact:postcode": null, "contact:phone": null, "contact:facebook": null, "contact:city": null, "ref:FR:SIRET": null, "website": null, "type": null, "name": "C P C", "building": null, "contact:instagram": null, "panoramax": null, "min_age": null, "check_date:panoramax": null, "sport": null, "payment:cards": null, "image": null, "clothes": null, "club": null, "second_hand": null, "phone:mobile": null, "harassment_prevention": null, "contact:mobile": null, "source:name:br": null, "name:br": null, "drive_through": null, "delivery": null, "currency:EUR": null, "start_date": null, "payment:cash": null, "addr:country": null, "entrance": null, "payment:debit_cards": null, "payment:credit_cards": null, "payment:visa": null, "payment:paypal": null, "payment:mastercard": null, "payment:maestro": null, "payment:cheque": null, "payment:cb": null, "facebook": null, "description": null, "wheelchair:entrance_width": null, "wheelchair:description": null, "short_name": null, "social_facility:for": null, "opening_hours:signed": null, "official_name": null, "check_date:opening_hours": null, "level": null, "amenity": null, "fax": null, "layer": "shop_weapons_France", "path": "Point?crs=EPSG:4326&field=full_id:string(0,0)&field=osm_id:string(0,0)&field=osm_type:string(0,0)&field=shop:string(0,0)&field=contact%3Ainstagram:string(0,0)&field=panoramax:string(0,0)&field=min_age:string(0,0)&field=check_date%3Apanoramax:string(0,0)&field=sport:string(0,0)&field=payment%3Acards:string(0,0)&field=image:string(0,0)&field=clothes:string(0,0)&field=type:string(0,0)&field=club:string(0,0)&field=second_hand:string(0,0)&field=ref%3AFR%3ASIREN:string(0,0)&field=phone%3Amobile:string(0,0)&field=harassment_prevention:string(0,0)&field=contact%3Amobile:string(0,0)&field=source%3Aname%3Abr:string(0,0)&field=name%3Abr:string(0,0)&field=drive_through:string(0,0)&field=delivery:string(0,0)&field=currency%3AEUR:string(0,0)&field=start_date:string(0,0)&field=contact%3Afacebook:string(0,0)&field=payment%3Acash:string(0,0)&field=addr%3Acountry:string(0,0)&field=entrance:string(0,0)&field=payment%3Adebit_cards:string(0,0)&field=payment%3Acredit_cards:string(0,0)&field=ref%3AFR%3ANAF:string(0,0)&field=payment%3Avisa:string(0,0)&field=payment%3Apaypal:string(0,0)&field=payment%3Amastercard:string(0,0)&field=payment%3Amaestro:string(0,0)&field=payment%3Acheque:string(0,0)&field=payment%3Acb:string(0,0)&field=facebook:string(0,0)&field=contact%3Aemail:string(0,0)&field=contact%3Aphone:string(0,0)&field=operator:string(0,0)&field=description:string(0,0)&field=wheelchair%3Aentrance_width:string(0,0)&field=wheelchair%3Adescription:string(0,0)&field=short_name:string(0,0)&field=social_facility%3Afor:string(0,0)&field=addr%3Acity:string(0,0)&field=opening_hours%3Asigned:string(0,0)&field=official_name:string(0,0)&field=check_date%3Aopening_hours:string(0,0)&field=level:string(0,0)&field=amenity:string(0,0)&field=survey%3Adate:string(0,0)&field=opening_hours:string(0,0)&field=fax:string(0,0)&field=email:string(0,0)&field=contact%3Awebsite:string(0,0)&field=contact%3Apostcode:string(0,0)&field=contact%3Acity:string(0,0)&field=contact%3Astreet:string(0,0)&field=contact%3Ahousenumber:string(0,0)&field=check_date:string(0,0)&field=phone:string(0,0)&field=addr%3Astreet:string(0,0)&field=addr%3Apostcode:string(0,0)&field=addr%3Ahousenumber:string(0,0)&field=wheelchair:string(0,0)&field=website:string(0,0)&field=ref%3AFR%3ASIRET:string(0,0)&field=name:string(0,0)&uid={4518d7bb-bdbd-4c09-8855-e4ec48aa2337}" }, "geometry": { "type": "Point", "coordinates": [ -4.0829679, 48.0186244 ] } },
{ "type": "Feature", "properties": { "full_id": "n10138562610", "osm_id": "10138562610", "osm_type": "node", "shop": "weapons", "check_date": null, "operator": null, "email": null, "disused:shop": null, "wheelchair": null, "contact:website": null, "building:levels": null, "survey:date": null, "addr:street": null, "addr:housenumber": null, "phone": null, "ref:FR:SIREN": null, "contact:housenumber": null, "contact:fax": null, "contact:email": null, "addr:postcode": null, "addr:city": null, "ref:vatin": null, "ref:FR:NAF": null, "opening_hours": null, "contact:street": null, "contact:postcode": null, "contact:phone": null, "contact:facebook": null, "contact:city": null, "ref:FR:SIRET": null, "website": null, "type": null, "name": "Armurerie", "building": null, "contact:instagram": null, "panoramax": null, "min_age": null, "check_date:panoramax": null, "sport": null, "payment:cards": null, "image": null, "clothes": null, "club": null, "second_hand": null, "phone:mobile": null, "harassment_prevention": null, "contact:mobile": null, "source:name:br": null, "name:br": null, "drive_through": null, "delivery": null, "currency:EUR": null, "start_date": null, "payment:cash": null, "addr:country": null, "entrance": null, "payment:debit_cards": null, "payment:credit_cards": null, "payment:visa": null, "payment:paypal": null, "payment:mastercard": null, "payment:maestro": null, "payment:cheque": null, "payment:cb": null, "facebook": null, "description": null, "wheelchair:entrance_width": null, "wheelchair:description": null, "short_name": null, "social_facility:for": null, "opening_hours:signed": null, "official_name": null, "check_date:opening_hours": null, "level": null, "amenity": null, "fax": null, "layer": "shop_weapons_France", "path": "Point?crs=EPSG:4326&field=full_id:string(0,0)&field=osm_id:string(0,0)&field=osm_type:string(0,0)&field=shop:string(0,0)&field=contact%3Ainstagram:string(0,0)&field=panoramax:string(0,0)&field=min_age:string(0,0)&field=check_date%3Apanoramax:string(0,0)&field=sport:string(0,0)&field=payment%3Acards:string(0,0)&field=image:string(0,0)&field=clothes:string(0,0)&field=type:string(0,0)&field=club:string(0,0)&field=second_hand:string(0,0)&field=ref%3AFR%3ASIREN:string(0,0)&field=phone%3Amobile:string(0,0)&field=harassment_prevention:string(0,0)&field=contact%3Amobile:string(0,0)&field=source%3Aname%3Abr:string(0,0)&field=name%3Abr:string(0,0)&field=drive_through:string(0,0)&field=delivery:string(0,0)&field=currency%3AEUR:string(0,0)&field=start_date:string(0,0)&field=contact%3Afacebook:string(0,0)&field=payment%3Acash:string(0,0)&field=addr%3Acountry:string(0,0)&field=entrance:string(0,0)&field=payment%3Adebit_cards:string(0,0)&field=payment%3Acredit_cards:string(0,0)&field=ref%3AFR%3ANAF:string(0,0)&field=payment%3Avisa:string(0,0)&field=payment%3Apaypal:string(0,0)&field=payment%3Amastercard:string(0,0)&field=payment%3Amaestro:string(0,0)&field=payment%3Acheque:string(0,0)&field=payment%3Acb:string(0,0)&field=facebook:string(0,0)&field=contact%3Aemail:string(0,0)&field=contact%3Aphone:string(0,0)&field=operator:string(0,0)&field=description:string(0,0)&field=wheelchair%3Aentrance_width:string(0,0)&field=wheelchair%3Adescription:string(0,0)&field=short_name:string(0,0)&field=social_facility%3Afor:string(0,0)&field=addr%3Acity:string(0,0)&field=opening_hours%3Asigned:string(0,0)&field=official_name:string(0,0)&field=check_date%3Aopening_hours:string(0,0)&field=level:string(0,0)&field=amenity:string(0,0)&field=survey%3Adate:string(0,0)&field=opening_hours:string(0,0)&field=fax:string(0,0)&field=email:string(0,0)&field=contact%3Awebsite:string(0,0)&field=contact%3Apostcode:string(0,0)&field=contact%3Acity:string(0,0)&field=contact%3Astreet:string(0,0)&field=contact%3Ahousenumber:string(0,0)&field=check_date:string(0,0)&field=phone:string(0,0)&field=addr%3Astreet:string(0,0)&field=addr%3Apostcode:string(0,0)&field=addr%3Ahousenumber:string(0,0)&field=wheelchair:string(0,0)&field=website:string(0,0)&field=ref%3AFR%3ASIRET:string(0,0)&field=name:string(0,0)&uid={4518d7bb-bdbd-4c09-8855-e4ec48aa2337}" }, "geometry": { "type": "Point", "coordinates": [ 1.7140771, 43.6007876 ] } },
{ "type": "Feature", "properties": { "full_id": "n10156317290", "osm_id": "10156317290", "osm_type": "node", "shop": "weapons", "check_date": null, "operator": null, "email": null, "disused:shop": null, "wheelchair": null, "contact:website": null, "building:levels": null, "survey:date": null, "addr:street": null, "addr:housenumber": null, "phone": null, "ref:FR:SIREN": null, "contact:housenumber": "455", "contact:fax": null, "contact:email": null, "addr:postcode": null, "addr:city": null, "ref:vatin": null, "ref:FR:NAF": null, "opening_hours": null, "contact:street": "Rue Aristide Boucicaut", "contact:postcode": null, "contact:phone": null, "contact:facebook": null, "contact:city": null, "ref:FR:SIRET": "34456328300037", "website": "https://www.armurerie-gilles.com/", "type": null, "name": "Gilles", "building": null, "contact:instagram": null, "panoramax": null, "min_age": null, "check_date:panoramax": null, "sport": null, "payment:cards": null, "image": null, "clothes": null, "club": null, "second_hand": null, "phone:mobile": null, "harassment_prevention": null, "contact:mobile": null, "source:name:br": null, "name:br": null, "drive_through": null, "delivery": null, "currency:EUR": null, "start_date": null, "payment:cash": null, "addr:country": null, "entrance": null, "payment:debit_cards": null, "payment:credit_cards": null, "payment:visa": null, "payment:paypal": null, "payment:mastercard": null, "payment:maestro": null, "payment:cheque": null, "payment:cb": null, "facebook": null, "description": null, "wheelchair:entrance_width": null, "wheelchair:description": null, "short_name": null, "social_facility:for": null, "opening_hours:signed": null, "official_name": null, "check_date:opening_hours": null, "level": null, "amenity": null, "fax": null, "layer": "shop_weapons_France", "path": "Point?crs=EPSG:4326&field=full_id:string(0,0)&field=osm_id:string(0,0)&field=osm_type:string(0,0)&field=shop:string(0,0)&field=contact%3Ainstagram:string(0,0)&field=panoramax:string(0,0)&field=min_age:string(0,0)&field=check_date%3Apanoramax:string(0,0)&field=sport:string(0,0)&field=payment%3Acards:string(0,0)&field=image:string(0,0)&field=clothes:string(0,0)&field=type:string(0,0)&field=club:string(0,0)&field=second_hand:string(0,0)&field=ref%3AFR%3ASIREN:string(0,0)&field=phone%3Amobile:string(0,0)&field=harassment_prevention:string(0,0)&field=contact%3Amobile:string(0,0)&field=source%3Aname%3Abr:string(0,0)&field=name%3Abr:string(0,0)&field=drive_through:string(0,0)&field=delivery:string(0,0)&field=currency%3AEUR:string(0,0)&field=start_date:string(0,0)&field=contact%3Afacebook:string(0,0)&field=payment%3Acash:string(0,0)&field=addr%3Acountry:string(0,0)&field=entrance:string(0,0)&field=payment%3Adebit_cards:string(0,0)&field=payment%3Acredit_cards:string(0,0)&field=ref%3AFR%3ANAF:string(0,0)&field=payment%3Avisa:string(0,0)&field=payment%3Apaypal:string(0,0)&field=payment%3Amastercard:string(0,0)&field=payment%3Amaestro:string(0,0)&field=payment%3Acheque:string(0,0)&field=payment%3Acb:string(0,0)&field=facebook:string(0,0)&field=contact%3Aemail:string(0,0)&field=contact%3Aphone:string(0,0)&field=operator:string(0,0)&field=description:string(0,0)&field=wheelchair%3Aentrance_width:string(0,0)&field=wheelchair%3Adescription:string(0,0)&field=short_name:string(0,0)&field=social_facility%3Afor:string(0,0)&field=addr%3Acity:string(0,0)&field=opening_hours%3Asigned:string(0,0)&field=official_name:string(0,0)&field=check_date%3Aopening_hours:string(0,0)&field=level:string(0,0)&field=amenity:string(0,0)&field=survey%3Adate:string(0,0)&field=opening_hours:string(0,0)&field=fax:string(0,0)&field=email:string(0,0)&field=contact%3Awebsite:string(0,0)&field=contact%3Apostcode:string(0,0)&field=contact%3Acity:string(0,0)&field=contact%3Astreet:string(0,0)&field=contact%3Ahousenumber:string(0,0)&field=check_date:string(0,0)&field=phone:string(0,0)&field=addr%3Astreet:string(0,0)&field=addr%3Apostcode:string(0,0)&field=addr%3Ahousenumber:string(0,0)&field=wheelchair:string(0,0)&field=website:string(0,0)&field=ref%3AFR%3ASIRET:string(0,0)&field=name:string(0,0)&uid={4518d7bb-bdbd-4c09-8855-e4ec48aa2337}" }, "geometry": { "type": "Point", "coordinates": [ -0.5816988, 48.7265459 ] } },
{ "type": "Feature", "properties": { "full_id": "n10199608623", "osm_id": "10199608623", "osm_type": "node", "shop": "weapons", "check_date": null, "operator": null, "email": "armurerieduchateau28@orange.fr", "disused:shop": null, "wheelchair": null, "contact:website": null, "building:levels": null, "survey:date": null, "addr:street": "Rue du 19 Mars 1962", "addr:housenumber": "19", "phone": "+332 37 20 78 31", "ref:FR:SIREN": null, "contact:housenumber": null, "contact:fax": null, "contact:email": null, "addr:postcode": "28130", "addr:city": null, "ref:vatin": null, "ref:FR:NAF": null, "opening_hours": null, "contact:street": null, "contact:postcode": null, "contact:phone": null, "contact:facebook": null, "contact:city": null, "ref:FR:SIRET": "52284177400022", "website": "https://www.armurerieduchateau28.com/", "type": null, "name": "Armurerie du Château", "building": null, "contact:instagram": null, "panoramax": null, "min_age": null, "check_date:panoramax": null, "sport": null, "payment:cards": null, "image": null, "clothes": null, "club": null, "second_hand": null, "phone:mobile": null, "harassment_prevention": null, "contact:mobile": null, "source:name:br": null, "name:br": null, "drive_through": null, "delivery": null, "currency:EUR": null, "start_date": null, "payment:cash": null, "addr:country": null, "entrance": null, "payment:debit_cards": null, "payment:credit_cards": null, "payment:visa": null, "payment:paypal": null, "payment:mastercard": null, "payment:maestro": null, "payment:cheque": null, "payment:cb": null, "facebook": null, "description": null, "wheelchair:entrance_width": null, "wheelchair:description": null, "short_name": null, "social_facility:for": null, "opening_hours:signed": null, "official_name": null, "check_date:opening_hours": null, "level": null, "amenity": null, "fax": null, "layer": "shop_weapons_France", "path": "Point?crs=EPSG:4326&field=full_id:string(0,0)&field=osm_id:string(0,0)&field=osm_type:string(0,0)&field=shop:string(0,0)&field=contact%3Ainstagram:string(0,0)&field=panoramax:string(0,0)&field=min_age:string(0,0)&field=check_date%3Apanoramax:string(0,0)&field=sport:string(0,0)&field=payment%3Acards:string(0,0)&field=image:string(0,0)&field=clothes:string(0,0)&field=type:string(0,0)&field=club:string(0,0)&field=second_hand:string(0,0)&field=ref%3AFR%3ASIREN:string(0,0)&field=phone%3Amobile:string(0,0)&field=harassment_prevention:string(0,0)&field=contact%3Amobile:string(0,0)&field=source%3Aname%3Abr:string(0,0)&field=name%3Abr:string(0,0)&field=drive_through:string(0,0)&field=delivery:string(0,0)&field=currency%3AEUR:string(0,0)&field=start_date:string(0,0)&field=contact%3Afacebook:string(0,0)&field=payment%3Acash:string(0,0)&field=addr%3Acountry:string(0,0)&field=entrance:string(0,0)&field=payment%3Adebit_cards:string(0,0)&field=payment%3Acredit_cards:string(0,0)&field=ref%3AFR%3ANAF:string(0,0)&field=payment%3Avisa:string(0,0)&field=payment%3Apaypal:string(0,0)&field=payment%3Amastercard:string(0,0)&field=payment%3Amaestro:string(0,0)&field=payment%3Acheque:string(0,0)&field=payment%3Acb:string(0,0)&field=facebook:string(0,0)&field=contact%3Aemail:string(0,0)&field=contact%3Aphone:string(0,0)&field=operator:string(0,0)&field=description:string(0,0)&field=wheelchair%3Aentrance_width:string(0,0)&field=wheelchair%3Adescription:string(0,0)&field=short_name:string(0,0)&field=social_facility%3Afor:string(0,0)&field=addr%3Acity:string(0,0)&field=opening_hours%3Asigned:string(0,0)&field=official_name:string(0,0)&field=check_date%3Aopening_hours:string(0,0)&field=level:string(0,0)&field=amenity:string(0,0)&field=survey%3Adate:string(0,0)&field=opening_hours:string(0,0)&field=fax:string(0,0)&field=email:string(0,0)&field=contact%3Awebsite:string(0,0)&field=contact%3Apostcode:string(0,0)&field=contact%3Acity:string(0,0)&field=contact%3Astreet:string(0,0)&field=contact%3Ahousenumber:string(0,0)&field=check_date:string(0,0)&field=phone:string(0,0)&field=addr%3Astreet:string(0,0)&field=addr%3Apostcode:string(0,0)&field=addr%3Ahousenumber:string(0,0)&field=wheelchair:string(0,0)&field=website:string(0,0)&field=ref%3AFR%3ASIRET:string(0,0)&field=name:string(0,0)&uid={4518d7bb-bdbd-4c09-8855-e4ec48aa2337}" }, "geometry": { "type": "Point", "coordinates": [ 1.5706331, 48.5804607 ] } },
{ "type": "Feature", "properties": { "full_id": "n10250541939", "osm_id": "10250541939", "osm_type": "node", "shop": "weapons", "check_date": null, "operator": null, "email": null, "disused:shop": null, "wheelchair": null, "contact:website": null, "building:levels": null, "survey:date": null, "addr:street": "Rue des Frères Gardise", "addr:housenumber": "19", "phone": "+334 73 24 41 49", "ref:FR:SIREN": null, "contact:housenumber": null, "contact:fax": null, "contact:email": null, "addr:postcode": "63200", "addr:city": "Ménétrol", "ref:vatin": null, "ref:FR:NAF": null, "opening_hours": "Tu-Sa 10:00-12:00,14:00-19:00; ", "contact:street": null, "contact:postcode": null, "contact:phone": null, "contact:facebook": null, "contact:city": null, "ref:FR:SIRET": null, "website": null, "type": null, "name": "Heracles Archerie", "building": null, "contact:instagram": null, "panoramax": null, "min_age": null, "check_date:panoramax": null, "sport": null, "payment:cards": null, "image": null, "clothes": null, "club": null, "second_hand": null, "phone:mobile": null, "harassment_prevention": null, "contact:mobile": null, "source:name:br": null, "name:br": null, "drive_through": null, "delivery": null, "currency:EUR": null, "start_date": null, "payment:cash": null, "addr:country": null, "entrance": null, "payment:debit_cards": null, "payment:credit_cards": null, "payment:visa": null, "payment:paypal": null, "payment:mastercard": null, "payment:maestro": null, "payment:cheque": null, "payment:cb": null, "facebook": null, "description": null, "wheelchair:entrance_width": null, "wheelchair:description": null, "short_name": null, "social_facility:for": null, "opening_hours:signed": null, "official_name": null, "check_date:opening_hours": null, "level": null, "amenity": null, "fax": null, "layer": "shop_weapons_France", "path": "Point?crs=EPSG:4326&field=full_id:string(0,0)&field=osm_id:string(0,0)&field=osm_type:string(0,0)&field=shop:string(0,0)&field=contact%3Ainstagram:string(0,0)&field=panoramax:string(0,0)&field=min_age:string(0,0)&field=check_date%3Apanoramax:string(0,0)&field=sport:string(0,0)&field=payment%3Acards:string(0,0)&field=image:string(0,0)&field=clothes:string(0,0)&field=type:string(0,0)&field=club:string(0,0)&field=second_hand:string(0,0)&field=ref%3AFR%3ASIREN:string(0,0)&field=phone%3Amobile:string(0,0)&field=harassment_prevention:string(0,0)&field=contact%3Amobile:string(0,0)&field=source%3Aname%3Abr:string(0,0)&field=name%3Abr:string(0,0)&field=drive_through:string(0,0)&field=delivery:string(0,0)&field=currency%3AEUR:string(0,0)&field=start_date:string(0,0)&field=contact%3Afacebook:string(0,0)&field=payment%3Acash:string(0,0)&field=addr%3Acountry:string(0,0)&field=entrance:string(0,0)&field=payment%3Adebit_cards:string(0,0)&field=payment%3Acredit_cards:string(0,0)&field=ref%3AFR%3ANAF:string(0,0)&field=payment%3Avisa:string(0,0)&field=payment%3Apaypal:string(0,0)&field=payment%3Amastercard:string(0,0)&field=payment%3Amaestro:string(0,0)&field=payment%3Acheque:string(0,0)&field=payment%3Acb:string(0,0)&field=facebook:string(0,0)&field=contact%3Aemail:string(0,0)&field=contact%3Aphone:string(0,0)&field=operator:string(0,0)&field=description:string(0,0)&field=wheelchair%3Aentrance_width:string(0,0)&field=wheelchair%3Adescription:string(0,0)&field=short_name:string(0,0)&field=social_facility%3Afor:string(0,0)&field=addr%3Acity:string(0,0)&field=opening_hours%3Asigned:string(0,0)&field=official_name:string(0,0)&field=check_date%3Aopening_hours:string(0,0)&field=level:string(0,0)&field=amenity:string(0,0)&field=survey%3Adate:string(0,0)&field=opening_hours:string(0,0)&field=fax:string(0,0)&field=email:string(0,0)&field=contact%3Awebsite:string(0,0)&field=contact%3Apostcode:string(0,0)&field=contact%3Acity:string(0,0)&field=contact%3Astreet:string(0,0)&field=contact%3Ahousenumber:string(0,0)&field=check_date:string(0,0)&field=phone:string(0,0)&field=addr%3Astreet:string(0,0)&field=addr%3Apostcode:string(0,0)&field=addr%3Ahousenumber:string(0,0)&field=wheelchair:string(0,0)&field=website:string(0,0)&field=ref%3AFR%3ASIRET:string(0,0)&field=name:string(0,0)&uid={4518d7bb-bdbd-4c09-8855-e4ec48aa2337}" }, "geometry": { "type": "Point", "coordinates": [ 3.1292316, 45.8750747 ] } },
{ "type": "Feature", "properties": { "full_id": "n10657305381", "osm_id": "10657305381", "osm_type": "node", "shop": "weapons", "check_date": null, "operator": null, "email": null, "disused:shop": null, "wheelchair": null, "contact:website": null, "building:levels": null, "survey:date": null, "addr:street": null, "addr:housenumber": null, "phone": "+33 4 50 69 60 92", "ref:FR:SIREN": null, "contact:housenumber": null, "contact:fax": null, "contact:email": null, "addr:postcode": null, "addr:city": null, "ref:vatin": null, "ref:FR:NAF": null, "opening_hours": "Tu-Fr 10:00-12:30,14:00-19:00; Sa 10:00-19:00", "contact:street": null, "contact:postcode": null, "contact:phone": null, "contact:facebook": null, "contact:city": null, "ref:FR:SIRET": "49960044300026", "website": "https://www.couteau-savoyard.com/", "type": null, "name": "Le Couteau Savoyard", "building": null, "contact:instagram": null, "panoramax": null, "min_age": null, "check_date:panoramax": null, "sport": null, "payment:cards": null, "image": null, "clothes": null, "club": null, "second_hand": null, "phone:mobile": null, "harassment_prevention": null, "contact:mobile": null, "source:name:br": null, "name:br": null, "drive_through": null, "delivery": null, "currency:EUR": null, "start_date": null, "payment:cash": null, "addr:country": null, "entrance": null, "payment:debit_cards": null, "payment:credit_cards": null, "payment:visa": null, "payment:paypal": null, "payment:mastercard": null, "payment:maestro": null, "payment:cheque": null, "payment:cb": null, "facebook": null, "description": null, "wheelchair:entrance_width": null, "wheelchair:description": null, "short_name": null, "social_facility:for": null, "opening_hours:signed": null, "official_name": null, "check_date:opening_hours": null, "level": null, "amenity": null, "fax": null, "layer": "shop_weapons_France", "path": "Point?crs=EPSG:4326&field=full_id:string(0,0)&field=osm_id:string(0,0)&field=osm_type:string(0,0)&field=shop:string(0,0)&field=contact%3Ainstagram:string(0,0)&field=panoramax:string(0,0)&field=min_age:string(0,0)&field=check_date%3Apanoramax:string(0,0)&field=sport:string(0,0)&field=payment%3Acards:string(0,0)&field=image:string(0,0)&field=clothes:string(0,0)&field=type:string(0,0)&field=club:string(0,0)&field=second_hand:string(0,0)&field=ref%3AFR%3ASIREN:string(0,0)&field=phone%3Amobile:string(0,0)&field=harassment_prevention:string(0,0)&field=contact%3Amobile:string(0,0)&field=source%3Aname%3Abr:string(0,0)&field=name%3Abr:string(0,0)&field=drive_through:string(0,0)&field=delivery:string(0,0)&field=currency%3AEUR:string(0,0)&field=start_date:string(0,0)&field=contact%3Afacebook:string(0,0)&field=payment%3Acash:string(0,0)&field=addr%3Acountry:string(0,0)&field=entrance:string(0,0)&field=payment%3Adebit_cards:string(0,0)&field=payment%3Acredit_cards:string(0,0)&field=ref%3AFR%3ANAF:string(0,0)&field=payment%3Avisa:string(0,0)&field=payment%3Apaypal:string(0,0)&field=payment%3Amastercard:string(0,0)&field=payment%3Amaestro:string(0,0)&field=payment%3Acheque:string(0,0)&field=payment%3Acb:string(0,0)&field=facebook:string(0,0)&field=contact%3Aemail:string(0,0)&field=contact%3Aphone:string(0,0)&field=operator:string(0,0)&field=description:string(0,0)&field=wheelchair%3Aentrance_width:string(0,0)&field=wheelchair%3Adescription:string(0,0)&field=short_name:string(0,0)&field=social_facility%3Afor:string(0,0)&field=addr%3Acity:string(0,0)&field=opening_hours%3Asigned:string(0,0)&field=official_name:string(0,0)&field=check_date%3Aopening_hours:string(0,0)&field=level:string(0,0)&field=amenity:string(0,0)&field=survey%3Adate:string(0,0)&field=opening_hours:string(0,0)&field=fax:string(0,0)&field=email:string(0,0)&field=contact%3Awebsite:string(0,0)&field=contact%3Apostcode:string(0,0)&field=contact%3Acity:string(0,0)&field=contact%3Astreet:string(0,0)&field=contact%3Ahousenumber:string(0,0)&field=check_date:string(0,0)&field=phone:string(0,0)&field=addr%3Astreet:string(0,0)&field=addr%3Apostcode:string(0,0)&field=addr%3Ahousenumber:string(0,0)&field=wheelchair:string(0,0)&field=website:string(0,0)&field=ref%3AFR%3ASIRET:string(0,0)&field=name:string(0,0)&uid={4518d7bb-bdbd-4c09-8855-e4ec48aa2337}" }, "geometry": { "type": "Point", "coordinates": [ 6.1255413, 45.9021815 ] } },
{ "type": "Feature", "properties": { "full_id": "n10673271581", "osm_id": "10673271581", "osm_type": "node", "shop": "weapons", "check_date": null, "operator": null, "email": null, "disused:shop": null, "wheelchair": null, "contact:website": null, "building:levels": null, "survey:date": null, "addr:street": "Rue Benjamin Baude", "addr:housenumber": "12", "phone": "+33 1 78 79 50 03", "ref:FR:SIREN": null, "contact:housenumber": null, "contact:fax": null, "contact:email": null, "addr:postcode": "77650", "addr:city": "Longueville", "ref:vatin": null, "ref:FR:NAF": null, "opening_hours": "Tu-Fr 09:30-12:00,14:30-19:00; Sa 09:30-12:00,14:30-18:000", "contact:street": null, "contact:postcode": null, "contact:phone": null, "contact:facebook": null, "contact:city": null, "ref:FR:SIRET": null, "website": null, "type": null, "name": "Armurerie de la Voulzie", "building": null, "contact:instagram": null, "panoramax": null, "min_age": null, "check_date:panoramax": null, "sport": null, "payment:cards": null, "image": null, "clothes": null, "club": null, "second_hand": null, "phone:mobile": null, "harassment_prevention": null, "contact:mobile": null, "source:name:br": null, "name:br": null, "drive_through": null, "delivery": null, "currency:EUR": null, "start_date": null, "payment:cash": null, "addr:country": null, "entrance": null, "payment:debit_cards": null, "payment:credit_cards": null, "payment:visa": null, "payment:paypal": null, "payment:mastercard": null, "payment:maestro": null, "payment:cheque": null, "payment:cb": null, "facebook": null, "description": null, "wheelchair:entrance_width": null, "wheelchair:description": null, "short_name": null, "social_facility:for": null, "opening_hours:signed": null, "official_name": null, "check_date:opening_hours": null, "level": null, "amenity": null, "fax": null, "layer": "shop_weapons_France", "path": "Point?crs=EPSG:4326&field=full_id:string(0,0)&field=osm_id:string(0,0)&field=osm_type:string(0,0)&field=shop:string(0,0)&field=contact%3Ainstagram:string(0,0)&field=panoramax:string(0,0)&field=min_age:string(0,0)&field=check_date%3Apanoramax:string(0,0)&field=sport:string(0,0)&field=payment%3Acards:string(0,0)&field=image:string(0,0)&field=clothes:string(0,0)&field=type:string(0,0)&field=club:string(0,0)&field=second_hand:string(0,0)&field=ref%3AFR%3ASIREN:string(0,0)&field=phone%3Amobile:string(0,0)&field=harassment_prevention:string(0,0)&field=contact%3Amobile:string(0,0)&field=source%3Aname%3Abr:string(0,0)&field=name%3Abr:string(0,0)&field=drive_through:string(0,0)&field=delivery:string(0,0)&field=currency%3AEUR:string(0,0)&field=start_date:string(0,0)&field=contact%3Afacebook:string(0,0)&field=payment%3Acash:string(0,0)&field=addr%3Acountry:string(0,0)&field=entrance:string(0,0)&field=payment%3Adebit_cards:string(0,0)&field=payment%3Acredit_cards:string(0,0)&field=ref%3AFR%3ANAF:string(0,0)&field=payment%3Avisa:string(0,0)&field=payment%3Apaypal:string(0,0)&field=payment%3Amastercard:string(0,0)&field=payment%3Amaestro:string(0,0)&field=payment%3Acheque:string(0,0)&field=payment%3Acb:string(0,0)&field=facebook:string(0,0)&field=contact%3Aemail:string(0,0)&field=contact%3Aphone:string(0,0)&field=operator:string(0,0)&field=description:string(0,0)&field=wheelchair%3Aentrance_width:string(0,0)&field=wheelchair%3Adescription:string(0,0)&field=short_name:string(0,0)&field=social_facility%3Afor:string(0,0)&field=addr%3Acity:string(0,0)&field=opening_hours%3Asigned:string(0,0)&field=official_name:string(0,0)&field=check_date%3Aopening_hours:string(0,0)&field=level:string(0,0)&field=amenity:string(0,0)&field=survey%3Adate:string(0,0)&field=opening_hours:string(0,0)&field=fax:string(0,0)&field=email:string(0,0)&field=contact%3Awebsite:string(0,0)&field=contact%3Apostcode:string(0,0)&field=contact%3Acity:string(0,0)&field=contact%3Astreet:string(0,0)&field=contact%3Ahousenumber:string(0,0)&field=check_date:string(0,0)&field=phone:string(0,0)&field=addr%3Astreet:string(0,0)&field=addr%3Apostcode:string(0,0)&field=addr%3Ahousenumber:string(0,0)&field=wheelchair:string(0,0)&field=website:string(0,0)&field=ref%3AFR%3ASIRET:string(0,0)&field=name:string(0,0)&uid={4518d7bb-bdbd-4c09-8855-e4ec48aa2337}" }, "geometry": { "type": "Point", "coordinates": [ 3.237125, 48.5233705 ] } },
{ "type": "Feature", "properties": { "full_id": "n10777486647", "osm_id": "10777486647", "osm_type": "node", "shop": "weapons", "check_date": null, "operator": null, "email": null, "disused:shop": null, "wheelchair": null, "contact:website": null, "building:levels": null, "survey:date": null, "addr:street": null, "addr:housenumber": null, "phone": null, "ref:FR:SIREN": null, "contact:housenumber": null, "contact:fax": null, "contact:email": null, "addr:postcode": null, "addr:city": null, "ref:vatin": null, "ref:FR:NAF": null, "opening_hours": "Tu-Fr 09:30-12:00,14:30-19:00; Mo 14:00-19:00; Sa 09:00-12:30", "contact:street": null, "contact:postcode": null, "contact:phone": null, "contact:facebook": null, "contact:city": null, "ref:FR:SIRET": null, "website": null, "type": null, "name": "Armurerie des Bénédictins", "building": null, "contact:instagram": null, "panoramax": null, "min_age": null, "check_date:panoramax": null, "sport": null, "payment:cards": null, "image": null, "clothes": null, "club": null, "second_hand": null, "phone:mobile": null, "harassment_prevention": null, "contact:mobile": null, "source:name:br": null, "name:br": null, "drive_through": null, "delivery": null, "currency:EUR": null, "start_date": null, "payment:cash": null, "addr:country": null, "entrance": null, "payment:debit_cards": null, "payment:credit_cards": null, "payment:visa": null, "payment:paypal": null, "payment:mastercard": null, "payment:maestro": null, "payment:cheque": null, "payment:cb": null, "facebook": null, "description": null, "wheelchair:entrance_width": null, "wheelchair:description": null, "short_name": null, "social_facility:for": null, "opening_hours:signed": null, "official_name": null, "check_date:opening_hours": null, "level": null, "amenity": null, "fax": null, "layer": "shop_weapons_France", "path": "Point?crs=EPSG:4326&field=full_id:string(0,0)&field=osm_id:string(0,0)&field=osm_type:string(0,0)&field=shop:string(0,0)&field=contact%3Ainstagram:string(0,0)&field=panoramax:string(0,0)&field=min_age:string(0,0)&field=check_date%3Apanoramax:string(0,0)&field=sport:string(0,0)&field=payment%3Acards:string(0,0)&field=image:string(0,0)&field=clothes:string(0,0)&field=type:string(0,0)&field=club:string(0,0)&field=second_hand:string(0,0)&field=ref%3AFR%3ASIREN:string(0,0)&field=phone%3Amobile:string(0,0)&field=harassment_prevention:string(0,0)&field=contact%3Amobile:string(0,0)&field=source%3Aname%3Abr:string(0,0)&field=name%3Abr:string(0,0)&field=drive_through:string(0,0)&field=delivery:string(0,0)&field=currency%3AEUR:string(0,0)&field=start_date:string(0,0)&field=contact%3Afacebook:string(0,0)&field=payment%3Acash:string(0,0)&field=addr%3Acountry:string(0,0)&field=entrance:string(0,0)&field=payment%3Adebit_cards:string(0,0)&field=payment%3Acredit_cards:string(0,0)&field=ref%3AFR%3ANAF:string(0,0)&field=payment%3Avisa:string(0,0)&field=payment%3Apaypal:string(0,0)&field=payment%3Amastercard:string(0,0)&field=payment%3Amaestro:string(0,0)&field=payment%3Acheque:string(0,0)&field=payment%3Acb:string(0,0)&field=facebook:string(0,0)&field=contact%3Aemail:string(0,0)&field=contact%3Aphone:string(0,0)&field=operator:string(0,0)&field=description:string(0,0)&field=wheelchair%3Aentrance_width:string(0,0)&field=wheelchair%3Adescription:string(0,0)&field=short_name:string(0,0)&field=social_facility%3Afor:string(0,0)&field=addr%3Acity:string(0,0)&field=opening_hours%3Asigned:string(0,0)&field=official_name:string(0,0)&field=check_date%3Aopening_hours:string(0,0)&field=level:string(0,0)&field=amenity:string(0,0)&field=survey%3Adate:string(0,0)&field=opening_hours:string(0,0)&field=fax:string(0,0)&field=email:string(0,0)&field=contact%3Awebsite:string(0,0)&field=contact%3Apostcode:string(0,0)&field=contact%3Acity:string(0,0)&field=contact%3Astreet:string(0,0)&field=contact%3Ahousenumber:string(0,0)&field=check_date:string(0,0)&field=phone:string(0,0)&field=addr%3Astreet:string(0,0)&field=addr%3Apostcode:string(0,0)&field=addr%3Ahousenumber:string(0,0)&field=wheelchair:string(0,0)&field=website:string(0,0)&field=ref%3AFR%3ASIRET:string(0,0)&field=name:string(0,0)&uid={4518d7bb-bdbd-4c09-8855-e4ec48aa2337}" }, "geometry": { "type": "Point", "coordinates": [ 1.2711887, 45.8351927 ] } },
{ "type": "Feature", "properties": { "full_id": "n10895614659", "osm_id": "10895614659", "osm_type": "node", "shop": "weapons", "check_date": null, "operator": null, "email": null, "disused:shop": null, "wheelchair": null, "contact:website": null, "building:levels": null, "survey:date": null, "addr:street": "Rue Malherbe", "addr:housenumber": "12", "phone": "+33 3 44 45 08 01", "ref:FR:SIREN": null, "contact:housenumber": null, "contact:fax": null, "contact:email": null, "addr:postcode": null, "addr:city": null, "ref:vatin": null, "ref:FR:NAF": null, "opening_hours": "Tu-Sa 09:30-12:00,14:00-18:00; Mo,Su off", "contact:street": null, "contact:postcode": null, "contact:phone": null, "contact:facebook": null, "contact:city": null, "ref:FR:SIRET": null, "website": null, "type": null, "name": "Armurerie Pouteil-Noble", "building": null, "contact:instagram": null, "panoramax": null, "min_age": null, "check_date:panoramax": null, "sport": null, "payment:cards": null, "image": null, "clothes": null, "club": null, "second_hand": null, "phone:mobile": null, "harassment_prevention": null, "contact:mobile": null, "source:name:br": null, "name:br": null, "drive_through": null, "delivery": null, "currency:EUR": null, "start_date": null, "payment:cash": null, "addr:country": null, "entrance": null, "payment:debit_cards": null, "payment:credit_cards": null, "payment:visa": null, "payment:paypal": null, "payment:mastercard": null, "payment:maestro": null, "payment:cheque": null, "payment:cb": null, "facebook": null, "description": null, "wheelchair:entrance_width": null, "wheelchair:description": null, "short_name": null, "social_facility:for": null, "opening_hours:signed": null, "official_name": null, "check_date:opening_hours": null, "level": null, "amenity": null, "fax": null, "layer": "shop_weapons_France", "path": "Point?crs=EPSG:4326&field=full_id:string(0,0)&field=osm_id:string(0,0)&field=osm_type:string(0,0)&field=shop:string(0,0)&field=contact%3Ainstagram:string(0,0)&field=panoramax:string(0,0)&field=min_age:string(0,0)&field=check_date%3Apanoramax:string(0,0)&field=sport:string(0,0)&field=payment%3Acards:string(0,0)&field=image:string(0,0)&field=clothes:string(0,0)&field=type:string(0,0)&field=club:string(0,0)&field=second_hand:string(0,0)&field=ref%3AFR%3ASIREN:string(0,0)&field=phone%3Amobile:string(0,0)&field=harassment_prevention:string(0,0)&field=contact%3Amobile:string(0,0)&field=source%3Aname%3Abr:string(0,0)&field=name%3Abr:string(0,0)&field=drive_through:string(0,0)&field=delivery:string(0,0)&field=currency%3AEUR:string(0,0)&field=start_date:string(0,0)&field=contact%3Afacebook:string(0,0)&field=payment%3Acash:string(0,0)&field=addr%3Acountry:string(0,0)&field=entrance:string(0,0)&field=payment%3Adebit_cards:string(0,0)&field=payment%3Acredit_cards:string(0,0)&field=ref%3AFR%3ANAF:string(0,0)&field=payment%3Avisa:string(0,0)&field=payment%3Apaypal:string(0,0)&field=payment%3Amastercard:string(0,0)&field=payment%3Amaestro:string(0,0)&field=payment%3Acheque:string(0,0)&field=payment%3Acb:string(0,0)&field=facebook:string(0,0)&field=contact%3Aemail:string(0,0)&field=contact%3Aphone:string(0,0)&field=operator:string(0,0)&field=description:string(0,0)&field=wheelchair%3Aentrance_width:string(0,0)&field=wheelchair%3Adescription:string(0,0)&field=short_name:string(0,0)&field=social_facility%3Afor:string(0,0)&field=addr%3Acity:string(0,0)&field=opening_hours%3Asigned:string(0,0)&field=official_name:string(0,0)&field=check_date%3Aopening_hours:string(0,0)&field=level:string(0,0)&field=amenity:string(0,0)&field=survey%3Adate:string(0,0)&field=opening_hours:string(0,0)&field=fax:string(0,0)&field=email:string(0,0)&field=contact%3Awebsite:string(0,0)&field=contact%3Apostcode:string(0,0)&field=contact%3Acity:string(0,0)&field=contact%3Astreet:string(0,0)&field=contact%3Ahousenumber:string(0,0)&field=check_date:string(0,0)&field=phone:string(0,0)&field=addr%3Astreet:string(0,0)&field=addr%3Apostcode:string(0,0)&field=addr%3Ahousenumber:string(0,0)&field=wheelchair:string(0,0)&field=website:string(0,0)&field=ref%3AFR%3ASIRET:string(0,0)&field=name:string(0,0)&uid={4518d7bb-bdbd-4c09-8855-e4ec48aa2337}" }, "geometry": { "type": "Point", "coordinates": [ 2.0819349, 49.428705 ] } },
{ "type": "Feature", "properties": { "full_id": "n10968212896", "osm_id": "10968212896", "osm_type": "node", "shop": "weapons", "check_date": null, "operator": null, "email": null, "disused:shop": null, "wheelchair": null, "contact:website": null, "building:levels": null, "survey:date": null, "addr:street": null, "addr:housenumber": null, "phone": null, "ref:FR:SIREN": null, "contact:housenumber": null, "contact:fax": null, "contact:email": null, "addr:postcode": null, "addr:city": null, "ref:vatin": null, "ref:FR:NAF": null, "opening_hours": null, "contact:street": null, "contact:postcode": null, "contact:phone": null, "contact:facebook": null, "contact:city": null, "ref:FR:SIRET": null, "website": null, "type": null, "name": "Armurerie du Sillon", "building": null, "contact:instagram": null, "panoramax": null, "min_age": null, "check_date:panoramax": null, "sport": null, "payment:cards": null, "image": null, "clothes": null, "club": null, "second_hand": null, "phone:mobile": null, "harassment_prevention": null, "contact:mobile": null, "source:name:br": null, "name:br": null, "drive_through": null, "delivery": null, "currency:EUR": null, "start_date": null, "payment:cash": null, "addr:country": null, "entrance": null, "payment:debit_cards": null, "payment:credit_cards": null, "payment:visa": null, "payment:paypal": null, "payment:mastercard": null, "payment:maestro": null, "payment:cheque": null, "payment:cb": null, "facebook": null, "description": null, "wheelchair:entrance_width": null, "wheelchair:description": null, "short_name": null, "social_facility:for": null, "opening_hours:signed": null, "official_name": null, "check_date:opening_hours": null, "level": null, "amenity": null, "fax": null, "layer": "shop_weapons_France", "path": "Point?crs=EPSG:4326&field=full_id:string(0,0)&field=osm_id:string(0,0)&field=osm_type:string(0,0)&field=shop:string(0,0)&field=contact%3Ainstagram:string(0,0)&field=panoramax:string(0,0)&field=min_age:string(0,0)&field=check_date%3Apanoramax:string(0,0)&field=sport:string(0,0)&field=payment%3Acards:string(0,0)&field=image:string(0,0)&field=clothes:string(0,0)&field=type:string(0,0)&field=club:string(0,0)&field=second_hand:string(0,0)&field=ref%3AFR%3ASIREN:string(0,0)&field=phone%3Amobile:string(0,0)&field=harassment_prevention:string(0,0)&field=contact%3Amobile:string(0,0)&field=source%3Aname%3Abr:string(0,0)&field=name%3Abr:string(0,0)&field=drive_through:string(0,0)&field=delivery:string(0,0)&field=currency%3AEUR:string(0,0)&field=start_date:string(0,0)&field=contact%3Afacebook:string(0,0)&field=payment%3Acash:string(0,0)&field=addr%3Acountry:string(0,0)&field=entrance:string(0,0)&field=payment%3Adebit_cards:string(0,0)&field=payment%3Acredit_cards:string(0,0)&field=ref%3AFR%3ANAF:string(0,0)&field=payment%3Avisa:string(0,0)&field=payment%3Apaypal:string(0,0)&field=payment%3Amastercard:string(0,0)&field=payment%3Amaestro:string(0,0)&field=payment%3Acheque:string(0,0)&field=payment%3Acb:string(0,0)&field=facebook:string(0,0)&field=contact%3Aemail:string(0,0)&field=contact%3Aphone:string(0,0)&field=operator:string(0,0)&field=description:string(0,0)&field=wheelchair%3Aentrance_width:string(0,0)&field=wheelchair%3Adescription:string(0,0)&field=short_name:string(0,0)&field=social_facility%3Afor:string(0,0)&field=addr%3Acity:string(0,0)&field=opening_hours%3Asigned:string(0,0)&field=official_name:string(0,0)&field=check_date%3Aopening_hours:string(0,0)&field=level:string(0,0)&field=amenity:string(0,0)&field=survey%3Adate:string(0,0)&field=opening_hours:string(0,0)&field=fax:string(0,0)&field=email:string(0,0)&field=contact%3Awebsite:string(0,0)&field=contact%3Apostcode:string(0,0)&field=contact%3Acity:string(0,0)&field=contact%3Astreet:string(0,0)&field=contact%3Ahousenumber:string(0,0)&field=check_date:string(0,0)&field=phone:string(0,0)&field=addr%3Astreet:string(0,0)&field=addr%3Apostcode:string(0,0)&field=addr%3Ahousenumber:string(0,0)&field=wheelchair:string(0,0)&field=website:string(0,0)&field=ref%3AFR%3ASIRET:string(0,0)&field=name:string(0,0)&uid={4518d7bb-bdbd-4c09-8855-e4ec48aa2337}" }, "geometry": { "type": "Point", "coordinates": [ -3.1475555, 48.8349924 ] } },
{ "type": "Feature", "properties": { "full_id": "n11037583919", "osm_id": "11037583919", "osm_type": "node", "shop": "weapons", "check_date": null, "operator": null, "email": null, "disused:shop": null, "wheelchair": null, "contact:website": null, "building:levels": null, "survey:date": null, "addr:street": "Rue du Général Marcot", "addr:housenumber": "14", "phone": "+33384929504", "ref:FR:SIREN": null, "contact:housenumber": null, "contact:fax": null, "contact:email": null, "addr:postcode": "70210", "addr:city": "Vauvillers", "ref:vatin": null, "ref:FR:NAF": null, "opening_hours": null, "contact:street": null, "contact:postcode": null, "contact:phone": null, "contact:facebook": null, "contact:city": null, "ref:FR:SIRET": null, "website": null, "type": null, "name": "Armurerie de Franche-Comté", "building": null, "contact:instagram": null, "panoramax": null, "min_age": null, "check_date:panoramax": null, "sport": null, "payment:cards": null, "image": null, "clothes": null, "club": null, "second_hand": null, "phone:mobile": "+33679762103", "harassment_prevention": null, "contact:mobile": null, "source:name:br": null, "name:br": null, "drive_through": null, "delivery": null, "currency:EUR": null, "start_date": null, "payment:cash": null, "addr:country": null, "entrance": null, "payment:debit_cards": null, "payment:credit_cards": null, "payment:visa": null, "payment:paypal": null, "payment:mastercard": null, "payment:maestro": null, "payment:cheque": null, "payment:cb": null, "facebook": null, "description": null, "wheelchair:entrance_width": null, "wheelchair:description": null, "short_name": null, "social_facility:for": null, "opening_hours:signed": null, "official_name": null, "check_date:opening_hours": null, "level": null, "amenity": null, "fax": null, "layer": "shop_weapons_France", "path": "Point?crs=EPSG:4326&field=full_id:string(0,0)&field=osm_id:string(0,0)&field=osm_type:string(0,0)&field=shop:string(0,0)&field=contact%3Ainstagram:string(0,0)&field=panoramax:string(0,0)&field=min_age:string(0,0)&field=check_date%3Apanoramax:string(0,0)&field=sport:string(0,0)&field=payment%3Acards:string(0,0)&field=image:string(0,0)&field=clothes:string(0,0)&field=type:string(0,0)&field=club:string(0,0)&field=second_hand:string(0,0)&field=ref%3AFR%3ASIREN:string(0,0)&field=phone%3Amobile:string(0,0)&field=harassment_prevention:string(0,0)&field=contact%3Amobile:string(0,0)&field=source%3Aname%3Abr:string(0,0)&field=name%3Abr:string(0,0)&field=drive_through:string(0,0)&field=delivery:string(0,0)&field=currency%3AEUR:string(0,0)&field=start_date:string(0,0)&field=contact%3Afacebook:string(0,0)&field=payment%3Acash:string(0,0)&field=addr%3Acountry:string(0,0)&field=entrance:string(0,0)&field=payment%3Adebit_cards:string(0,0)&field=payment%3Acredit_cards:string(0,0)&field=ref%3AFR%3ANAF:string(0,0)&field=payment%3Avisa:string(0,0)&field=payment%3Apaypal:string(0,0)&field=payment%3Amastercard:string(0,0)&field=payment%3Amaestro:string(0,0)&field=payment%3Acheque:string(0,0)&field=payment%3Acb:string(0,0)&field=facebook:string(0,0)&field=contact%3Aemail:string(0,0)&field=contact%3Aphone:string(0,0)&field=operator:string(0,0)&field=description:string(0,0)&field=wheelchair%3Aentrance_width:string(0,0)&field=wheelchair%3Adescription:string(0,0)&field=short_name:string(0,0)&field=social_facility%3Afor:string(0,0)&field=addr%3Acity:string(0,0)&field=opening_hours%3Asigned:string(0,0)&field=official_name:string(0,0)&field=check_date%3Aopening_hours:string(0,0)&field=level:string(0,0)&field=amenity:string(0,0)&field=survey%3Adate:string(0,0)&field=opening_hours:string(0,0)&field=fax:string(0,0)&field=email:string(0,0)&field=contact%3Awebsite:string(0,0)&field=contact%3Apostcode:string(0,0)&field=contact%3Acity:string(0,0)&field=contact%3Astreet:string(0,0)&field=contact%3Ahousenumber:string(0,0)&field=check_date:string(0,0)&field=phone:string(0,0)&field=addr%3Astreet:string(0,0)&field=addr%3Apostcode:string(0,0)&field=addr%3Ahousenumber:string(0,0)&field=wheelchair:string(0,0)&field=website:string(0,0)&field=ref%3AFR%3ASIRET:string(0,0)&field=name:string(0,0)&uid={4518d7bb-bdbd-4c09-8855-e4ec48aa2337}" }, "geometry": { "type": "Point", "coordinates": [ 6.1004866, 47.9203045 ] } },
{ "type": "Feature", "properties": { "full_id": "n11115729163", "osm_id": "11115729163", "osm_type": "node", "shop": "weapons", "check_date": null, "operator": null, "email": null, "disused:shop": null, "wheelchair": null, "contact:website": null, "building:levels": null, "survey:date": null, "addr:street": "Boulevard de Bretagne", "addr:housenumber": null, "phone": null, "ref:FR:SIREN": null, "contact:housenumber": null, "contact:fax": null, "contact:email": null, "addr:postcode": "56130", "addr:city": "Nivillac", "ref:vatin": null, "ref:FR:NAF": null, "opening_hours": null, "contact:street": null, "contact:postcode": null, "contact:phone": null, "contact:facebook": null, "contact:city": null, "ref:FR:SIRET": null, "website": null, "type": null, "name": "Armurerie du Rodoir", "building": null, "contact:instagram": null, "panoramax": null, "min_age": null, "check_date:panoramax": null, "sport": null, "payment:cards": null, "image": null, "clothes": null, "club": null, "second_hand": null, "phone:mobile": null, "harassment_prevention": null, "contact:mobile": null, "source:name:br": null, "name:br": null, "drive_through": null, "delivery": null, "currency:EUR": null, "start_date": null, "payment:cash": null, "addr:country": null, "entrance": null, "payment:debit_cards": null, "payment:credit_cards": null, "payment:visa": null, "payment:paypal": null, "payment:mastercard": null, "payment:maestro": null, "payment:cheque": null, "payment:cb": null, "facebook": null, "description": null, "wheelchair:entrance_width": null, "wheelchair:description": null, "short_name": null, "social_facility:for": null, "opening_hours:signed": null, "official_name": null, "check_date:opening_hours": null, "level": null, "amenity": null, "fax": null, "layer": "shop_weapons_France", "path": "Point?crs=EPSG:4326&field=full_id:string(0,0)&field=osm_id:string(0,0)&field=osm_type:string(0,0)&field=shop:string(0,0)&field=contact%3Ainstagram:string(0,0)&field=panoramax:string(0,0)&field=min_age:string(0,0)&field=check_date%3Apanoramax:string(0,0)&field=sport:string(0,0)&field=payment%3Acards:string(0,0)&field=image:string(0,0)&field=clothes:string(0,0)&field=type:string(0,0)&field=club:string(0,0)&field=second_hand:string(0,0)&field=ref%3AFR%3ASIREN:string(0,0)&field=phone%3Amobile:string(0,0)&field=harassment_prevention:string(0,0)&field=contact%3Amobile:string(0,0)&field=source%3Aname%3Abr:string(0,0)&field=name%3Abr:string(0,0)&field=drive_through:string(0,0)&field=delivery:string(0,0)&field=currency%3AEUR:string(0,0)&field=start_date:string(0,0)&field=contact%3Afacebook:string(0,0)&field=payment%3Acash:string(0,0)&field=addr%3Acountry:string(0,0)&field=entrance:string(0,0)&field=payment%3Adebit_cards:string(0,0)&field=payment%3Acredit_cards:string(0,0)&field=ref%3AFR%3ANAF:string(0,0)&field=payment%3Avisa:string(0,0)&field=payment%3Apaypal:string(0,0)&field=payment%3Amastercard:string(0,0)&field=payment%3Amaestro:string(0,0)&field=payment%3Acheque:string(0,0)&field=payment%3Acb:string(0,0)&field=facebook:string(0,0)&field=contact%3Aemail:string(0,0)&field=contact%3Aphone:string(0,0)&field=operator:string(0,0)&field=description:string(0,0)&field=wheelchair%3Aentrance_width:string(0,0)&field=wheelchair%3Adescription:string(0,0)&field=short_name:string(0,0)&field=social_facility%3Afor:string(0,0)&field=addr%3Acity:string(0,0)&field=opening_hours%3Asigned:string(0,0)&field=official_name:string(0,0)&field=check_date%3Aopening_hours:string(0,0)&field=level:string(0,0)&field=amenity:string(0,0)&field=survey%3Adate:string(0,0)&field=opening_hours:string(0,0)&field=fax:string(0,0)&field=email:string(0,0)&field=contact%3Awebsite:string(0,0)&field=contact%3Apostcode:string(0,0)&field=contact%3Acity:string(0,0)&field=contact%3Astreet:string(0,0)&field=contact%3Ahousenumber:string(0,0)&field=check_date:string(0,0)&field=phone:string(0,0)&field=addr%3Astreet:string(0,0)&field=addr%3Apostcode:string(0,0)&field=addr%3Ahousenumber:string(0,0)&field=wheelchair:string(0,0)&field=website:string(0,0)&field=ref%3AFR%3ASIRET:string(0,0)&field=name:string(0,0)&uid={4518d7bb-bdbd-4c09-8855-e4ec48aa2337}" }, "geometry": { "type": "Point", "coordinates": [ -2.2961475, 47.5173198 ] } },
{ "type": "Feature", "properties": { "full_id": "n11117645734", "osm_id": "11117645734", "osm_type": "node", "shop": "weapons", "check_date": null, "operator": null, "email": null, "disused:shop": null, "wheelchair": null, "contact:website": null, "building:levels": null, "survey:date": null, "addr:street": null, "addr:housenumber": null, "phone": null, "ref:FR:SIREN": null, "contact:housenumber": null, "contact:fax": null, "contact:email": null, "addr:postcode": null, "addr:city": null, "ref:vatin": null, "ref:FR:NAF": null, "opening_hours": "Tu-Sa 10:00-12:30, Tu 14:00-20:30, We-Fr 14:30-19:15, Sa 14:30-19:00", "contact:street": null, "contact:postcode": null, "contact:phone": null, "contact:facebook": null, "contact:city": null, "ref:FR:SIRET": null, "website": null, "type": null, "name": "AirSoft Concepts", "building": null, "contact:instagram": null, "panoramax": null, "min_age": null, "check_date:panoramax": null, "sport": null, "payment:cards": null, "image": null, "clothes": null, "club": null, "second_hand": null, "phone:mobile": null, "harassment_prevention": null, "contact:mobile": null, "source:name:br": null, "name:br": null, "drive_through": null, "delivery": null, "currency:EUR": null, "start_date": null, "payment:cash": null, "addr:country": null, "entrance": null, "payment:debit_cards": null, "payment:credit_cards": null, "payment:visa": null, "payment:paypal": null, "payment:mastercard": null, "payment:maestro": null, "payment:cheque": null, "payment:cb": null, "facebook": null, "description": null, "wheelchair:entrance_width": null, "wheelchair:description": null, "short_name": null, "social_facility:for": null, "opening_hours:signed": null, "official_name": null, "check_date:opening_hours": null, "level": null, "amenity": null, "fax": null, "layer": "shop_weapons_France", "path": "Point?crs=EPSG:4326&field=full_id:string(0,0)&field=osm_id:string(0,0)&field=osm_type:string(0,0)&field=shop:string(0,0)&field=contact%3Ainstagram:string(0,0)&field=panoramax:string(0,0)&field=min_age:string(0,0)&field=check_date%3Apanoramax:string(0,0)&field=sport:string(0,0)&field=payment%3Acards:string(0,0)&field=image:string(0,0)&field=clothes:string(0,0)&field=type:string(0,0)&field=club:string(0,0)&field=second_hand:string(0,0)&field=ref%3AFR%3ASIREN:string(0,0)&field=phone%3Amobile:string(0,0)&field=harassment_prevention:string(0,0)&field=contact%3Amobile:string(0,0)&field=source%3Aname%3Abr:string(0,0)&field=name%3Abr:string(0,0)&field=drive_through:string(0,0)&field=delivery:string(0,0)&field=currency%3AEUR:string(0,0)&field=start_date:string(0,0)&field=contact%3Afacebook:string(0,0)&field=payment%3Acash:string(0,0)&field=addr%3Acountry:string(0,0)&field=entrance:string(0,0)&field=payment%3Adebit_cards:string(0,0)&field=payment%3Acredit_cards:string(0,0)&field=ref%3AFR%3ANAF:string(0,0)&field=payment%3Avisa:string(0,0)&field=payment%3Apaypal:string(0,0)&field=payment%3Amastercard:string(0,0)&field=payment%3Amaestro:string(0,0)&field=payment%3Acheque:string(0,0)&field=payment%3Acb:string(0,0)&field=facebook:string(0,0)&field=contact%3Aemail:string(0,0)&field=contact%3Aphone:string(0,0)&field=operator:string(0,0)&field=description:string(0,0)&field=wheelchair%3Aentrance_width:string(0,0)&field=wheelchair%3Adescription:string(0,0)&field=short_name:string(0,0)&field=social_facility%3Afor:string(0,0)&field=addr%3Acity:string(0,0)&field=opening_hours%3Asigned:string(0,0)&field=official_name:string(0,0)&field=check_date%3Aopening_hours:string(0,0)&field=level:string(0,0)&field=amenity:string(0,0)&field=survey%3Adate:string(0,0)&field=opening_hours:string(0,0)&field=fax:string(0,0)&field=email:string(0,0)&field=contact%3Awebsite:string(0,0)&field=contact%3Apostcode:string(0,0)&field=contact%3Acity:string(0,0)&field=contact%3Astreet:string(0,0)&field=contact%3Ahousenumber:string(0,0)&field=check_date:string(0,0)&field=phone:string(0,0)&field=addr%3Astreet:string(0,0)&field=addr%3Apostcode:string(0,0)&field=addr%3Ahousenumber:string(0,0)&field=wheelchair:string(0,0)&field=website:string(0,0)&field=ref%3AFR%3ASIRET:string(0,0)&field=name:string(0,0)&uid={4518d7bb-bdbd-4c09-8855-e4ec48aa2337}" }, "geometry": { "type": "Point", "coordinates": [ 6.2481173, 48.7077223 ] } },
{ "type": "Feature", "properties": { "full_id": "n11144374650", "osm_id": "11144374650", "osm_type": "node", "shop": "weapons", "check_date": null, "operator": null, "email": null, "disused:shop": null, "wheelchair": "limited", "contact:website": null, "building:levels": null, "survey:date": null, "addr:street": null, "addr:housenumber": null, "phone": null, "ref:FR:SIREN": null, "contact:housenumber": null, "contact:fax": null, "contact:email": null, "addr:postcode": null, "addr:city": null, "ref:vatin": null, "ref:FR:NAF": null, "opening_hours": "Tu-Sa 11:00-18:00", "contact:street": null, "contact:postcode": null, "contact:phone": null, "contact:facebook": null, "contact:city": null, "ref:FR:SIRET": null, "website": null, "type": null, "name": "Kindal (coutellerie)", "building": null, "contact:instagram": null, "panoramax": null, "min_age": null, "check_date:panoramax": null, "sport": null, "payment:cards": null, "image": null, "clothes": null, "club": null, "second_hand": null, "phone:mobile": null, "harassment_prevention": null, "contact:mobile": null, "source:name:br": null, "name:br": null, "drive_through": null, "delivery": null, "currency:EUR": null, "start_date": null, "payment:cash": null, "addr:country": null, "entrance": null, "payment:debit_cards": null, "payment:credit_cards": null, "payment:visa": null, "payment:paypal": null, "payment:mastercard": null, "payment:maestro": null, "payment:cheque": null, "payment:cb": null, "facebook": null, "description": null, "wheelchair:entrance_width": null, "wheelchair:description": null, "short_name": null, "social_facility:for": null, "opening_hours:signed": null, "official_name": null, "check_date:opening_hours": null, "level": null, "amenity": null, "fax": null, "layer": "shop_weapons_France", "path": "Point?crs=EPSG:4326&field=full_id:string(0,0)&field=osm_id:string(0,0)&field=osm_type:string(0,0)&field=shop:string(0,0)&field=contact%3Ainstagram:string(0,0)&field=panoramax:string(0,0)&field=min_age:string(0,0)&field=check_date%3Apanoramax:string(0,0)&field=sport:string(0,0)&field=payment%3Acards:string(0,0)&field=image:string(0,0)&field=clothes:string(0,0)&field=type:string(0,0)&field=club:string(0,0)&field=second_hand:string(0,0)&field=ref%3AFR%3ASIREN:string(0,0)&field=phone%3Amobile:string(0,0)&field=harassment_prevention:string(0,0)&field=contact%3Amobile:string(0,0)&field=source%3Aname%3Abr:string(0,0)&field=name%3Abr:string(0,0)&field=drive_through:string(0,0)&field=delivery:string(0,0)&field=currency%3AEUR:string(0,0)&field=start_date:string(0,0)&field=contact%3Afacebook:string(0,0)&field=payment%3Acash:string(0,0)&field=addr%3Acountry:string(0,0)&field=entrance:string(0,0)&field=payment%3Adebit_cards:string(0,0)&field=payment%3Acredit_cards:string(0,0)&field=ref%3AFR%3ANAF:string(0,0)&field=payment%3Avisa:string(0,0)&field=payment%3Apaypal:string(0,0)&field=payment%3Amastercard:string(0,0)&field=payment%3Amaestro:string(0,0)&field=payment%3Acheque:string(0,0)&field=payment%3Acb:string(0,0)&field=facebook:string(0,0)&field=contact%3Aemail:string(0,0)&field=contact%3Aphone:string(0,0)&field=operator:string(0,0)&field=description:string(0,0)&field=wheelchair%3Aentrance_width:string(0,0)&field=wheelchair%3Adescription:string(0,0)&field=short_name:string(0,0)&field=social_facility%3Afor:string(0,0)&field=addr%3Acity:string(0,0)&field=opening_hours%3Asigned:string(0,0)&field=official_name:string(0,0)&field=check_date%3Aopening_hours:string(0,0)&field=level:string(0,0)&field=amenity:string(0,0)&field=survey%3Adate:string(0,0)&field=opening_hours:string(0,0)&field=fax:string(0,0)&field=email:string(0,0)&field=contact%3Awebsite:string(0,0)&field=contact%3Apostcode:string(0,0)&field=contact%3Acity:string(0,0)&field=contact%3Astreet:string(0,0)&field=contact%3Ahousenumber:string(0,0)&field=check_date:string(0,0)&field=phone:string(0,0)&field=addr%3Astreet:string(0,0)&field=addr%3Apostcode:string(0,0)&field=addr%3Ahousenumber:string(0,0)&field=wheelchair:string(0,0)&field=website:string(0,0)&field=ref%3AFR%3ASIRET:string(0,0)&field=name:string(0,0)&uid={4518d7bb-bdbd-4c09-8855-e4ec48aa2337}" }, "geometry": { "type": "Point", "coordinates": [ 2.31947, 48.8801917 ] } },
{ "type": "Feature", "properties": { "full_id": "n11148034159", "osm_id": "11148034159", "osm_type": "node", "shop": "weapons", "check_date": null, "operator": null, "email": null, "disused:shop": null, "wheelchair": null, "contact:website": null, "building:levels": null, "survey:date": null, "addr:street": "Rue Vallon", "addr:housenumber": "19", "phone": null, "ref:FR:SIREN": "404296634", "contact:housenumber": null, "contact:fax": null, "contact:email": null, "addr:postcode": "74200", "addr:city": "Thonon-les-Bains", "ref:vatin": null, "ref:FR:NAF": "4764Z", "opening_hours": "Mo,Su off; Tu-Sa 09:00-12:00, 14:00-19:00", "contact:street": null, "contact:postcode": null, "contact:phone": "+33 4 50 71 04 48", "contact:facebook": null, "contact:city": null, "ref:FR:SIRET": "40429663400011", "website": "https://www.armurerie-colvert-thonon.fr/", "type": null, "name": "Le Colvert", "building": null, "contact:instagram": null, "panoramax": null, "min_age": null, "check_date:panoramax": null, "sport": null, "payment:cards": null, "image": null, "clothes": null, "club": null, "second_hand": null, "phone:mobile": null, "harassment_prevention": null, "contact:mobile": null, "source:name:br": null, "name:br": null, "drive_through": null, "delivery": null, "currency:EUR": null, "start_date": "1996-02-20", "payment:cash": null, "addr:country": null, "entrance": null, "payment:debit_cards": null, "payment:credit_cards": null, "payment:visa": null, "payment:paypal": null, "payment:mastercard": null, "payment:maestro": null, "payment:cheque": null, "payment:cb": null, "facebook": null, "description": null, "wheelchair:entrance_width": null, "wheelchair:description": null, "short_name": null, "social_facility:for": null, "opening_hours:signed": null, "official_name": null, "check_date:opening_hours": null, "level": null, "amenity": null, "fax": null, "layer": "shop_weapons_France", "path": "Point?crs=EPSG:4326&field=full_id:string(0,0)&field=osm_id:string(0,0)&field=osm_type:string(0,0)&field=shop:string(0,0)&field=contact%3Ainstagram:string(0,0)&field=panoramax:string(0,0)&field=min_age:string(0,0)&field=check_date%3Apanoramax:string(0,0)&field=sport:string(0,0)&field=payment%3Acards:string(0,0)&field=image:string(0,0)&field=clothes:string(0,0)&field=type:string(0,0)&field=club:string(0,0)&field=second_hand:string(0,0)&field=ref%3AFR%3ASIREN:string(0,0)&field=phone%3Amobile:string(0,0)&field=harassment_prevention:string(0,0)&field=contact%3Amobile:string(0,0)&field=source%3Aname%3Abr:string(0,0)&field=name%3Abr:string(0,0)&field=drive_through:string(0,0)&field=delivery:string(0,0)&field=currency%3AEUR:string(0,0)&field=start_date:string(0,0)&field=contact%3Afacebook:string(0,0)&field=payment%3Acash:string(0,0)&field=addr%3Acountry:string(0,0)&field=entrance:string(0,0)&field=payment%3Adebit_cards:string(0,0)&field=payment%3Acredit_cards:string(0,0)&field=ref%3AFR%3ANAF:string(0,0)&field=payment%3Avisa:string(0,0)&field=payment%3Apaypal:string(0,0)&field=payment%3Amastercard:string(0,0)&field=payment%3Amaestro:string(0,0)&field=payment%3Acheque:string(0,0)&field=payment%3Acb:string(0,0)&field=facebook:string(0,0)&field=contact%3Aemail:string(0,0)&field=contact%3Aphone:string(0,0)&field=operator:string(0,0)&field=description:string(0,0)&field=wheelchair%3Aentrance_width:string(0,0)&field=wheelchair%3Adescription:string(0,0)&field=short_name:string(0,0)&field=social_facility%3Afor:string(0,0)&field=addr%3Acity:string(0,0)&field=opening_hours%3Asigned:string(0,0)&field=official_name:string(0,0)&field=check_date%3Aopening_hours:string(0,0)&field=level:string(0,0)&field=amenity:string(0,0)&field=survey%3Adate:string(0,0)&field=opening_hours:string(0,0)&field=fax:string(0,0)&field=email:string(0,0)&field=contact%3Awebsite:string(0,0)&field=contact%3Apostcode:string(0,0)&field=contact%3Acity:string(0,0)&field=contact%3Astreet:string(0,0)&field=contact%3Ahousenumber:string(0,0)&field=check_date:string(0,0)&field=phone:string(0,0)&field=addr%3Astreet:string(0,0)&field=addr%3Apostcode:string(0,0)&field=addr%3Ahousenumber:string(0,0)&field=wheelchair:string(0,0)&field=website:string(0,0)&field=ref%3AFR%3ASIRET:string(0,0)&field=name:string(0,0)&uid={4518d7bb-bdbd-4c09-8855-e4ec48aa2337}" }, "geometry": { "type": "Point", "coordinates": [ 6.4775093, 46.3720079 ] } },
{ "type": "Feature", "properties": { "full_id": "n11154461674", "osm_id": "11154461674", "osm_type": "node", "shop": "weapons", "check_date": null, "operator": null, "email": null, "disused:shop": null, "wheelchair": null, "contact:website": null, "building:levels": null, "survey:date": null, "addr:street": "Rue Saint-Lazare", "addr:housenumber": "23", "phone": "+33 3 44 87 91 57", "ref:FR:SIREN": null, "contact:housenumber": null, "contact:fax": null, "contact:email": null, "addr:postcode": null, "addr:city": null, "ref:vatin": null, "ref:FR:NAF": null, "opening_hours": "Tu-Sa 09:30-12:00,14:00-18:00; Mo,Su off", "contact:street": null, "contact:postcode": null, "contact:phone": null, "contact:facebook": null, "contact:city": null, "ref:FR:SIRET": null, "website": null, "type": null, "name": "Armurerie Saint-Thomas", "building": null, "contact:instagram": null, "panoramax": null, "min_age": null, "check_date:panoramax": null, "sport": null, "payment:cards": null, "image": null, "clothes": null, "club": null, "second_hand": null, "phone:mobile": null, "harassment_prevention": null, "contact:mobile": null, "source:name:br": null, "name:br": null, "drive_through": null, "delivery": null, "currency:EUR": null, "start_date": null, "payment:cash": null, "addr:country": null, "entrance": null, "payment:debit_cards": null, "payment:credit_cards": null, "payment:visa": null, "payment:paypal": null, "payment:mastercard": null, "payment:maestro": null, "payment:cheque": null, "payment:cb": null, "facebook": null, "description": null, "wheelchair:entrance_width": null, "wheelchair:description": null, "short_name": null, "social_facility:for": null, "opening_hours:signed": null, "official_name": null, "check_date:opening_hours": null, "level": null, "amenity": null, "fax": null, "layer": "shop_weapons_France", "path": "Point?crs=EPSG:4326&field=full_id:string(0,0)&field=osm_id:string(0,0)&field=osm_type:string(0,0)&field=shop:string(0,0)&field=contact%3Ainstagram:string(0,0)&field=panoramax:string(0,0)&field=min_age:string(0,0)&field=check_date%3Apanoramax:string(0,0)&field=sport:string(0,0)&field=payment%3Acards:string(0,0)&field=image:string(0,0)&field=clothes:string(0,0)&field=type:string(0,0)&field=club:string(0,0)&field=second_hand:string(0,0)&field=ref%3AFR%3ASIREN:string(0,0)&field=phone%3Amobile:string(0,0)&field=harassment_prevention:string(0,0)&field=contact%3Amobile:string(0,0)&field=source%3Aname%3Abr:string(0,0)&field=name%3Abr:string(0,0)&field=drive_through:string(0,0)&field=delivery:string(0,0)&field=currency%3AEUR:string(0,0)&field=start_date:string(0,0)&field=contact%3Afacebook:string(0,0)&field=payment%3Acash:string(0,0)&field=addr%3Acountry:string(0,0)&field=entrance:string(0,0)&field=payment%3Adebit_cards:string(0,0)&field=payment%3Acredit_cards:string(0,0)&field=ref%3AFR%3ANAF:string(0,0)&field=payment%3Avisa:string(0,0)&field=payment%3Apaypal:string(0,0)&field=payment%3Amastercard:string(0,0)&field=payment%3Amaestro:string(0,0)&field=payment%3Acheque:string(0,0)&field=payment%3Acb:string(0,0)&field=facebook:string(0,0)&field=contact%3Aemail:string(0,0)&field=contact%3Aphone:string(0,0)&field=operator:string(0,0)&field=description:string(0,0)&field=wheelchair%3Aentrance_width:string(0,0)&field=wheelchair%3Adescription:string(0,0)&field=short_name:string(0,0)&field=social_facility%3Afor:string(0,0)&field=addr%3Acity:string(0,0)&field=opening_hours%3Asigned:string(0,0)&field=official_name:string(0,0)&field=check_date%3Aopening_hours:string(0,0)&field=level:string(0,0)&field=amenity:string(0,0)&field=survey%3Adate:string(0,0)&field=opening_hours:string(0,0)&field=fax:string(0,0)&field=email:string(0,0)&field=contact%3Awebsite:string(0,0)&field=contact%3Apostcode:string(0,0)&field=contact%3Acity:string(0,0)&field=contact%3Astreet:string(0,0)&field=contact%3Ahousenumber:string(0,0)&field=check_date:string(0,0)&field=phone:string(0,0)&field=addr%3Astreet:string(0,0)&field=addr%3Apostcode:string(0,0)&field=addr%3Ahousenumber:string(0,0)&field=wheelchair:string(0,0)&field=website:string(0,0)&field=ref%3AFR%3ASIRET:string(0,0)&field=name:string(0,0)&uid={4518d7bb-bdbd-4c09-8855-e4ec48aa2337}" }, "geometry": { "type": "Point", "coordinates": [ 2.8899287, 49.2337026 ] } },
{ "type": "Feature", "properties": { "full_id": "n11197345602", "osm_id": "11197345602", "osm_type": "node", "shop": "weapons", "check_date": null, "operator": null, "email": null, "disused:shop": null, "wheelchair": null, "contact:website": null, "building:levels": null, "survey:date": null, "addr:street": null, "addr:housenumber": null, "phone": null, "ref:FR:SIREN": null, "contact:housenumber": null, "contact:fax": null, "contact:email": null, "addr:postcode": null, "addr:city": null, "ref:vatin": null, "ref:FR:NAF": null, "opening_hours": null, "contact:street": null, "contact:postcode": null, "contact:phone": null, "contact:facebook": null, "contact:city": null, "ref:FR:SIRET": null, "website": null, "type": null, "name": "Armurerie de Brie", "building": null, "contact:instagram": null, "panoramax": null, "min_age": null, "check_date:panoramax": null, "sport": null, "payment:cards": null, "image": null, "clothes": null, "club": null, "second_hand": null, "phone:mobile": null, "harassment_prevention": null, "contact:mobile": null, "source:name:br": null, "name:br": null, "drive_through": null, "delivery": null, "currency:EUR": null, "start_date": null, "payment:cash": null, "addr:country": null, "entrance": null, "payment:debit_cards": null, "payment:credit_cards": null, "payment:visa": null, "payment:paypal": null, "payment:mastercard": null, "payment:maestro": null, "payment:cheque": null, "payment:cb": null, "facebook": null, "description": null, "wheelchair:entrance_width": null, "wheelchair:description": null, "short_name": null, "social_facility:for": null, "opening_hours:signed": null, "official_name": null, "check_date:opening_hours": null, "level": null, "amenity": null, "fax": null, "layer": "shop_weapons_France", "path": "Point?crs=EPSG:4326&field=full_id:string(0,0)&field=osm_id:string(0,0)&field=osm_type:string(0,0)&field=shop:string(0,0)&field=contact%3Ainstagram:string(0,0)&field=panoramax:string(0,0)&field=min_age:string(0,0)&field=check_date%3Apanoramax:string(0,0)&field=sport:string(0,0)&field=payment%3Acards:string(0,0)&field=image:string(0,0)&field=clothes:string(0,0)&field=type:string(0,0)&field=club:string(0,0)&field=second_hand:string(0,0)&field=ref%3AFR%3ASIREN:string(0,0)&field=phone%3Amobile:string(0,0)&field=harassment_prevention:string(0,0)&field=contact%3Amobile:string(0,0)&field=source%3Aname%3Abr:string(0,0)&field=name%3Abr:string(0,0)&field=drive_through:string(0,0)&field=delivery:string(0,0)&field=currency%3AEUR:string(0,0)&field=start_date:string(0,0)&field=contact%3Afacebook:string(0,0)&field=payment%3Acash:string(0,0)&field=addr%3Acountry:string(0,0)&field=entrance:string(0,0)&field=payment%3Adebit_cards:string(0,0)&field=payment%3Acredit_cards:string(0,0)&field=ref%3AFR%3ANAF:string(0,0)&field=payment%3Avisa:string(0,0)&field=payment%3Apaypal:string(0,0)&field=payment%3Amastercard:string(0,0)&field=payment%3Amaestro:string(0,0)&field=payment%3Acheque:string(0,0)&field=payment%3Acb:string(0,0)&field=facebook:string(0,0)&field=contact%3Aemail:string(0,0)&field=contact%3Aphone:string(0,0)&field=operator:string(0,0)&field=description:string(0,0)&field=wheelchair%3Aentrance_width:string(0,0)&field=wheelchair%3Adescription:string(0,0)&field=short_name:string(0,0)&field=social_facility%3Afor:string(0,0)&field=addr%3Acity:string(0,0)&field=opening_hours%3Asigned:string(0,0)&field=official_name:string(0,0)&field=check_date%3Aopening_hours:string(0,0)&field=level:string(0,0)&field=amenity:string(0,0)&field=survey%3Adate:string(0,0)&field=opening_hours:string(0,0)&field=fax:string(0,0)&field=email:string(0,0)&field=contact%3Awebsite:string(0,0)&field=contact%3Apostcode:string(0,0)&field=contact%3Acity:string(0,0)&field=contact%3Astreet:string(0,0)&field=contact%3Ahousenumber:string(0,0)&field=check_date:string(0,0)&field=phone:string(0,0)&field=addr%3Astreet:string(0,0)&field=addr%3Apostcode:string(0,0)&field=addr%3Ahousenumber:string(0,0)&field=wheelchair:string(0,0)&field=website:string(0,0)&field=ref%3AFR%3ASIRET:string(0,0)&field=name:string(0,0)&uid={4518d7bb-bdbd-4c09-8855-e4ec48aa2337}" }, "geometry": { "type": "Point", "coordinates": [ 2.6095548, 48.6992865 ] } },
{ "type": "Feature", "properties": { "full_id": "n11219505745", "osm_id": "11219505745", "osm_type": "node", "shop": "weapons", "check_date": null, "operator": null, "email": null, "disused:shop": null, "wheelchair": null, "contact:website": null, "building:levels": null, "survey:date": null, "addr:street": null, "addr:housenumber": null, "phone": null, "ref:FR:SIREN": null, "contact:housenumber": null, "contact:fax": null, "contact:email": null, "addr:postcode": null, "addr:city": null, "ref:vatin": null, "ref:FR:NAF": null, "opening_hours": null, "contact:street": null, "contact:postcode": null, "contact:phone": null, "contact:facebook": null, "contact:city": null, "ref:FR:SIRET": null, "website": "https://www.armurerie-aube.com/", "type": null, "name": "L'Epervier - Armurerie Aube", "building": null, "contact:instagram": null, "panoramax": null, "min_age": null, "check_date:panoramax": null, "sport": null, "payment:cards": null, "image": null, "clothes": null, "club": null, "second_hand": null, "phone:mobile": null, "harassment_prevention": null, "contact:mobile": null, "source:name:br": null, "name:br": null, "drive_through": null, "delivery": null, "currency:EUR": null, "start_date": null, "payment:cash": null, "addr:country": null, "entrance": null, "payment:debit_cards": null, "payment:credit_cards": null, "payment:visa": null, "payment:paypal": null, "payment:mastercard": null, "payment:maestro": null, "payment:cheque": null, "payment:cb": null, "facebook": null, "description": null, "wheelchair:entrance_width": null, "wheelchair:description": null, "short_name": null, "social_facility:for": null, "opening_hours:signed": null, "official_name": null, "check_date:opening_hours": null, "level": null, "amenity": null, "fax": null, "layer": "shop_weapons_France", "path": "Point?crs=EPSG:4326&field=full_id:string(0,0)&field=osm_id:string(0,0)&field=osm_type:string(0,0)&field=shop:string(0,0)&field=contact%3Ainstagram:string(0,0)&field=panoramax:string(0,0)&field=min_age:string(0,0)&field=check_date%3Apanoramax:string(0,0)&field=sport:string(0,0)&field=payment%3Acards:string(0,0)&field=image:string(0,0)&field=clothes:string(0,0)&field=type:string(0,0)&field=club:string(0,0)&field=second_hand:string(0,0)&field=ref%3AFR%3ASIREN:string(0,0)&field=phone%3Amobile:string(0,0)&field=harassment_prevention:string(0,0)&field=contact%3Amobile:string(0,0)&field=source%3Aname%3Abr:string(0,0)&field=name%3Abr:string(0,0)&field=drive_through:string(0,0)&field=delivery:string(0,0)&field=currency%3AEUR:string(0,0)&field=start_date:string(0,0)&field=contact%3Afacebook:string(0,0)&field=payment%3Acash:string(0,0)&field=addr%3Acountry:string(0,0)&field=entrance:string(0,0)&field=payment%3Adebit_cards:string(0,0)&field=payment%3Acredit_cards:string(0,0)&field=ref%3AFR%3ANAF:string(0,0)&field=payment%3Avisa:string(0,0)&field=payment%3Apaypal:string(0,0)&field=payment%3Amastercard:string(0,0)&field=payment%3Amaestro:string(0,0)&field=payment%3Acheque:string(0,0)&field=payment%3Acb:string(0,0)&field=facebook:string(0,0)&field=contact%3Aemail:string(0,0)&field=contact%3Aphone:string(0,0)&field=operator:string(0,0)&field=description:string(0,0)&field=wheelchair%3Aentrance_width:string(0,0)&field=wheelchair%3Adescription:string(0,0)&field=short_name:string(0,0)&field=social_facility%3Afor:string(0,0)&field=addr%3Acity:string(0,0)&field=opening_hours%3Asigned:string(0,0)&field=official_name:string(0,0)&field=check_date%3Aopening_hours:string(0,0)&field=level:string(0,0)&field=amenity:string(0,0)&field=survey%3Adate:string(0,0)&field=opening_hours:string(0,0)&field=fax:string(0,0)&field=email:string(0,0)&field=contact%3Awebsite:string(0,0)&field=contact%3Apostcode:string(0,0)&field=contact%3Acity:string(0,0)&field=contact%3Astreet:string(0,0)&field=contact%3Ahousenumber:string(0,0)&field=check_date:string(0,0)&field=phone:string(0,0)&field=addr%3Astreet:string(0,0)&field=addr%3Apostcode:string(0,0)&field=addr%3Ahousenumber:string(0,0)&field=wheelchair:string(0,0)&field=website:string(0,0)&field=ref%3AFR%3ASIRET:string(0,0)&field=name:string(0,0)&uid={4518d7bb-bdbd-4c09-8855-e4ec48aa2337}" }, "geometry": { "type": "Point", "coordinates": [ 4.7276191, 48.2238888 ] } },
{ "type": "Feature", "properties": { "full_id": "n11229707852", "osm_id": "11229707852", "osm_type": "node", "shop": "weapons", "check_date": null, "operator": null, "email": "contact@armurerie-au-saint-hubert.fr", "disused:shop": null, "wheelchair": null, "contact:website": null, "building:levels": null, "survey:date": null, "addr:street": null, "addr:housenumber": null, "phone": "+33 4 68 50 32 96", "ref:FR:SIREN": null, "contact:housenumber": null, "contact:fax": null, "contact:email": null, "addr:postcode": null, "addr:city": null, "ref:vatin": null, "ref:FR:NAF": null, "opening_hours": null, "contact:street": null, "contact:postcode": null, "contact:phone": null, "contact:facebook": "https://www.facebook.com/ARMURERIE-AU-SAINT-HUBERT-143998295670263/", "contact:city": null, "ref:FR:SIRET": null, "website": "https://armurerie-au-saint-hubert.fr/", "type": null, "name": "Au Saint-Hubert", "building": null, "contact:instagram": null, "panoramax": null, "min_age": null, "check_date:panoramax": null, "sport": null, "payment:cards": null, "image": null, "clothes": null, "club": null, "second_hand": null, "phone:mobile": null, "harassment_prevention": null, "contact:mobile": null, "source:name:br": null, "name:br": null, "drive_through": null, "delivery": null, "currency:EUR": null, "start_date": null, "payment:cash": null, "addr:country": null, "entrance": null, "payment:debit_cards": null, "payment:credit_cards": null, "payment:visa": null, "payment:paypal": null, "payment:mastercard": null, "payment:maestro": null, "payment:cheque": null, "payment:cb": null, "facebook": null, "description": null, "wheelchair:entrance_width": null, "wheelchair:description": null, "short_name": null, "social_facility:for": null, "opening_hours:signed": null, "official_name": null, "check_date:opening_hours": null, "level": null, "amenity": null, "fax": null, "layer": "shop_weapons_France", "path": "Point?crs=EPSG:4326&field=full_id:string(0,0)&field=osm_id:string(0,0)&field=osm_type:string(0,0)&field=shop:string(0,0)&field=contact%3Ainstagram:string(0,0)&field=panoramax:string(0,0)&field=min_age:string(0,0)&field=check_date%3Apanoramax:string(0,0)&field=sport:string(0,0)&field=payment%3Acards:string(0,0)&field=image:string(0,0)&field=clothes:string(0,0)&field=type:string(0,0)&field=club:string(0,0)&field=second_hand:string(0,0)&field=ref%3AFR%3ASIREN:string(0,0)&field=phone%3Amobile:string(0,0)&field=harassment_prevention:string(0,0)&field=contact%3Amobile:string(0,0)&field=source%3Aname%3Abr:string(0,0)&field=name%3Abr:string(0,0)&field=drive_through:string(0,0)&field=delivery:string(0,0)&field=currency%3AEUR:string(0,0)&field=start_date:string(0,0)&field=contact%3Afacebook:string(0,0)&field=payment%3Acash:string(0,0)&field=addr%3Acountry:string(0,0)&field=entrance:string(0,0)&field=payment%3Adebit_cards:string(0,0)&field=payment%3Acredit_cards:string(0,0)&field=ref%3AFR%3ANAF:string(0,0)&field=payment%3Avisa:string(0,0)&field=payment%3Apaypal:string(0,0)&field=payment%3Amastercard:string(0,0)&field=payment%3Amaestro:string(0,0)&field=payment%3Acheque:string(0,0)&field=payment%3Acb:string(0,0)&field=facebook:string(0,0)&field=contact%3Aemail:string(0,0)&field=contact%3Aphone:string(0,0)&field=operator:string(0,0)&field=description:string(0,0)&field=wheelchair%3Aentrance_width:string(0,0)&field=wheelchair%3Adescription:string(0,0)&field=short_name:string(0,0)&field=social_facility%3Afor:string(0,0)&field=addr%3Acity:string(0,0)&field=opening_hours%3Asigned:string(0,0)&field=official_name:string(0,0)&field=check_date%3Aopening_hours:string(0,0)&field=level:string(0,0)&field=amenity:string(0,0)&field=survey%3Adate:string(0,0)&field=opening_hours:string(0,0)&field=fax:string(0,0)&field=email:string(0,0)&field=contact%3Awebsite:string(0,0)&field=contact%3Apostcode:string(0,0)&field=contact%3Acity:string(0,0)&field=contact%3Astreet:string(0,0)&field=contact%3Ahousenumber:string(0,0)&field=check_date:string(0,0)&field=phone:string(0,0)&field=addr%3Astreet:string(0,0)&field=addr%3Apostcode:string(0,0)&field=addr%3Ahousenumber:string(0,0)&field=wheelchair:string(0,0)&field=website:string(0,0)&field=ref%3AFR%3ASIRET:string(0,0)&field=name:string(0,0)&uid={4518d7bb-bdbd-4c09-8855-e4ec48aa2337}" }, "geometry": { "type": "Point", "coordinates": [ 2.9435366, 42.6984282 ] } },
{ "type": "Feature", "properties": { "full_id": "n11252986162", "osm_id": "11252986162", "osm_type": "node", "shop": "weapons", "check_date": null, "operator": null, "email": null, "disused:shop": null, "wheelchair": null, "contact:website": null, "building:levels": null, "survey:date": null, "addr:street": "Rue du Général de Gaulle", "addr:housenumber": "29", "phone": "+33 2 32 40 01 84", "ref:FR:SIREN": null, "contact:housenumber": null, "contact:fax": null, "contact:email": null, "addr:postcode": null, "addr:city": null, "ref:vatin": null, "ref:FR:NAF": null, "opening_hours": "Tu-Fr 09:00-12:00,14:00-19:00; Sa 09:00-12:30,14:30-19:00; Mo,Su off", "contact:street": null, "contact:postcode": null, "contact:phone": null, "contact:facebook": null, "contact:city": null, "ref:FR:SIRET": "88536129500011", "website": "https://www.armurerie-legrand.fr", "type": null, "name": "Armurerie Legrand", "building": null, "contact:instagram": null, "panoramax": null, "min_age": null, "check_date:panoramax": null, "sport": null, "payment:cards": null, "image": null, "clothes": null, "club": null, "second_hand": null, "phone:mobile": null, "harassment_prevention": null, "contact:mobile": null, "source:name:br": null, "name:br": null, "drive_through": null, "delivery": null, "currency:EUR": null, "start_date": null, "payment:cash": null, "addr:country": null, "entrance": null, "payment:debit_cards": null, "payment:credit_cards": null, "payment:visa": null, "payment:paypal": null, "payment:mastercard": null, "payment:maestro": null, "payment:cheque": null, "payment:cb": null, "facebook": null, "description": null, "wheelchair:entrance_width": null, "wheelchair:description": null, "short_name": null, "social_facility:for": null, "opening_hours:signed": null, "official_name": null, "check_date:opening_hours": null, "level": null, "amenity": null, "fax": null, "layer": "shop_weapons_France", "path": "Point?crs=EPSG:4326&field=full_id:string(0,0)&field=osm_id:string(0,0)&field=osm_type:string(0,0)&field=shop:string(0,0)&field=contact%3Ainstagram:string(0,0)&field=panoramax:string(0,0)&field=min_age:string(0,0)&field=check_date%3Apanoramax:string(0,0)&field=sport:string(0,0)&field=payment%3Acards:string(0,0)&field=image:string(0,0)&field=clothes:string(0,0)&field=type:string(0,0)&field=club:string(0,0)&field=second_hand:string(0,0)&field=ref%3AFR%3ASIREN:string(0,0)&field=phone%3Amobile:string(0,0)&field=harassment_prevention:string(0,0)&field=contact%3Amobile:string(0,0)&field=source%3Aname%3Abr:string(0,0)&field=name%3Abr:string(0,0)&field=drive_through:string(0,0)&field=delivery:string(0,0)&field=currency%3AEUR:string(0,0)&field=start_date:string(0,0)&field=contact%3Afacebook:string(0,0)&field=payment%3Acash:string(0,0)&field=addr%3Acountry:string(0,0)&field=entrance:string(0,0)&field=payment%3Adebit_cards:string(0,0)&field=payment%3Acredit_cards:string(0,0)&field=ref%3AFR%3ANAF:string(0,0)&field=payment%3Avisa:string(0,0)&field=payment%3Apaypal:string(0,0)&field=payment%3Amastercard:string(0,0)&field=payment%3Amaestro:string(0,0)&field=payment%3Acheque:string(0,0)&field=payment%3Acb:string(0,0)&field=facebook:string(0,0)&field=contact%3Aemail:string(0,0)&field=contact%3Aphone:string(0,0)&field=operator:string(0,0)&field=description:string(0,0)&field=wheelchair%3Aentrance_width:string(0,0)&field=wheelchair%3Adescription:string(0,0)&field=short_name:string(0,0)&field=social_facility%3Afor:string(0,0)&field=addr%3Acity:string(0,0)&field=opening_hours%3Asigned:string(0,0)&field=official_name:string(0,0)&field=check_date%3Aopening_hours:string(0,0)&field=level:string(0,0)&field=amenity:string(0,0)&field=survey%3Adate:string(0,0)&field=opening_hours:string(0,0)&field=fax:string(0,0)&field=email:string(0,0)&field=contact%3Awebsite:string(0,0)&field=contact%3Apostcode:string(0,0)&field=contact%3Acity:string(0,0)&field=contact%3Astreet:string(0,0)&field=contact%3Ahousenumber:string(0,0)&field=check_date:string(0,0)&field=phone:string(0,0)&field=addr%3Astreet:string(0,0)&field=addr%3Apostcode:string(0,0)&field=addr%3Ahousenumber:string(0,0)&field=wheelchair:string(0,0)&field=website:string(0,0)&field=ref%3AFR%3ASIRET:string(0,0)&field=name:string(0,0)&uid={4518d7bb-bdbd-4c09-8855-e4ec48aa2337}" }, "geometry": { "type": "Point", "coordinates": [ 1.1676434, 49.211018 ] } },
{ "type": "Feature", "properties": { "full_id": "n11301651641", "osm_id": "11301651641", "osm_type": "node", "shop": "weapons", "check_date": "2024-04-17", "operator": null, "email": null, "disused:shop": null, "wheelchair": null, "contact:website": null, "building:levels": null, "survey:date": null, "addr:street": "Rue Victor Hugo", "addr:housenumber": "151", "phone": null, "ref:FR:SIREN": null, "contact:housenumber": null, "contact:fax": null, "contact:email": null, "addr:postcode": "76600", "addr:city": "Le Havre", "ref:vatin": null, "ref:FR:NAF": null, "opening_hours": "Tu-Su 10:00-12:00,14:00-18:30", "contact:street": null, "contact:postcode": null, "contact:phone": null, "contact:facebook": null, "contact:city": null, "ref:FR:SIRET": "95274843200020", "website": null, "type": null, "name": "Armurerie Robert", "building": null, "contact:instagram": null, "panoramax": null, "min_age": null, "check_date:panoramax": null, "sport": null, "payment:cards": null, "image": null, "clothes": null, "club": null, "second_hand": null, "phone:mobile": null, "harassment_prevention": null, "contact:mobile": null, "source:name:br": null, "name:br": null, "drive_through": null, "delivery": null, "currency:EUR": null, "start_date": null, "payment:cash": null, "addr:country": null, "entrance": null, "payment:debit_cards": null, "payment:credit_cards": null, "payment:visa": null, "payment:paypal": null, "payment:mastercard": null, "payment:maestro": null, "payment:cheque": null, "payment:cb": null, "facebook": null, "description": null, "wheelchair:entrance_width": null, "wheelchair:description": null, "short_name": null, "social_facility:for": null, "opening_hours:signed": null, "official_name": null, "check_date:opening_hours": null, "level": null, "amenity": null, "fax": null, "layer": "shop_weapons_France", "path": "Point?crs=EPSG:4326&field=full_id:string(0,0)&field=osm_id:string(0,0)&field=osm_type:string(0,0)&field=shop:string(0,0)&field=contact%3Ainstagram:string(0,0)&field=panoramax:string(0,0)&field=min_age:string(0,0)&field=check_date%3Apanoramax:string(0,0)&field=sport:string(0,0)&field=payment%3Acards:string(0,0)&field=image:string(0,0)&field=clothes:string(0,0)&field=type:string(0,0)&field=club:string(0,0)&field=second_hand:string(0,0)&field=ref%3AFR%3ASIREN:string(0,0)&field=phone%3Amobile:string(0,0)&field=harassment_prevention:string(0,0)&field=contact%3Amobile:string(0,0)&field=source%3Aname%3Abr:string(0,0)&field=name%3Abr:string(0,0)&field=drive_through:string(0,0)&field=delivery:string(0,0)&field=currency%3AEUR:string(0,0)&field=start_date:string(0,0)&field=contact%3Afacebook:string(0,0)&field=payment%3Acash:string(0,0)&field=addr%3Acountry:string(0,0)&field=entrance:string(0,0)&field=payment%3Adebit_cards:string(0,0)&field=payment%3Acredit_cards:string(0,0)&field=ref%3AFR%3ANAF:string(0,0)&field=payment%3Avisa:string(0,0)&field=payment%3Apaypal:string(0,0)&field=payment%3Amastercard:string(0,0)&field=payment%3Amaestro:string(0,0)&field=payment%3Acheque:string(0,0)&field=payment%3Acb:string(0,0)&field=facebook:string(0,0)&field=contact%3Aemail:string(0,0)&field=contact%3Aphone:string(0,0)&field=operator:string(0,0)&field=description:string(0,0)&field=wheelchair%3Aentrance_width:string(0,0)&field=wheelchair%3Adescription:string(0,0)&field=short_name:string(0,0)&field=social_facility%3Afor:string(0,0)&field=addr%3Acity:string(0,0)&field=opening_hours%3Asigned:string(0,0)&field=official_name:string(0,0)&field=check_date%3Aopening_hours:string(0,0)&field=level:string(0,0)&field=amenity:string(0,0)&field=survey%3Adate:string(0,0)&field=opening_hours:string(0,0)&field=fax:string(0,0)&field=email:string(0,0)&field=contact%3Awebsite:string(0,0)&field=contact%3Apostcode:string(0,0)&field=contact%3Acity:string(0,0)&field=contact%3Astreet:string(0,0)&field=contact%3Ahousenumber:string(0,0)&field=check_date:string(0,0)&field=phone:string(0,0)&field=addr%3Astreet:string(0,0)&field=addr%3Apostcode:string(0,0)&field=addr%3Ahousenumber:string(0,0)&field=wheelchair:string(0,0)&field=website:string(0,0)&field=ref%3AFR%3ASIRET:string(0,0)&field=name:string(0,0)&uid={4518d7bb-bdbd-4c09-8855-e4ec48aa2337}" }, "geometry": { "type": "Point", "coordinates": [ 0.1089674, 49.491732 ] } },
{ "type": "Feature", "properties": { "full_id": "n11346597855", "osm_id": "11346597855", "osm_type": "node", "shop": "weapons", "check_date": null, "operator": null, "email": null, "disused:shop": null, "wheelchair": null, "contact:website": null, "building:levels": null, "survey:date": null, "addr:street": null, "addr:housenumber": null, "phone": "+33 4 77 46 60 37", "ref:FR:SIREN": null, "contact:housenumber": null, "contact:fax": null, "contact:email": null, "addr:postcode": null, "addr:city": null, "ref:vatin": null, "ref:FR:NAF": null, "opening_hours": null, "contact:street": null, "contact:postcode": null, "contact:phone": null, "contact:facebook": null, "contact:city": null, "ref:FR:SIRET": null, "website": null, "type": null, "name": "Armurier Vernhet Jacques", "building": null, "contact:instagram": null, "panoramax": null, "min_age": null, "check_date:panoramax": null, "sport": null, "payment:cards": null, "image": null, "clothes": null, "club": null, "second_hand": null, "phone:mobile": null, "harassment_prevention": null, "contact:mobile": null, "source:name:br": null, "name:br": null, "drive_through": null, "delivery": null, "currency:EUR": null, "start_date": null, "payment:cash": null, "addr:country": null, "entrance": null, "payment:debit_cards": null, "payment:credit_cards": null, "payment:visa": null, "payment:paypal": null, "payment:mastercard": null, "payment:maestro": null, "payment:cheque": null, "payment:cb": null, "facebook": null, "description": null, "wheelchair:entrance_width": null, "wheelchair:description": null, "short_name": null, "social_facility:for": null, "opening_hours:signed": null, "official_name": null, "check_date:opening_hours": null, "level": null, "amenity": null, "fax": null, "layer": "shop_weapons_France", "path": "Point?crs=EPSG:4326&field=full_id:string(0,0)&field=osm_id:string(0,0)&field=osm_type:string(0,0)&field=shop:string(0,0)&field=contact%3Ainstagram:string(0,0)&field=panoramax:string(0,0)&field=min_age:string(0,0)&field=check_date%3Apanoramax:string(0,0)&field=sport:string(0,0)&field=payment%3Acards:string(0,0)&field=image:string(0,0)&field=clothes:string(0,0)&field=type:string(0,0)&field=club:string(0,0)&field=second_hand:string(0,0)&field=ref%3AFR%3ASIREN:string(0,0)&field=phone%3Amobile:string(0,0)&field=harassment_prevention:string(0,0)&field=contact%3Amobile:string(0,0)&field=source%3Aname%3Abr:string(0,0)&field=name%3Abr:string(0,0)&field=drive_through:string(0,0)&field=delivery:string(0,0)&field=currency%3AEUR:string(0,0)&field=start_date:string(0,0)&field=contact%3Afacebook:string(0,0)&field=payment%3Acash:string(0,0)&field=addr%3Acountry:string(0,0)&field=entrance:string(0,0)&field=payment%3Adebit_cards:string(0,0)&field=payment%3Acredit_cards:string(0,0)&field=ref%3AFR%3ANAF:string(0,0)&field=payment%3Avisa:string(0,0)&field=payment%3Apaypal:string(0,0)&field=payment%3Amastercard:string(0,0)&field=payment%3Amaestro:string(0,0)&field=payment%3Acheque:string(0,0)&field=payment%3Acb:string(0,0)&field=facebook:string(0,0)&field=contact%3Aemail:string(0,0)&field=contact%3Aphone:string(0,0)&field=operator:string(0,0)&field=description:string(0,0)&field=wheelchair%3Aentrance_width:string(0,0)&field=wheelchair%3Adescription:string(0,0)&field=short_name:string(0,0)&field=social_facility%3Afor:string(0,0)&field=addr%3Acity:string(0,0)&field=opening_hours%3Asigned:string(0,0)&field=official_name:string(0,0)&field=check_date%3Aopening_hours:string(0,0)&field=level:string(0,0)&field=amenity:string(0,0)&field=survey%3Adate:string(0,0)&field=opening_hours:string(0,0)&field=fax:string(0,0)&field=email:string(0,0)&field=contact%3Awebsite:string(0,0)&field=contact%3Apostcode:string(0,0)&field=contact%3Acity:string(0,0)&field=contact%3Astreet:string(0,0)&field=contact%3Ahousenumber:string(0,0)&field=check_date:string(0,0)&field=phone:string(0,0)&field=addr%3Astreet:string(0,0)&field=addr%3Apostcode:string(0,0)&field=addr%3Ahousenumber:string(0,0)&field=wheelchair:string(0,0)&field=website:string(0,0)&field=ref%3AFR%3ASIRET:string(0,0)&field=name:string(0,0)&uid={4518d7bb-bdbd-4c09-8855-e4ec48aa2337}" }, "geometry": { "type": "Point", "coordinates": [ 4.397045, 45.4286083 ] } },
{ "type": "Feature", "properties": { "full_id": "n11474495897", "osm_id": "11474495897", "osm_type": "node", "shop": "weapons", "check_date": null, "operator": "Vaubarm", "email": null, "disused:shop": null, "wheelchair": null, "contact:website": null, "building:levels": null, "survey:date": null, "addr:street": null, "addr:housenumber": null, "phone": null, "ref:FR:SIREN": null, "contact:housenumber": null, "contact:fax": null, "contact:email": null, "addr:postcode": null, "addr:city": null, "ref:vatin": null, "ref:FR:NAF": null, "opening_hours": "Mo-Sa 09:00-12:00,14:00-19:00", "contact:street": null, "contact:postcode": null, "contact:phone": null, "contact:facebook": "https://www.facebook.com/armurerievaubanmagny", "contact:city": null, "ref:FR:SIRET": "90009489700015", "website": "https://armurerie-vauban.com/", "type": null, "name": "Armurerie Vauban", "building": null, "contact:instagram": null, "panoramax": null, "min_age": null, "check_date:panoramax": null, "sport": null, "payment:cards": null, "image": null, "clothes": null, "club": null, "second_hand": null, "phone:mobile": null, "harassment_prevention": null, "contact:mobile": null, "source:name:br": null, "name:br": null, "drive_through": null, "delivery": null, "currency:EUR": null, "start_date": null, "payment:cash": null, "addr:country": null, "entrance": null, "payment:debit_cards": null, "payment:credit_cards": null, "payment:visa": null, "payment:paypal": null, "payment:mastercard": null, "payment:maestro": null, "payment:cheque": null, "payment:cb": null, "facebook": null, "description": null, "wheelchair:entrance_width": null, "wheelchair:description": null, "short_name": null, "social_facility:for": null, "opening_hours:signed": null, "official_name": null, "check_date:opening_hours": null, "level": null, "amenity": null, "fax": null, "layer": "shop_weapons_France", "path": "Point?crs=EPSG:4326&field=full_id:string(0,0)&field=osm_id:string(0,0)&field=osm_type:string(0,0)&field=shop:string(0,0)&field=contact%3Ainstagram:string(0,0)&field=panoramax:string(0,0)&field=min_age:string(0,0)&field=check_date%3Apanoramax:string(0,0)&field=sport:string(0,0)&field=payment%3Acards:string(0,0)&field=image:string(0,0)&field=clothes:string(0,0)&field=type:string(0,0)&field=club:string(0,0)&field=second_hand:string(0,0)&field=ref%3AFR%3ASIREN:string(0,0)&field=phone%3Amobile:string(0,0)&field=harassment_prevention:string(0,0)&field=contact%3Amobile:string(0,0)&field=source%3Aname%3Abr:string(0,0)&field=name%3Abr:string(0,0)&field=drive_through:string(0,0)&field=delivery:string(0,0)&field=currency%3AEUR:string(0,0)&field=start_date:string(0,0)&field=contact%3Afacebook:string(0,0)&field=payment%3Acash:string(0,0)&field=addr%3Acountry:string(0,0)&field=entrance:string(0,0)&field=payment%3Adebit_cards:string(0,0)&field=payment%3Acredit_cards:string(0,0)&field=ref%3AFR%3ANAF:string(0,0)&field=payment%3Avisa:string(0,0)&field=payment%3Apaypal:string(0,0)&field=payment%3Amastercard:string(0,0)&field=payment%3Amaestro:string(0,0)&field=payment%3Acheque:string(0,0)&field=payment%3Acb:string(0,0)&field=facebook:string(0,0)&field=contact%3Aemail:string(0,0)&field=contact%3Aphone:string(0,0)&field=operator:string(0,0)&field=description:string(0,0)&field=wheelchair%3Aentrance_width:string(0,0)&field=wheelchair%3Adescription:string(0,0)&field=short_name:string(0,0)&field=social_facility%3Afor:string(0,0)&field=addr%3Acity:string(0,0)&field=opening_hours%3Asigned:string(0,0)&field=official_name:string(0,0)&field=check_date%3Aopening_hours:string(0,0)&field=level:string(0,0)&field=amenity:string(0,0)&field=survey%3Adate:string(0,0)&field=opening_hours:string(0,0)&field=fax:string(0,0)&field=email:string(0,0)&field=contact%3Awebsite:string(0,0)&field=contact%3Apostcode:string(0,0)&field=contact%3Acity:string(0,0)&field=contact%3Astreet:string(0,0)&field=contact%3Ahousenumber:string(0,0)&field=check_date:string(0,0)&field=phone:string(0,0)&field=addr%3Astreet:string(0,0)&field=addr%3Apostcode:string(0,0)&field=addr%3Ahousenumber:string(0,0)&field=wheelchair:string(0,0)&field=website:string(0,0)&field=ref%3AFR%3ASIRET:string(0,0)&field=name:string(0,0)&uid={4518d7bb-bdbd-4c09-8855-e4ec48aa2337}" }, "geometry": { "type": "Point", "coordinates": [ 3.9726767, 47.4889022 ] } },
{ "type": "Feature", "properties": { "full_id": "n11638404224", "osm_id": "11638404224", "osm_type": "node", "shop": "weapons", "check_date": null, "operator": null, "email": null, "disused:shop": null, "wheelchair": null, "contact:website": null, "building:levels": null, "survey:date": null, "addr:street": null, "addr:housenumber": null, "phone": null, "ref:FR:SIREN": null, "contact:housenumber": null, "contact:fax": null, "contact:email": null, "addr:postcode": null, "addr:city": null, "ref:vatin": null, "ref:FR:NAF": null, "opening_hours": null, "contact:street": null, "contact:postcode": null, "contact:phone": null, "contact:facebook": null, "contact:city": null, "ref:FR:SIRET": null, "website": null, "type": null, "name": "Cagniart", "building": null, "contact:instagram": null, "panoramax": null, "min_age": null, "check_date:panoramax": null, "sport": null, "payment:cards": null, "image": null, "clothes": null, "club": null, "second_hand": null, "phone:mobile": null, "harassment_prevention": null, "contact:mobile": null, "source:name:br": null, "name:br": null, "drive_through": null, "delivery": null, "currency:EUR": null, "start_date": null, "payment:cash": null, "addr:country": null, "entrance": null, "payment:debit_cards": null, "payment:credit_cards": null, "payment:visa": null, "payment:paypal": null, "payment:mastercard": null, "payment:maestro": null, "payment:cheque": null, "payment:cb": null, "facebook": null, "description": null, "wheelchair:entrance_width": null, "wheelchair:description": null, "short_name": null, "social_facility:for": null, "opening_hours:signed": null, "official_name": null, "check_date:opening_hours": null, "level": null, "amenity": null, "fax": null, "layer": "shop_weapons_France", "path": "Point?crs=EPSG:4326&field=full_id:string(0,0)&field=osm_id:string(0,0)&field=osm_type:string(0,0)&field=shop:string(0,0)&field=contact%3Ainstagram:string(0,0)&field=panoramax:string(0,0)&field=min_age:string(0,0)&field=check_date%3Apanoramax:string(0,0)&field=sport:string(0,0)&field=payment%3Acards:string(0,0)&field=image:string(0,0)&field=clothes:string(0,0)&field=type:string(0,0)&field=club:string(0,0)&field=second_hand:string(0,0)&field=ref%3AFR%3ASIREN:string(0,0)&field=phone%3Amobile:string(0,0)&field=harassment_prevention:string(0,0)&field=contact%3Amobile:string(0,0)&field=source%3Aname%3Abr:string(0,0)&field=name%3Abr:string(0,0)&field=drive_through:string(0,0)&field=delivery:string(0,0)&field=currency%3AEUR:string(0,0)&field=start_date:string(0,0)&field=contact%3Afacebook:string(0,0)&field=payment%3Acash:string(0,0)&field=addr%3Acountry:string(0,0)&field=entrance:string(0,0)&field=payment%3Adebit_cards:string(0,0)&field=payment%3Acredit_cards:string(0,0)&field=ref%3AFR%3ANAF:string(0,0)&field=payment%3Avisa:string(0,0)&field=payment%3Apaypal:string(0,0)&field=payment%3Amastercard:string(0,0)&field=payment%3Amaestro:string(0,0)&field=payment%3Acheque:string(0,0)&field=payment%3Acb:string(0,0)&field=facebook:string(0,0)&field=contact%3Aemail:string(0,0)&field=contact%3Aphone:string(0,0)&field=operator:string(0,0)&field=description:string(0,0)&field=wheelchair%3Aentrance_width:string(0,0)&field=wheelchair%3Adescription:string(0,0)&field=short_name:string(0,0)&field=social_facility%3Afor:string(0,0)&field=addr%3Acity:string(0,0)&field=opening_hours%3Asigned:string(0,0)&field=official_name:string(0,0)&field=check_date%3Aopening_hours:string(0,0)&field=level:string(0,0)&field=amenity:string(0,0)&field=survey%3Adate:string(0,0)&field=opening_hours:string(0,0)&field=fax:string(0,0)&field=email:string(0,0)&field=contact%3Awebsite:string(0,0)&field=contact%3Apostcode:string(0,0)&field=contact%3Acity:string(0,0)&field=contact%3Astreet:string(0,0)&field=contact%3Ahousenumber:string(0,0)&field=check_date:string(0,0)&field=phone:string(0,0)&field=addr%3Astreet:string(0,0)&field=addr%3Apostcode:string(0,0)&field=addr%3Ahousenumber:string(0,0)&field=wheelchair:string(0,0)&field=website:string(0,0)&field=ref%3AFR%3ASIRET:string(0,0)&field=name:string(0,0)&uid={4518d7bb-bdbd-4c09-8855-e4ec48aa2337}" }, "geometry": { "type": "Point", "coordinates": [ 2.257001, 50.7475091 ] } },
{ "type": "Feature", "properties": { "full_id": "n11649573661", "osm_id": "11649573661", "osm_type": "node", "shop": "weapons", "check_date": null, "operator": null, "email": null, "disused:shop": null, "wheelchair": null, "contact:website": "https://www.armurerie-fiter-beziers.fr/", "building:levels": null, "survey:date": null, "addr:street": "Rue Bagatelle", "addr:housenumber": "6", "phone": null, "ref:FR:SIREN": null, "contact:housenumber": null, "contact:fax": null, "contact:email": null, "addr:postcode": null, "addr:city": null, "ref:vatin": null, "ref:FR:NAF": null, "opening_hours": "Mo-Fr 09:00-12:00,15:00-19:00; Sa 09:00-12:00", "contact:street": null, "contact:postcode": null, "contact:phone": "+33 4 67 28 68 37", "contact:facebook": null, "contact:city": null, "ref:FR:SIRET": "75101846600019", "website": null, "type": null, "name": "Armurerie Fiter", "building": null, "contact:instagram": null, "panoramax": null, "min_age": null, "check_date:panoramax": null, "sport": null, "payment:cards": null, "image": null, "clothes": null, "club": null, "second_hand": null, "phone:mobile": null, "harassment_prevention": null, "contact:mobile": null, "source:name:br": null, "name:br": null, "drive_through": null, "delivery": null, "currency:EUR": null, "start_date": null, "payment:cash": null, "addr:country": null, "entrance": null, "payment:debit_cards": null, "payment:credit_cards": null, "payment:visa": null, "payment:paypal": null, "payment:mastercard": null, "payment:maestro": null, "payment:cheque": null, "payment:cb": null, "facebook": null, "description": null, "wheelchair:entrance_width": null, "wheelchair:description": null, "short_name": null, "social_facility:for": null, "opening_hours:signed": null, "official_name": null, "check_date:opening_hours": null, "level": null, "amenity": null, "fax": null, "layer": "shop_weapons_France", "path": "Point?crs=EPSG:4326&field=full_id:string(0,0)&field=osm_id:string(0,0)&field=osm_type:string(0,0)&field=shop:string(0,0)&field=contact%3Ainstagram:string(0,0)&field=panoramax:string(0,0)&field=min_age:string(0,0)&field=check_date%3Apanoramax:string(0,0)&field=sport:string(0,0)&field=payment%3Acards:string(0,0)&field=image:string(0,0)&field=clothes:string(0,0)&field=type:string(0,0)&field=club:string(0,0)&field=second_hand:string(0,0)&field=ref%3AFR%3ASIREN:string(0,0)&field=phone%3Amobile:string(0,0)&field=harassment_prevention:string(0,0)&field=contact%3Amobile:string(0,0)&field=source%3Aname%3Abr:string(0,0)&field=name%3Abr:string(0,0)&field=drive_through:string(0,0)&field=delivery:string(0,0)&field=currency%3AEUR:string(0,0)&field=start_date:string(0,0)&field=contact%3Afacebook:string(0,0)&field=payment%3Acash:string(0,0)&field=addr%3Acountry:string(0,0)&field=entrance:string(0,0)&field=payment%3Adebit_cards:string(0,0)&field=payment%3Acredit_cards:string(0,0)&field=ref%3AFR%3ANAF:string(0,0)&field=payment%3Avisa:string(0,0)&field=payment%3Apaypal:string(0,0)&field=payment%3Amastercard:string(0,0)&field=payment%3Amaestro:string(0,0)&field=payment%3Acheque:string(0,0)&field=payment%3Acb:string(0,0)&field=facebook:string(0,0)&field=contact%3Aemail:string(0,0)&field=contact%3Aphone:string(0,0)&field=operator:string(0,0)&field=description:string(0,0)&field=wheelchair%3Aentrance_width:string(0,0)&field=wheelchair%3Adescription:string(0,0)&field=short_name:string(0,0)&field=social_facility%3Afor:string(0,0)&field=addr%3Acity:string(0,0)&field=opening_hours%3Asigned:string(0,0)&field=official_name:string(0,0)&field=check_date%3Aopening_hours:string(0,0)&field=level:string(0,0)&field=amenity:string(0,0)&field=survey%3Adate:string(0,0)&field=opening_hours:string(0,0)&field=fax:string(0,0)&field=email:string(0,0)&field=contact%3Awebsite:string(0,0)&field=contact%3Apostcode:string(0,0)&field=contact%3Acity:string(0,0)&field=contact%3Astreet:string(0,0)&field=contact%3Ahousenumber:string(0,0)&field=check_date:string(0,0)&field=phone:string(0,0)&field=addr%3Astreet:string(0,0)&field=addr%3Apostcode:string(0,0)&field=addr%3Ahousenumber:string(0,0)&field=wheelchair:string(0,0)&field=website:string(0,0)&field=ref%3AFR%3ASIRET:string(0,0)&field=name:string(0,0)&uid={4518d7bb-bdbd-4c09-8855-e4ec48aa2337}" }, "geometry": { "type": "Point", "coordinates": [ 3.2178011, 43.3403111 ] } },
{ "type": "Feature", "properties": { "full_id": "n11763939966", "osm_id": "11763939966", "osm_type": "node", "shop": "weapons", "check_date": null, "operator": null, "email": null, "disused:shop": null, "wheelchair": null, "contact:website": null, "building:levels": null, "survey:date": null, "addr:street": null, "addr:housenumber": null, "phone": null, "ref:FR:SIREN": null, "contact:housenumber": null, "contact:fax": null, "contact:email": null, "addr:postcode": null, "addr:city": null, "ref:vatin": null, "ref:FR:NAF": null, "opening_hours": null, "contact:street": null, "contact:postcode": null, "contact:phone": null, "contact:facebook": null, "contact:city": null, "ref:FR:SIRET": null, "website": null, "type": null, "name": null, "building": null, "contact:instagram": null, "panoramax": null, "min_age": null, "check_date:panoramax": null, "sport": null, "payment:cards": null, "image": null, "clothes": null, "club": null, "second_hand": null, "phone:mobile": null, "harassment_prevention": null, "contact:mobile": null, "source:name:br": null, "name:br": null, "drive_through": null, "delivery": null, "currency:EUR": null, "start_date": null, "payment:cash": null, "addr:country": null, "entrance": null, "payment:debit_cards": null, "payment:credit_cards": null, "payment:visa": null, "payment:paypal": null, "payment:mastercard": null, "payment:maestro": null, "payment:cheque": null, "payment:cb": null, "facebook": null, "description": null, "wheelchair:entrance_width": null, "wheelchair:description": null, "short_name": null, "social_facility:for": null, "opening_hours:signed": null, "official_name": null, "check_date:opening_hours": null, "level": null, "amenity": null, "fax": null, "layer": "shop_weapons_France", "path": "Point?crs=EPSG:4326&field=full_id:string(0,0)&field=osm_id:string(0,0)&field=osm_type:string(0,0)&field=shop:string(0,0)&field=contact%3Ainstagram:string(0,0)&field=panoramax:string(0,0)&field=min_age:string(0,0)&field=check_date%3Apanoramax:string(0,0)&field=sport:string(0,0)&field=payment%3Acards:string(0,0)&field=image:string(0,0)&field=clothes:string(0,0)&field=type:string(0,0)&field=club:string(0,0)&field=second_hand:string(0,0)&field=ref%3AFR%3ASIREN:string(0,0)&field=phone%3Amobile:string(0,0)&field=harassment_prevention:string(0,0)&field=contact%3Amobile:string(0,0)&field=source%3Aname%3Abr:string(0,0)&field=name%3Abr:string(0,0)&field=drive_through:string(0,0)&field=delivery:string(0,0)&field=currency%3AEUR:string(0,0)&field=start_date:string(0,0)&field=contact%3Afacebook:string(0,0)&field=payment%3Acash:string(0,0)&field=addr%3Acountry:string(0,0)&field=entrance:string(0,0)&field=payment%3Adebit_cards:string(0,0)&field=payment%3Acredit_cards:string(0,0)&field=ref%3AFR%3ANAF:string(0,0)&field=payment%3Avisa:string(0,0)&field=payment%3Apaypal:string(0,0)&field=payment%3Amastercard:string(0,0)&field=payment%3Amaestro:string(0,0)&field=payment%3Acheque:string(0,0)&field=payment%3Acb:string(0,0)&field=facebook:string(0,0)&field=contact%3Aemail:string(0,0)&field=contact%3Aphone:string(0,0)&field=operator:string(0,0)&field=description:string(0,0)&field=wheelchair%3Aentrance_width:string(0,0)&field=wheelchair%3Adescription:string(0,0)&field=short_name:string(0,0)&field=social_facility%3Afor:string(0,0)&field=addr%3Acity:string(0,0)&field=opening_hours%3Asigned:string(0,0)&field=official_name:string(0,0)&field=check_date%3Aopening_hours:string(0,0)&field=level:string(0,0)&field=amenity:string(0,0)&field=survey%3Adate:string(0,0)&field=opening_hours:string(0,0)&field=fax:string(0,0)&field=email:string(0,0)&field=contact%3Awebsite:string(0,0)&field=contact%3Apostcode:string(0,0)&field=contact%3Acity:string(0,0)&field=contact%3Astreet:string(0,0)&field=contact%3Ahousenumber:string(0,0)&field=check_date:string(0,0)&field=phone:string(0,0)&field=addr%3Astreet:string(0,0)&field=addr%3Apostcode:string(0,0)&field=addr%3Ahousenumber:string(0,0)&field=wheelchair:string(0,0)&field=website:string(0,0)&field=ref%3AFR%3ASIRET:string(0,0)&field=name:string(0,0)&uid={4518d7bb-bdbd-4c09-8855-e4ec48aa2337}" }, "geometry": { "type": "Point", "coordinates": [ 5.0070803, 44.8996074 ] } },
{ "type": "Feature", "properties": { "full_id": "n11836400993", "osm_id": "11836400993", "osm_type": "node", "shop": "weapons", "check_date": null, "operator": null, "email": null, "disused:shop": null, "wheelchair": null, "contact:website": null, "building:levels": null, "survey:date": null, "addr:street": null, "addr:housenumber": null, "phone": null, "ref:FR:SIREN": null, "contact:housenumber": null, "contact:fax": null, "contact:email": null, "addr:postcode": null, "addr:city": null, "ref:vatin": null, "ref:FR:NAF": null, "opening_hours": null, "contact:street": null, "contact:postcode": null, "contact:phone": "+33 254883090", "contact:facebook": "https://www.facebook.com/p/Armurerie-nature-et-passion-sologne-100057418301281/", "contact:city": null, "ref:FR:SIRET": null, "website": null, "type": null, "name": "Armurerie Nature & Passion - Sologne", "building": null, "contact:instagram": null, "panoramax": null, "min_age": null, "check_date:panoramax": null, "sport": null, "payment:cards": null, "image": null, "clothes": null, "club": null, "second_hand": null, "phone:mobile": null, "harassment_prevention": null, "contact:mobile": null, "source:name:br": null, "name:br": null, "drive_through": null, "delivery": null, "currency:EUR": null, "start_date": null, "payment:cash": null, "addr:country": null, "entrance": null, "payment:debit_cards": null, "payment:credit_cards": null, "payment:visa": null, "payment:paypal": null, "payment:mastercard": null, "payment:maestro": null, "payment:cheque": null, "payment:cb": null, "facebook": null, "description": null, "wheelchair:entrance_width": null, "wheelchair:description": null, "short_name": null, "social_facility:for": null, "opening_hours:signed": null, "official_name": null, "check_date:opening_hours": null, "level": null, "amenity": null, "fax": null, "layer": "shop_weapons_France", "path": "Point?crs=EPSG:4326&field=full_id:string(0,0)&field=osm_id:string(0,0)&field=osm_type:string(0,0)&field=shop:string(0,0)&field=contact%3Ainstagram:string(0,0)&field=panoramax:string(0,0)&field=min_age:string(0,0)&field=check_date%3Apanoramax:string(0,0)&field=sport:string(0,0)&field=payment%3Acards:string(0,0)&field=image:string(0,0)&field=clothes:string(0,0)&field=type:string(0,0)&field=club:string(0,0)&field=second_hand:string(0,0)&field=ref%3AFR%3ASIREN:string(0,0)&field=phone%3Amobile:string(0,0)&field=harassment_prevention:string(0,0)&field=contact%3Amobile:string(0,0)&field=source%3Aname%3Abr:string(0,0)&field=name%3Abr:string(0,0)&field=drive_through:string(0,0)&field=delivery:string(0,0)&field=currency%3AEUR:string(0,0)&field=start_date:string(0,0)&field=contact%3Afacebook:string(0,0)&field=payment%3Acash:string(0,0)&field=addr%3Acountry:string(0,0)&field=entrance:string(0,0)&field=payment%3Adebit_cards:string(0,0)&field=payment%3Acredit_cards:string(0,0)&field=ref%3AFR%3ANAF:string(0,0)&field=payment%3Avisa:string(0,0)&field=payment%3Apaypal:string(0,0)&field=payment%3Amastercard:string(0,0)&field=payment%3Amaestro:string(0,0)&field=payment%3Acheque:string(0,0)&field=payment%3Acb:string(0,0)&field=facebook:string(0,0)&field=contact%3Aemail:string(0,0)&field=contact%3Aphone:string(0,0)&field=operator:string(0,0)&field=description:string(0,0)&field=wheelchair%3Aentrance_width:string(0,0)&field=wheelchair%3Adescription:string(0,0)&field=short_name:string(0,0)&field=social_facility%3Afor:string(0,0)&field=addr%3Acity:string(0,0)&field=opening_hours%3Asigned:string(0,0)&field=official_name:string(0,0)&field=check_date%3Aopening_hours:string(0,0)&field=level:string(0,0)&field=amenity:string(0,0)&field=survey%3Adate:string(0,0)&field=opening_hours:string(0,0)&field=fax:string(0,0)&field=email:string(0,0)&field=contact%3Awebsite:string(0,0)&field=contact%3Apostcode:string(0,0)&field=contact%3Acity:string(0,0)&field=contact%3Astreet:string(0,0)&field=contact%3Ahousenumber:string(0,0)&field=check_date:string(0,0)&field=phone:string(0,0)&field=addr%3Astreet:string(0,0)&field=addr%3Apostcode:string(0,0)&field=addr%3Ahousenumber:string(0,0)&field=wheelchair:string(0,0)&field=website:string(0,0)&field=ref%3AFR%3ASIRET:string(0,0)&field=name:string(0,0)&uid={4518d7bb-bdbd-4c09-8855-e4ec48aa2337}" }, "geometry": { "type": "Point", "coordinates": [ 1.7338322, 47.3770736 ] } },
{ "type": "Feature", "properties": { "full_id": "n11897490853", "osm_id": "11897490853", "osm_type": "node", "shop": "weapons", "check_date": null, "operator": null, "email": "armurerie.froment@wanadoo.fr", "disused:shop": null, "wheelchair": null, "contact:website": null, "building:levels": null, "survey:date": null, "addr:street": null, "addr:housenumber": null, "phone": "+33 2 31 85 40 43", "ref:FR:SIREN": null, "contact:housenumber": "7", "contact:fax": null, "contact:email": null, "addr:postcode": null, "addr:city": null, "ref:vatin": null, "ref:FR:NAF": null, "opening_hours": null, "contact:street": "Place du 36ème Régiment d'Infanterie", "contact:postcode": null, "contact:phone": null, "contact:facebook": null, "contact:city": null, "ref:FR:SIRET": "40406650800015", "website": "https://www.armurerie-froment.com/", "type": null, "name": "Armurerie Froment", "building": null, "contact:instagram": null, "panoramax": null, "min_age": null, "check_date:panoramax": null, "sport": null, "payment:cards": null, "image": null, "clothes": null, "club": null, "second_hand": null, "phone:mobile": null, "harassment_prevention": null, "contact:mobile": null, "source:name:br": null, "name:br": null, "drive_through": null, "delivery": null, "currency:EUR": null, "start_date": "1996-04", "payment:cash": null, "addr:country": null, "entrance": null, "payment:debit_cards": null, "payment:credit_cards": null, "payment:visa": null, "payment:paypal": null, "payment:mastercard": null, "payment:maestro": null, "payment:cheque": null, "payment:cb": null, "facebook": null, "description": null, "wheelchair:entrance_width": null, "wheelchair:description": null, "short_name": null, "social_facility:for": null, "opening_hours:signed": null, "official_name": null, "check_date:opening_hours": null, "level": null, "amenity": null, "fax": null, "layer": "shop_weapons_France", "path": "Point?crs=EPSG:4326&field=full_id:string(0,0)&field=osm_id:string(0,0)&field=osm_type:string(0,0)&field=shop:string(0,0)&field=contact%3Ainstagram:string(0,0)&field=panoramax:string(0,0)&field=min_age:string(0,0)&field=check_date%3Apanoramax:string(0,0)&field=sport:string(0,0)&field=payment%3Acards:string(0,0)&field=image:string(0,0)&field=clothes:string(0,0)&field=type:string(0,0)&field=club:string(0,0)&field=second_hand:string(0,0)&field=ref%3AFR%3ASIREN:string(0,0)&field=phone%3Amobile:string(0,0)&field=harassment_prevention:string(0,0)&field=contact%3Amobile:string(0,0)&field=source%3Aname%3Abr:string(0,0)&field=name%3Abr:string(0,0)&field=drive_through:string(0,0)&field=delivery:string(0,0)&field=currency%3AEUR:string(0,0)&field=start_date:string(0,0)&field=contact%3Afacebook:string(0,0)&field=payment%3Acash:string(0,0)&field=addr%3Acountry:string(0,0)&field=entrance:string(0,0)&field=payment%3Adebit_cards:string(0,0)&field=payment%3Acredit_cards:string(0,0)&field=ref%3AFR%3ANAF:string(0,0)&field=payment%3Avisa:string(0,0)&field=payment%3Apaypal:string(0,0)&field=payment%3Amastercard:string(0,0)&field=payment%3Amaestro:string(0,0)&field=payment%3Acheque:string(0,0)&field=payment%3Acb:string(0,0)&field=facebook:string(0,0)&field=contact%3Aemail:string(0,0)&field=contact%3Aphone:string(0,0)&field=operator:string(0,0)&field=description:string(0,0)&field=wheelchair%3Aentrance_width:string(0,0)&field=wheelchair%3Adescription:string(0,0)&field=short_name:string(0,0)&field=social_facility%3Afor:string(0,0)&field=addr%3Acity:string(0,0)&field=opening_hours%3Asigned:string(0,0)&field=official_name:string(0,0)&field=check_date%3Aopening_hours:string(0,0)&field=level:string(0,0)&field=amenity:string(0,0)&field=survey%3Adate:string(0,0)&field=opening_hours:string(0,0)&field=fax:string(0,0)&field=email:string(0,0)&field=contact%3Awebsite:string(0,0)&field=contact%3Apostcode:string(0,0)&field=contact%3Acity:string(0,0)&field=contact%3Astreet:string(0,0)&field=contact%3Ahousenumber:string(0,0)&field=check_date:string(0,0)&field=phone:string(0,0)&field=addr%3Astreet:string(0,0)&field=addr%3Apostcode:string(0,0)&field=addr%3Ahousenumber:string(0,0)&field=wheelchair:string(0,0)&field=website:string(0,0)&field=ref%3AFR%3ASIRET:string(0,0)&field=name:string(0,0)&uid={4518d7bb-bdbd-4c09-8855-e4ec48aa2337}" }, "geometry": { "type": "Point", "coordinates": [ -0.3553918, 49.1778434 ] } },
{ "type": "Feature", "properties": { "full_id": "n11988036171", "osm_id": "11988036171", "osm_type": "node", "shop": "weapons", "check_date": "2025-09-05", "operator": null, "email": null, "disused:shop": null, "wheelchair": "yes", "contact:website": null, "building:levels": null, "survey:date": null, "addr:street": null, "addr:housenumber": null, "phone": null, "ref:FR:SIREN": null, "contact:housenumber": null, "contact:fax": null, "contact:email": null, "addr:postcode": null, "addr:city": null, "ref:vatin": null, "ref:FR:NAF": null, "opening_hours": null, "contact:street": null, "contact:postcode": null, "contact:phone": null, "contact:facebook": null, "contact:city": null, "ref:FR:SIRET": "43899856900059", "website": null, "type": null, "name": "Artillery Shop", "building": null, "contact:instagram": null, "panoramax": null, "min_age": null, "check_date:panoramax": null, "sport": null, "payment:cards": null, "image": null, "clothes": null, "club": null, "second_hand": null, "phone:mobile": null, "harassment_prevention": null, "contact:mobile": null, "source:name:br": null, "name:br": null, "drive_through": null, "delivery": null, "currency:EUR": null, "start_date": null, "payment:cash": null, "addr:country": null, "entrance": null, "payment:debit_cards": null, "payment:credit_cards": null, "payment:visa": null, "payment:paypal": null, "payment:mastercard": null, "payment:maestro": null, "payment:cheque": null, "payment:cb": null, "facebook": null, "description": null, "wheelchair:entrance_width": null, "wheelchair:description": null, "short_name": null, "social_facility:for": null, "opening_hours:signed": null, "official_name": null, "check_date:opening_hours": null, "level": null, "amenity": null, "fax": null, "layer": "shop_weapons_France", "path": "Point?crs=EPSG:4326&field=full_id:string(0,0)&field=osm_id:string(0,0)&field=osm_type:string(0,0)&field=shop:string(0,0)&field=contact%3Ainstagram:string(0,0)&field=panoramax:string(0,0)&field=min_age:string(0,0)&field=check_date%3Apanoramax:string(0,0)&field=sport:string(0,0)&field=payment%3Acards:string(0,0)&field=image:string(0,0)&field=clothes:string(0,0)&field=type:string(0,0)&field=club:string(0,0)&field=second_hand:string(0,0)&field=ref%3AFR%3ASIREN:string(0,0)&field=phone%3Amobile:string(0,0)&field=harassment_prevention:string(0,0)&field=contact%3Amobile:string(0,0)&field=source%3Aname%3Abr:string(0,0)&field=name%3Abr:string(0,0)&field=drive_through:string(0,0)&field=delivery:string(0,0)&field=currency%3AEUR:string(0,0)&field=start_date:string(0,0)&field=contact%3Afacebook:string(0,0)&field=payment%3Acash:string(0,0)&field=addr%3Acountry:string(0,0)&field=entrance:string(0,0)&field=payment%3Adebit_cards:string(0,0)&field=payment%3Acredit_cards:string(0,0)&field=ref%3AFR%3ANAF:string(0,0)&field=payment%3Avisa:string(0,0)&field=payment%3Apaypal:string(0,0)&field=payment%3Amastercard:string(0,0)&field=payment%3Amaestro:string(0,0)&field=payment%3Acheque:string(0,0)&field=payment%3Acb:string(0,0)&field=facebook:string(0,0)&field=contact%3Aemail:string(0,0)&field=contact%3Aphone:string(0,0)&field=operator:string(0,0)&field=description:string(0,0)&field=wheelchair%3Aentrance_width:string(0,0)&field=wheelchair%3Adescription:string(0,0)&field=short_name:string(0,0)&field=social_facility%3Afor:string(0,0)&field=addr%3Acity:string(0,0)&field=opening_hours%3Asigned:string(0,0)&field=official_name:string(0,0)&field=check_date%3Aopening_hours:string(0,0)&field=level:string(0,0)&field=amenity:string(0,0)&field=survey%3Adate:string(0,0)&field=opening_hours:string(0,0)&field=fax:string(0,0)&field=email:string(0,0)&field=contact%3Awebsite:string(0,0)&field=contact%3Apostcode:string(0,0)&field=contact%3Acity:string(0,0)&field=contact%3Astreet:string(0,0)&field=contact%3Ahousenumber:string(0,0)&field=check_date:string(0,0)&field=phone:string(0,0)&field=addr%3Astreet:string(0,0)&field=addr%3Apostcode:string(0,0)&field=addr%3Ahousenumber:string(0,0)&field=wheelchair:string(0,0)&field=website:string(0,0)&field=ref%3AFR%3ASIRET:string(0,0)&field=name:string(0,0)&uid={4518d7bb-bdbd-4c09-8855-e4ec48aa2337}" }, "geometry": { "type": "Point", "coordinates": [ 7.1174567, 43.5761261 ] } },
{ "type": "Feature", "properties": { "full_id": "n12075316026", "osm_id": "12075316026", "osm_type": "node", "shop": "weapons", "check_date": null, "operator": null, "email": null, "disused:shop": null, "wheelchair": null, "contact:website": null, "building:levels": null, "survey:date": null, "addr:street": null, "addr:housenumber": null, "phone": null, "ref:FR:SIREN": null, "contact:housenumber": null, "contact:fax": null, "contact:email": null, "addr:postcode": null, "addr:city": null, "ref:vatin": null, "ref:FR:NAF": null, "opening_hours": null, "contact:street": null, "contact:postcode": null, "contact:phone": null, "contact:facebook": null, "contact:city": null, "ref:FR:SIRET": null, "website": null, "type": null, "name": "Laguiole en Aubrac", "building": null, "contact:instagram": null, "panoramax": null, "min_age": null, "check_date:panoramax": null, "sport": null, "payment:cards": null, "image": null, "clothes": null, "club": null, "second_hand": null, "phone:mobile": null, "harassment_prevention": null, "contact:mobile": null, "source:name:br": null, "name:br": null, "drive_through": null, "delivery": null, "currency:EUR": null, "start_date": null, "payment:cash": null, "addr:country": null, "entrance": null, "payment:debit_cards": null, "payment:credit_cards": null, "payment:visa": null, "payment:paypal": null, "payment:mastercard": null, "payment:maestro": null, "payment:cheque": null, "payment:cb": null, "facebook": null, "description": "Coutelerrie - Knife shop", "wheelchair:entrance_width": null, "wheelchair:description": null, "short_name": null, "social_facility:for": null, "opening_hours:signed": null, "official_name": null, "check_date:opening_hours": null, "level": null, "amenity": null, "fax": null, "layer": "shop_weapons_France", "path": "Point?crs=EPSG:4326&field=full_id:string(0,0)&field=osm_id:string(0,0)&field=osm_type:string(0,0)&field=shop:string(0,0)&field=contact%3Ainstagram:string(0,0)&field=panoramax:string(0,0)&field=min_age:string(0,0)&field=check_date%3Apanoramax:string(0,0)&field=sport:string(0,0)&field=payment%3Acards:string(0,0)&field=image:string(0,0)&field=clothes:string(0,0)&field=type:string(0,0)&field=club:string(0,0)&field=second_hand:string(0,0)&field=ref%3AFR%3ASIREN:string(0,0)&field=phone%3Amobile:string(0,0)&field=harassment_prevention:string(0,0)&field=contact%3Amobile:string(0,0)&field=source%3Aname%3Abr:string(0,0)&field=name%3Abr:string(0,0)&field=drive_through:string(0,0)&field=delivery:string(0,0)&field=currency%3AEUR:string(0,0)&field=start_date:string(0,0)&field=contact%3Afacebook:string(0,0)&field=payment%3Acash:string(0,0)&field=addr%3Acountry:string(0,0)&field=entrance:string(0,0)&field=payment%3Adebit_cards:string(0,0)&field=payment%3Acredit_cards:string(0,0)&field=ref%3AFR%3ANAF:string(0,0)&field=payment%3Avisa:string(0,0)&field=payment%3Apaypal:string(0,0)&field=payment%3Amastercard:string(0,0)&field=payment%3Amaestro:string(0,0)&field=payment%3Acheque:string(0,0)&field=payment%3Acb:string(0,0)&field=facebook:string(0,0)&field=contact%3Aemail:string(0,0)&field=contact%3Aphone:string(0,0)&field=operator:string(0,0)&field=description:string(0,0)&field=wheelchair%3Aentrance_width:string(0,0)&field=wheelchair%3Adescription:string(0,0)&field=short_name:string(0,0)&field=social_facility%3Afor:string(0,0)&field=addr%3Acity:string(0,0)&field=opening_hours%3Asigned:string(0,0)&field=official_name:string(0,0)&field=check_date%3Aopening_hours:string(0,0)&field=level:string(0,0)&field=amenity:string(0,0)&field=survey%3Adate:string(0,0)&field=opening_hours:string(0,0)&field=fax:string(0,0)&field=email:string(0,0)&field=contact%3Awebsite:string(0,0)&field=contact%3Apostcode:string(0,0)&field=contact%3Acity:string(0,0)&field=contact%3Astreet:string(0,0)&field=contact%3Ahousenumber:string(0,0)&field=check_date:string(0,0)&field=phone:string(0,0)&field=addr%3Astreet:string(0,0)&field=addr%3Apostcode:string(0,0)&field=addr%3Ahousenumber:string(0,0)&field=wheelchair:string(0,0)&field=website:string(0,0)&field=ref%3AFR%3ASIRET:string(0,0)&field=name:string(0,0)&uid={4518d7bb-bdbd-4c09-8855-e4ec48aa2337}" }, "geometry": { "type": "Point", "coordinates": [ -0.155696, 44.8934455 ] } },
{ "type": "Feature", "properties": { "full_id": "n12085003157", "osm_id": "12085003157", "osm_type": "node", "shop": "weapons", "check_date": null, "operator": null, "email": null, "disused:shop": null, "wheelchair": null, "contact:website": null, "building:levels": null, "survey:date": null, "addr:street": "Avenue Morne Coco", "addr:housenumber": null, "phone": null, "ref:FR:SIREN": null, "contact:housenumber": null, "contact:fax": null, "contact:email": null, "addr:postcode": null, "addr:city": null, "ref:vatin": null, "ref:FR:NAF": null, "opening_hours": null, "contact:street": null, "contact:postcode": null, "contact:phone": null, "contact:facebook": null, "contact:city": null, "ref:FR:SIRET": "88478709400025", "website": null, "type": null, "name": "La poudrière guyanaise", "building": null, "contact:instagram": null, "panoramax": null, "min_age": null, "check_date:panoramax": null, "sport": null, "payment:cards": null, "image": null, "clothes": null, "club": null, "second_hand": null, "phone:mobile": null, "harassment_prevention": null, "contact:mobile": null, "source:name:br": null, "name:br": null, "drive_through": null, "delivery": null, "currency:EUR": null, "start_date": null, "payment:cash": null, "addr:country": null, "entrance": null, "payment:debit_cards": null, "payment:credit_cards": null, "payment:visa": null, "payment:paypal": null, "payment:mastercard": null, "payment:maestro": null, "payment:cheque": null, "payment:cb": null, "facebook": null, "description": null, "wheelchair:entrance_width": null, "wheelchair:description": null, "short_name": null, "social_facility:for": null, "opening_hours:signed": null, "official_name": null, "check_date:opening_hours": null, "level": null, "amenity": null, "fax": null, "layer": "shop_weapons_France", "path": "Point?crs=EPSG:4326&field=full_id:string(0,0)&field=osm_id:string(0,0)&field=osm_type:string(0,0)&field=shop:string(0,0)&field=contact%3Ainstagram:string(0,0)&field=panoramax:string(0,0)&field=min_age:string(0,0)&field=check_date%3Apanoramax:string(0,0)&field=sport:string(0,0)&field=payment%3Acards:string(0,0)&field=image:string(0,0)&field=clothes:string(0,0)&field=type:string(0,0)&field=club:string(0,0)&field=second_hand:string(0,0)&field=ref%3AFR%3ASIREN:string(0,0)&field=phone%3Amobile:string(0,0)&field=harassment_prevention:string(0,0)&field=contact%3Amobile:string(0,0)&field=source%3Aname%3Abr:string(0,0)&field=name%3Abr:string(0,0)&field=drive_through:string(0,0)&field=delivery:string(0,0)&field=currency%3AEUR:string(0,0)&field=start_date:string(0,0)&field=contact%3Afacebook:string(0,0)&field=payment%3Acash:string(0,0)&field=addr%3Acountry:string(0,0)&field=entrance:string(0,0)&field=payment%3Adebit_cards:string(0,0)&field=payment%3Acredit_cards:string(0,0)&field=ref%3AFR%3ANAF:string(0,0)&field=payment%3Avisa:string(0,0)&field=payment%3Apaypal:string(0,0)&field=payment%3Amastercard:string(0,0)&field=payment%3Amaestro:string(0,0)&field=payment%3Acheque:string(0,0)&field=payment%3Acb:string(0,0)&field=facebook:string(0,0)&field=contact%3Aemail:string(0,0)&field=contact%3Aphone:string(0,0)&field=operator:string(0,0)&field=description:string(0,0)&field=wheelchair%3Aentrance_width:string(0,0)&field=wheelchair%3Adescription:string(0,0)&field=short_name:string(0,0)&field=social_facility%3Afor:string(0,0)&field=addr%3Acity:string(0,0)&field=opening_hours%3Asigned:string(0,0)&field=official_name:string(0,0)&field=check_date%3Aopening_hours:string(0,0)&field=level:string(0,0)&field=amenity:string(0,0)&field=survey%3Adate:string(0,0)&field=opening_hours:string(0,0)&field=fax:string(0,0)&field=email:string(0,0)&field=contact%3Awebsite:string(0,0)&field=contact%3Apostcode:string(0,0)&field=contact%3Acity:string(0,0)&field=contact%3Astreet:string(0,0)&field=contact%3Ahousenumber:string(0,0)&field=check_date:string(0,0)&field=phone:string(0,0)&field=addr%3Astreet:string(0,0)&field=addr%3Apostcode:string(0,0)&field=addr%3Ahousenumber:string(0,0)&field=wheelchair:string(0,0)&field=website:string(0,0)&field=ref%3AFR%3ASIRET:string(0,0)&field=name:string(0,0)&uid={4518d7bb-bdbd-4c09-8855-e4ec48aa2337}" }, "geometry": { "type": "Point", "coordinates": [ -52.2738498, 4.9004326 ] } },
{ "type": "Feature", "properties": { "full_id": "n12281587300", "osm_id": "12281587300", "osm_type": "node", "shop": "weapons", "check_date": null, "operator": null, "email": null, "disused:shop": null, "wheelchair": null, "contact:website": null, "building:levels": null, "survey:date": null, "addr:street": "Chemin Alphonse Lavallée", "addr:housenumber": "151", "phone": null, "ref:FR:SIREN": null, "contact:housenumber": null, "contact:fax": null, "contact:email": null, "addr:postcode": "83130", "addr:city": "La Garde", "ref:vatin": null, "ref:FR:NAF": null, "opening_hours": "Tu-Sa 09:30-12:30,14:30-19:00", "contact:street": null, "contact:postcode": null, "contact:phone": null, "contact:facebook": null, "contact:city": null, "ref:FR:SIRET": null, "website": null, "type": null, "name": "Pistolier", "building": null, "contact:instagram": null, "panoramax": null, "min_age": null, "check_date:panoramax": null, "sport": null, "payment:cards": null, "image": null, "clothes": null, "club": null, "second_hand": null, "phone:mobile": null, "harassment_prevention": null, "contact:mobile": null, "source:name:br": null, "name:br": null, "drive_through": null, "delivery": null, "currency:EUR": null, "start_date": null, "payment:cash": null, "addr:country": null, "entrance": null, "payment:debit_cards": null, "payment:credit_cards": null, "payment:visa": null, "payment:paypal": null, "payment:mastercard": null, "payment:maestro": null, "payment:cheque": null, "payment:cb": null, "facebook": null, "description": null, "wheelchair:entrance_width": null, "wheelchair:description": null, "short_name": null, "social_facility:for": null, "opening_hours:signed": null, "official_name": null, "check_date:opening_hours": null, "level": "1", "amenity": null, "fax": null, "layer": "shop_weapons_France", "path": "Point?crs=EPSG:4326&field=full_id:string(0,0)&field=osm_id:string(0,0)&field=osm_type:string(0,0)&field=shop:string(0,0)&field=contact%3Ainstagram:string(0,0)&field=panoramax:string(0,0)&field=min_age:string(0,0)&field=check_date%3Apanoramax:string(0,0)&field=sport:string(0,0)&field=payment%3Acards:string(0,0)&field=image:string(0,0)&field=clothes:string(0,0)&field=type:string(0,0)&field=club:string(0,0)&field=second_hand:string(0,0)&field=ref%3AFR%3ASIREN:string(0,0)&field=phone%3Amobile:string(0,0)&field=harassment_prevention:string(0,0)&field=contact%3Amobile:string(0,0)&field=source%3Aname%3Abr:string(0,0)&field=name%3Abr:string(0,0)&field=drive_through:string(0,0)&field=delivery:string(0,0)&field=currency%3AEUR:string(0,0)&field=start_date:string(0,0)&field=contact%3Afacebook:string(0,0)&field=payment%3Acash:string(0,0)&field=addr%3Acountry:string(0,0)&field=entrance:string(0,0)&field=payment%3Adebit_cards:string(0,0)&field=payment%3Acredit_cards:string(0,0)&field=ref%3AFR%3ANAF:string(0,0)&field=payment%3Avisa:string(0,0)&field=payment%3Apaypal:string(0,0)&field=payment%3Amastercard:string(0,0)&field=payment%3Amaestro:string(0,0)&field=payment%3Acheque:string(0,0)&field=payment%3Acb:string(0,0)&field=facebook:string(0,0)&field=contact%3Aemail:string(0,0)&field=contact%3Aphone:string(0,0)&field=operator:string(0,0)&field=description:string(0,0)&field=wheelchair%3Aentrance_width:string(0,0)&field=wheelchair%3Adescription:string(0,0)&field=short_name:string(0,0)&field=social_facility%3Afor:string(0,0)&field=addr%3Acity:string(0,0)&field=opening_hours%3Asigned:string(0,0)&field=official_name:string(0,0)&field=check_date%3Aopening_hours:string(0,0)&field=level:string(0,0)&field=amenity:string(0,0)&field=survey%3Adate:string(0,0)&field=opening_hours:string(0,0)&field=fax:string(0,0)&field=email:string(0,0)&field=contact%3Awebsite:string(0,0)&field=contact%3Apostcode:string(0,0)&field=contact%3Acity:string(0,0)&field=contact%3Astreet:string(0,0)&field=contact%3Ahousenumber:string(0,0)&field=check_date:string(0,0)&field=phone:string(0,0)&field=addr%3Astreet:string(0,0)&field=addr%3Apostcode:string(0,0)&field=addr%3Ahousenumber:string(0,0)&field=wheelchair:string(0,0)&field=website:string(0,0)&field=ref%3AFR%3ASIRET:string(0,0)&field=name:string(0,0)&uid={4518d7bb-bdbd-4c09-8855-e4ec48aa2337}" }, "geometry": { "type": "Point", "coordinates": [ 6.0369463, 43.1496748 ] } },
{ "type": "Feature", "properties": { "full_id": "n12344364670", "osm_id": "12344364670", "osm_type": "node", "shop": "weapons", "check_date": null, "operator": null, "email": null, "disused:shop": null, "wheelchair": null, "contact:website": null, "building:levels": null, "survey:date": null, "addr:street": null, "addr:housenumber": null, "phone": "+33 4 93 26 61 42", "ref:FR:SIREN": null, "contact:housenumber": "9", "contact:fax": null, "contact:email": null, "addr:postcode": null, "addr:city": null, "ref:vatin": null, "ref:FR:NAF": null, "opening_hours": null, "contact:street": "Rue Georges Ville", "contact:postcode": null, "contact:phone": null, "contact:facebook": null, "contact:city": null, "ref:FR:SIRET": "83383634900013", "website": null, "type": null, "name": "Armurerie niçoise", "building": null, "contact:instagram": null, "panoramax": null, "min_age": null, "check_date:panoramax": null, "sport": null, "payment:cards": null, "image": null, "clothes": null, "club": null, "second_hand": null, "phone:mobile": null, "harassment_prevention": null, "contact:mobile": null, "source:name:br": null, "name:br": null, "drive_through": null, "delivery": null, "currency:EUR": null, "start_date": null, "payment:cash": null, "addr:country": null, "entrance": null, "payment:debit_cards": null, "payment:credit_cards": null, "payment:visa": null, "payment:paypal": null, "payment:mastercard": null, "payment:maestro": null, "payment:cheque": null, "payment:cb": null, "facebook": null, "description": null, "wheelchair:entrance_width": null, "wheelchair:description": null, "short_name": null, "social_facility:for": null, "opening_hours:signed": null, "official_name": null, "check_date:opening_hours": null, "level": null, "amenity": null, "fax": null, "layer": "shop_weapons_France", "path": "Point?crs=EPSG:4326&field=full_id:string(0,0)&field=osm_id:string(0,0)&field=osm_type:string(0,0)&field=shop:string(0,0)&field=contact%3Ainstagram:string(0,0)&field=panoramax:string(0,0)&field=min_age:string(0,0)&field=check_date%3Apanoramax:string(0,0)&field=sport:string(0,0)&field=payment%3Acards:string(0,0)&field=image:string(0,0)&field=clothes:string(0,0)&field=type:string(0,0)&field=club:string(0,0)&field=second_hand:string(0,0)&field=ref%3AFR%3ASIREN:string(0,0)&field=phone%3Amobile:string(0,0)&field=harassment_prevention:string(0,0)&field=contact%3Amobile:string(0,0)&field=source%3Aname%3Abr:string(0,0)&field=name%3Abr:string(0,0)&field=drive_through:string(0,0)&field=delivery:string(0,0)&field=currency%3AEUR:string(0,0)&field=start_date:string(0,0)&field=contact%3Afacebook:string(0,0)&field=payment%3Acash:string(0,0)&field=addr%3Acountry:string(0,0)&field=entrance:string(0,0)&field=payment%3Adebit_cards:string(0,0)&field=payment%3Acredit_cards:string(0,0)&field=ref%3AFR%3ANAF:string(0,0)&field=payment%3Avisa:string(0,0)&field=payment%3Apaypal:string(0,0)&field=payment%3Amastercard:string(0,0)&field=payment%3Amaestro:string(0,0)&field=payment%3Acheque:string(0,0)&field=payment%3Acb:string(0,0)&field=facebook:string(0,0)&field=contact%3Aemail:string(0,0)&field=contact%3Aphone:string(0,0)&field=operator:string(0,0)&field=description:string(0,0)&field=wheelchair%3Aentrance_width:string(0,0)&field=wheelchair%3Adescription:string(0,0)&field=short_name:string(0,0)&field=social_facility%3Afor:string(0,0)&field=addr%3Acity:string(0,0)&field=opening_hours%3Asigned:string(0,0)&field=official_name:string(0,0)&field=check_date%3Aopening_hours:string(0,0)&field=level:string(0,0)&field=amenity:string(0,0)&field=survey%3Adate:string(0,0)&field=opening_hours:string(0,0)&field=fax:string(0,0)&field=email:string(0,0)&field=contact%3Awebsite:string(0,0)&field=contact%3Apostcode:string(0,0)&field=contact%3Acity:string(0,0)&field=contact%3Astreet:string(0,0)&field=contact%3Ahousenumber:string(0,0)&field=check_date:string(0,0)&field=phone:string(0,0)&field=addr%3Astreet:string(0,0)&field=addr%3Apostcode:string(0,0)&field=addr%3Ahousenumber:string(0,0)&field=wheelchair:string(0,0)&field=website:string(0,0)&field=ref%3AFR%3ASIRET:string(0,0)&field=name:string(0,0)&uid={4518d7bb-bdbd-4c09-8855-e4ec48aa2337}" }, "geometry": { "type": "Point", "coordinates": [ 7.2830956, 43.7025287 ] } },
{ "type": "Feature", "properties": { "full_id": "n12500991504", "osm_id": "12500991504", "osm_type": "node", "shop": "weapons", "check_date": null, "operator": null, "email": null, "disused:shop": null, "wheelchair": null, "contact:website": null, "building:levels": null, "survey:date": null, "addr:street": "Avenue Gutenberg", "addr:housenumber": null, "phone": null, "ref:FR:SIREN": null, "contact:housenumber": null, "contact:fax": null, "contact:email": null, "addr:postcode": "04000", "addr:city": "Digne-les-Bains", "ref:vatin": null, "ref:FR:NAF": null, "opening_hours": null, "contact:street": null, "contact:postcode": null, "contact:phone": null, "contact:facebook": null, "contact:city": null, "ref:FR:SIRET": null, "website": null, "type": null, "name": "Armurerie Dignoise", "building": null, "contact:instagram": null, "panoramax": null, "min_age": null, "check_date:panoramax": null, "sport": null, "payment:cards": null, "image": null, "clothes": null, "club": null, "second_hand": null, "phone:mobile": null, "harassment_prevention": null, "contact:mobile": null, "source:name:br": null, "name:br": null, "drive_through": null, "delivery": null, "currency:EUR": null, "start_date": null, "payment:cash": null, "addr:country": null, "entrance": null, "payment:debit_cards": null, "payment:credit_cards": null, "payment:visa": null, "payment:paypal": null, "payment:mastercard": null, "payment:maestro": null, "payment:cheque": null, "payment:cb": null, "facebook": null, "description": null, "wheelchair:entrance_width": null, "wheelchair:description": null, "short_name": null, "social_facility:for": null, "opening_hours:signed": null, "official_name": null, "check_date:opening_hours": null, "level": null, "amenity": null, "fax": null, "layer": "shop_weapons_France", "path": "Point?crs=EPSG:4326&field=full_id:string(0,0)&field=osm_id:string(0,0)&field=osm_type:string(0,0)&field=shop:string(0,0)&field=contact%3Ainstagram:string(0,0)&field=panoramax:string(0,0)&field=min_age:string(0,0)&field=check_date%3Apanoramax:string(0,0)&field=sport:string(0,0)&field=payment%3Acards:string(0,0)&field=image:string(0,0)&field=clothes:string(0,0)&field=type:string(0,0)&field=club:string(0,0)&field=second_hand:string(0,0)&field=ref%3AFR%3ASIREN:string(0,0)&field=phone%3Amobile:string(0,0)&field=harassment_prevention:string(0,0)&field=contact%3Amobile:string(0,0)&field=source%3Aname%3Abr:string(0,0)&field=name%3Abr:string(0,0)&field=drive_through:string(0,0)&field=delivery:string(0,0)&field=currency%3AEUR:string(0,0)&field=start_date:string(0,0)&field=contact%3Afacebook:string(0,0)&field=payment%3Acash:string(0,0)&field=addr%3Acountry:string(0,0)&field=entrance:string(0,0)&field=payment%3Adebit_cards:string(0,0)&field=payment%3Acredit_cards:string(0,0)&field=ref%3AFR%3ANAF:string(0,0)&field=payment%3Avisa:string(0,0)&field=payment%3Apaypal:string(0,0)&field=payment%3Amastercard:string(0,0)&field=payment%3Amaestro:string(0,0)&field=payment%3Acheque:string(0,0)&field=payment%3Acb:string(0,0)&field=facebook:string(0,0)&field=contact%3Aemail:string(0,0)&field=contact%3Aphone:string(0,0)&field=operator:string(0,0)&field=description:string(0,0)&field=wheelchair%3Aentrance_width:string(0,0)&field=wheelchair%3Adescription:string(0,0)&field=short_name:string(0,0)&field=social_facility%3Afor:string(0,0)&field=addr%3Acity:string(0,0)&field=opening_hours%3Asigned:string(0,0)&field=official_name:string(0,0)&field=check_date%3Aopening_hours:string(0,0)&field=level:string(0,0)&field=amenity:string(0,0)&field=survey%3Adate:string(0,0)&field=opening_hours:string(0,0)&field=fax:string(0,0)&field=email:string(0,0)&field=contact%3Awebsite:string(0,0)&field=contact%3Apostcode:string(0,0)&field=contact%3Acity:string(0,0)&field=contact%3Astreet:string(0,0)&field=contact%3Ahousenumber:string(0,0)&field=check_date:string(0,0)&field=phone:string(0,0)&field=addr%3Astreet:string(0,0)&field=addr%3Apostcode:string(0,0)&field=addr%3Ahousenumber:string(0,0)&field=wheelchair:string(0,0)&field=website:string(0,0)&field=ref%3AFR%3ASIRET:string(0,0)&field=name:string(0,0)&uid={4518d7bb-bdbd-4c09-8855-e4ec48aa2337}" }, "geometry": { "type": "Point", "coordinates": [ 6.1874572, 44.075213 ] } },
{ "type": "Feature", "properties": { "full_id": "n12603854753", "osm_id": "12603854753", "osm_type": "node", "shop": "weapons", "check_date": "2025-12-12", "operator": null, "email": null, "disused:shop": null, "wheelchair": null, "contact:website": null, "building:levels": null, "survey:date": null, "addr:street": null, "addr:housenumber": null, "phone": null, "ref:FR:SIREN": null, "contact:housenumber": null, "contact:fax": null, "contact:email": null, "addr:postcode": null, "addr:city": null, "ref:vatin": null, "ref:FR:NAF": null, "opening_hours": null, "contact:street": null, "contact:postcode": null, "contact:phone": null, "contact:facebook": null, "contact:city": null, "ref:FR:SIRET": null, "website": null, "type": null, "name": "Courty Et Fils", "building": null, "contact:instagram": null, "panoramax": null, "min_age": null, "check_date:panoramax": null, "sport": null, "payment:cards": null, "image": null, "clothes": null, "club": null, "second_hand": null, "phone:mobile": null, "harassment_prevention": null, "contact:mobile": null, "source:name:br": null, "name:br": null, "drive_through": null, "delivery": null, "currency:EUR": null, "start_date": null, "payment:cash": null, "addr:country": null, "entrance": null, "payment:debit_cards": null, "payment:credit_cards": null, "payment:visa": null, "payment:paypal": null, "payment:mastercard": null, "payment:maestro": null, "payment:cheque": null, "payment:cb": null, "facebook": null, "description": null, "wheelchair:entrance_width": null, "wheelchair:description": null, "short_name": null, "social_facility:for": null, "opening_hours:signed": null, "official_name": null, "check_date:opening_hours": null, "level": null, "amenity": null, "fax": null, "layer": "shop_weapons_France", "path": "Point?crs=EPSG:4326&field=full_id:string(0,0)&field=osm_id:string(0,0)&field=osm_type:string(0,0)&field=shop:string(0,0)&field=contact%3Ainstagram:string(0,0)&field=panoramax:string(0,0)&field=min_age:string(0,0)&field=check_date%3Apanoramax:string(0,0)&field=sport:string(0,0)&field=payment%3Acards:string(0,0)&field=image:string(0,0)&field=clothes:string(0,0)&field=type:string(0,0)&field=club:string(0,0)&field=second_hand:string(0,0)&field=ref%3AFR%3ASIREN:string(0,0)&field=phone%3Amobile:string(0,0)&field=harassment_prevention:string(0,0)&field=contact%3Amobile:string(0,0)&field=source%3Aname%3Abr:string(0,0)&field=name%3Abr:string(0,0)&field=drive_through:string(0,0)&field=delivery:string(0,0)&field=currency%3AEUR:string(0,0)&field=start_date:string(0,0)&field=contact%3Afacebook:string(0,0)&field=payment%3Acash:string(0,0)&field=addr%3Acountry:string(0,0)&field=entrance:string(0,0)&field=payment%3Adebit_cards:string(0,0)&field=payment%3Acredit_cards:string(0,0)&field=ref%3AFR%3ANAF:string(0,0)&field=payment%3Avisa:string(0,0)&field=payment%3Apaypal:string(0,0)&field=payment%3Amastercard:string(0,0)&field=payment%3Amaestro:string(0,0)&field=payment%3Acheque:string(0,0)&field=payment%3Acb:string(0,0)&field=facebook:string(0,0)&field=contact%3Aemail:string(0,0)&field=contact%3Aphone:string(0,0)&field=operator:string(0,0)&field=description:string(0,0)&field=wheelchair%3Aentrance_width:string(0,0)&field=wheelchair%3Adescription:string(0,0)&field=short_name:string(0,0)&field=social_facility%3Afor:string(0,0)&field=addr%3Acity:string(0,0)&field=opening_hours%3Asigned:string(0,0)&field=official_name:string(0,0)&field=check_date%3Aopening_hours:string(0,0)&field=level:string(0,0)&field=amenity:string(0,0)&field=survey%3Adate:string(0,0)&field=opening_hours:string(0,0)&field=fax:string(0,0)&field=email:string(0,0)&field=contact%3Awebsite:string(0,0)&field=contact%3Apostcode:string(0,0)&field=contact%3Acity:string(0,0)&field=contact%3Astreet:string(0,0)&field=contact%3Ahousenumber:string(0,0)&field=check_date:string(0,0)&field=phone:string(0,0)&field=addr%3Astreet:string(0,0)&field=addr%3Apostcode:string(0,0)&field=addr%3Ahousenumber:string(0,0)&field=wheelchair:string(0,0)&field=website:string(0,0)&field=ref%3AFR%3ASIRET:string(0,0)&field=name:string(0,0)&uid={4518d7bb-bdbd-4c09-8855-e4ec48aa2337}" }, "geometry": { "type": "Point", "coordinates": [ 2.334768, 48.8673406 ] } },
{ "type": "Feature", "properties": { "full_id": "n12827754459", "osm_id": "12827754459", "osm_type": "node", "shop": "weapons", "check_date": "2026-01-10", "operator": null, "email": null, "disused:shop": null, "wheelchair": null, "contact:website": null, "building:levels": null, "survey:date": null, "addr:street": null, "addr:housenumber": null, "phone": null, "ref:FR:SIREN": null, "contact:housenumber": null, "contact:fax": null, "contact:email": null, "addr:postcode": null, "addr:city": null, "ref:vatin": null, "ref:FR:NAF": null, "opening_hours": null, "contact:street": null, "contact:postcode": null, "contact:phone": null, "contact:facebook": null, "contact:city": null, "ref:FR:SIRET": null, "website": null, "type": null, "name": "Armes Anciennes", "building": null, "contact:instagram": null, "panoramax": null, "min_age": null, "check_date:panoramax": null, "sport": null, "payment:cards": null, "image": null, "clothes": null, "club": null, "second_hand": "yes", "phone:mobile": null, "harassment_prevention": null, "contact:mobile": null, "source:name:br": null, "name:br": null, "drive_through": null, "delivery": null, "currency:EUR": null, "start_date": null, "payment:cash": null, "addr:country": null, "entrance": null, "payment:debit_cards": null, "payment:credit_cards": null, "payment:visa": null, "payment:paypal": null, "payment:mastercard": null, "payment:maestro": null, "payment:cheque": null, "payment:cb": null, "facebook": null, "description": null, "wheelchair:entrance_width": null, "wheelchair:description": null, "short_name": null, "social_facility:for": null, "opening_hours:signed": null, "official_name": null, "check_date:opening_hours": null, "level": null, "amenity": null, "fax": null, "layer": "shop_weapons_France", "path": "Point?crs=EPSG:4326&field=full_id:string(0,0)&field=osm_id:string(0,0)&field=osm_type:string(0,0)&field=shop:string(0,0)&field=contact%3Ainstagram:string(0,0)&field=panoramax:string(0,0)&field=min_age:string(0,0)&field=check_date%3Apanoramax:string(0,0)&field=sport:string(0,0)&field=payment%3Acards:string(0,0)&field=image:string(0,0)&field=clothes:string(0,0)&field=type:string(0,0)&field=club:string(0,0)&field=second_hand:string(0,0)&field=ref%3AFR%3ASIREN:string(0,0)&field=phone%3Amobile:string(0,0)&field=harassment_prevention:string(0,0)&field=contact%3Amobile:string(0,0)&field=source%3Aname%3Abr:string(0,0)&field=name%3Abr:string(0,0)&field=drive_through:string(0,0)&field=delivery:string(0,0)&field=currency%3AEUR:string(0,0)&field=start_date:string(0,0)&field=contact%3Afacebook:string(0,0)&field=payment%3Acash:string(0,0)&field=addr%3Acountry:string(0,0)&field=entrance:string(0,0)&field=payment%3Adebit_cards:string(0,0)&field=payment%3Acredit_cards:string(0,0)&field=ref%3AFR%3ANAF:string(0,0)&field=payment%3Avisa:string(0,0)&field=payment%3Apaypal:string(0,0)&field=payment%3Amastercard:string(0,0)&field=payment%3Amaestro:string(0,0)&field=payment%3Acheque:string(0,0)&field=payment%3Acb:string(0,0)&field=facebook:string(0,0)&field=contact%3Aemail:string(0,0)&field=contact%3Aphone:string(0,0)&field=operator:string(0,0)&field=description:string(0,0)&field=wheelchair%3Aentrance_width:string(0,0)&field=wheelchair%3Adescription:string(0,0)&field=short_name:string(0,0)&field=social_facility%3Afor:string(0,0)&field=addr%3Acity:string(0,0)&field=opening_hours%3Asigned:string(0,0)&field=official_name:string(0,0)&field=check_date%3Aopening_hours:string(0,0)&field=level:string(0,0)&field=amenity:string(0,0)&field=survey%3Adate:string(0,0)&field=opening_hours:string(0,0)&field=fax:string(0,0)&field=email:string(0,0)&field=contact%3Awebsite:string(0,0)&field=contact%3Apostcode:string(0,0)&field=contact%3Acity:string(0,0)&field=contact%3Astreet:string(0,0)&field=contact%3Ahousenumber:string(0,0)&field=check_date:string(0,0)&field=phone:string(0,0)&field=addr%3Astreet:string(0,0)&field=addr%3Apostcode:string(0,0)&field=addr%3Ahousenumber:string(0,0)&field=wheelchair:string(0,0)&field=website:string(0,0)&field=ref%3AFR%3ASIRET:string(0,0)&field=name:string(0,0)&uid={4518d7bb-bdbd-4c09-8855-e4ec48aa2337}" }, "geometry": { "type": "Point", "coordinates": [ 2.1472363, 48.9058201 ] } },
{ "type": "Feature", "properties": { "full_id": "n12841704653", "osm_id": "12841704653", "osm_type": "node", "shop": "weapons", "check_date": null, "operator": null, "email": null, "disused:shop": null, "wheelchair": null, "contact:website": null, "building:levels": null, "survey:date": null, "addr:street": null, "addr:housenumber": "53", "phone": "+33 4 76 65 53 53", "ref:FR:SIREN": null, "contact:housenumber": null, "contact:fax": null, "contact:email": null, "addr:postcode": null, "addr:city": null, "ref:vatin": null, "ref:FR:NAF": null, "opening_hours": "Tu-Fr 09:00-12:00, 15:00-19:00; Sa 09:00-12:00, 15:00-18:00", "contact:street": null, "contact:postcode": null, "contact:phone": null, "contact:facebook": null, "contact:city": null, "ref:FR:SIRET": null, "website": "https://www.armurerie-peyron.fr/", "type": null, "name": "Armurerie Peyron", "building": null, "contact:instagram": null, "panoramax": null, "min_age": null, "check_date:panoramax": null, "sport": null, "payment:cards": null, "image": null, "clothes": null, "club": null, "second_hand": null, "phone:mobile": null, "harassment_prevention": null, "contact:mobile": null, "source:name:br": null, "name:br": null, "drive_through": null, "delivery": null, "currency:EUR": null, "start_date": null, "payment:cash": null, "addr:country": null, "entrance": null, "payment:debit_cards": null, "payment:credit_cards": null, "payment:visa": null, "payment:paypal": null, "payment:mastercard": null, "payment:maestro": null, "payment:cheque": null, "payment:cb": null, "facebook": null, "description": null, "wheelchair:entrance_width": null, "wheelchair:description": null, "short_name": null, "social_facility:for": null, "opening_hours:signed": null, "official_name": null, "check_date:opening_hours": null, "level": null, "amenity": null, "fax": null, "layer": "shop_weapons_France", "path": "Point?crs=EPSG:4326&field=full_id:string(0,0)&field=osm_id:string(0,0)&field=osm_type:string(0,0)&field=shop:string(0,0)&field=contact%3Ainstagram:string(0,0)&field=panoramax:string(0,0)&field=min_age:string(0,0)&field=check_date%3Apanoramax:string(0,0)&field=sport:string(0,0)&field=payment%3Acards:string(0,0)&field=image:string(0,0)&field=clothes:string(0,0)&field=type:string(0,0)&field=club:string(0,0)&field=second_hand:string(0,0)&field=ref%3AFR%3ASIREN:string(0,0)&field=phone%3Amobile:string(0,0)&field=harassment_prevention:string(0,0)&field=contact%3Amobile:string(0,0)&field=source%3Aname%3Abr:string(0,0)&field=name%3Abr:string(0,0)&field=drive_through:string(0,0)&field=delivery:string(0,0)&field=currency%3AEUR:string(0,0)&field=start_date:string(0,0)&field=contact%3Afacebook:string(0,0)&field=payment%3Acash:string(0,0)&field=addr%3Acountry:string(0,0)&field=entrance:string(0,0)&field=payment%3Adebit_cards:string(0,0)&field=payment%3Acredit_cards:string(0,0)&field=ref%3AFR%3ANAF:string(0,0)&field=payment%3Avisa:string(0,0)&field=payment%3Apaypal:string(0,0)&field=payment%3Amastercard:string(0,0)&field=payment%3Amaestro:string(0,0)&field=payment%3Acheque:string(0,0)&field=payment%3Acb:string(0,0)&field=facebook:string(0,0)&field=contact%3Aemail:string(0,0)&field=contact%3Aphone:string(0,0)&field=operator:string(0,0)&field=description:string(0,0)&field=wheelchair%3Aentrance_width:string(0,0)&field=wheelchair%3Adescription:string(0,0)&field=short_name:string(0,0)&field=social_facility%3Afor:string(0,0)&field=addr%3Acity:string(0,0)&field=opening_hours%3Asigned:string(0,0)&field=official_name:string(0,0)&field=check_date%3Aopening_hours:string(0,0)&field=level:string(0,0)&field=amenity:string(0,0)&field=survey%3Adate:string(0,0)&field=opening_hours:string(0,0)&field=fax:string(0,0)&field=email:string(0,0)&field=contact%3Awebsite:string(0,0)&field=contact%3Apostcode:string(0,0)&field=contact%3Acity:string(0,0)&field=contact%3Astreet:string(0,0)&field=contact%3Ahousenumber:string(0,0)&field=check_date:string(0,0)&field=phone:string(0,0)&field=addr%3Astreet:string(0,0)&field=addr%3Apostcode:string(0,0)&field=addr%3Ahousenumber:string(0,0)&field=wheelchair:string(0,0)&field=website:string(0,0)&field=ref%3AFR%3ASIRET:string(0,0)&field=name:string(0,0)&uid={4518d7bb-bdbd-4c09-8855-e4ec48aa2337}" }, "geometry": { "type": "Point", "coordinates": [ 5.3286612, 45.3564847 ] } },
{ "type": "Feature", "properties": { "full_id": "n12850540193", "osm_id": "12850540193", "osm_type": "node", "shop": "weapons", "check_date": null, "operator": null, "email": null, "disused:shop": null, "wheelchair": null, "contact:website": null, "building:levels": null, "survey:date": null, "addr:street": "Avenue de la Libération", "addr:housenumber": "400", "phone": "+33 4 79 32 58 01", "ref:FR:SIREN": null, "contact:housenumber": null, "contact:fax": null, "contact:email": null, "addr:postcode": "73400", "addr:city": "Ugine", "ref:vatin": null, "ref:FR:NAF": null, "opening_hours": "Tu-Fr 09:00-12:00,14:00-19:00; Sa 09:00-12:00,14:00-18:00", "contact:street": null, "contact:postcode": null, "contact:phone": null, "contact:facebook": null, "contact:city": null, "ref:FR:SIRET": "52145573300019", "website": null, "type": null, "name": "Armurerie des 2 Savoie", "building": null, "contact:instagram": null, "panoramax": null, "min_age": null, "check_date:panoramax": null, "sport": null, "payment:cards": null, "image": null, "clothes": null, "club": null, "second_hand": null, "phone:mobile": null, "harassment_prevention": null, "contact:mobile": null, "source:name:br": null, "name:br": null, "drive_through": null, "delivery": null, "currency:EUR": null, "start_date": null, "payment:cash": null, "addr:country": null, "entrance": null, "payment:debit_cards": null, "payment:credit_cards": null, "payment:visa": null, "payment:paypal": null, "payment:mastercard": null, "payment:maestro": null, "payment:cheque": null, "payment:cb": null, "facebook": null, "description": null, "wheelchair:entrance_width": null, "wheelchair:description": null, "short_name": null, "social_facility:for": null, "opening_hours:signed": null, "official_name": null, "check_date:opening_hours": null, "level": null, "amenity": null, "fax": null, "layer": "shop_weapons_France", "path": "Point?crs=EPSG:4326&field=full_id:string(0,0)&field=osm_id:string(0,0)&field=osm_type:string(0,0)&field=shop:string(0,0)&field=contact%3Ainstagram:string(0,0)&field=panoramax:string(0,0)&field=min_age:string(0,0)&field=check_date%3Apanoramax:string(0,0)&field=sport:string(0,0)&field=payment%3Acards:string(0,0)&field=image:string(0,0)&field=clothes:string(0,0)&field=type:string(0,0)&field=club:string(0,0)&field=second_hand:string(0,0)&field=ref%3AFR%3ASIREN:string(0,0)&field=phone%3Amobile:string(0,0)&field=harassment_prevention:string(0,0)&field=contact%3Amobile:string(0,0)&field=source%3Aname%3Abr:string(0,0)&field=name%3Abr:string(0,0)&field=drive_through:string(0,0)&field=delivery:string(0,0)&field=currency%3AEUR:string(0,0)&field=start_date:string(0,0)&field=contact%3Afacebook:string(0,0)&field=payment%3Acash:string(0,0)&field=addr%3Acountry:string(0,0)&field=entrance:string(0,0)&field=payment%3Adebit_cards:string(0,0)&field=payment%3Acredit_cards:string(0,0)&field=ref%3AFR%3ANAF:string(0,0)&field=payment%3Avisa:string(0,0)&field=payment%3Apaypal:string(0,0)&field=payment%3Amastercard:string(0,0)&field=payment%3Amaestro:string(0,0)&field=payment%3Acheque:string(0,0)&field=payment%3Acb:string(0,0)&field=facebook:string(0,0)&field=contact%3Aemail:string(0,0)&field=contact%3Aphone:string(0,0)&field=operator:string(0,0)&field=description:string(0,0)&field=wheelchair%3Aentrance_width:string(0,0)&field=wheelchair%3Adescription:string(0,0)&field=short_name:string(0,0)&field=social_facility%3Afor:string(0,0)&field=addr%3Acity:string(0,0)&field=opening_hours%3Asigned:string(0,0)&field=official_name:string(0,0)&field=check_date%3Aopening_hours:string(0,0)&field=level:string(0,0)&field=amenity:string(0,0)&field=survey%3Adate:string(0,0)&field=opening_hours:string(0,0)&field=fax:string(0,0)&field=email:string(0,0)&field=contact%3Awebsite:string(0,0)&field=contact%3Apostcode:string(0,0)&field=contact%3Acity:string(0,0)&field=contact%3Astreet:string(0,0)&field=contact%3Ahousenumber:string(0,0)&field=check_date:string(0,0)&field=phone:string(0,0)&field=addr%3Astreet:string(0,0)&field=addr%3Apostcode:string(0,0)&field=addr%3Ahousenumber:string(0,0)&field=wheelchair:string(0,0)&field=website:string(0,0)&field=ref%3AFR%3ASIRET:string(0,0)&field=name:string(0,0)&uid={4518d7bb-bdbd-4c09-8855-e4ec48aa2337}" }, "geometry": { "type": "Point", "coordinates": [ 6.4124979, 45.7514269 ] } },
{ "type": "Feature", "properties": { "full_id": "n12876939498", "osm_id": "12876939498", "osm_type": "node", "shop": "weapons", "check_date": null, "operator": null, "email": null, "disused:shop": null, "wheelchair": null, "contact:website": null, "building:levels": null, "survey:date": null, "addr:street": null, "addr:housenumber": null, "phone": null, "ref:FR:SIREN": null, "contact:housenumber": null, "contact:fax": null, "contact:email": null, "addr:postcode": null, "addr:city": null, "ref:vatin": null, "ref:FR:NAF": null, "opening_hours": null, "contact:street": null, "contact:postcode": null, "contact:phone": null, "contact:facebook": null, "contact:city": null, "ref:FR:SIRET": null, "website": null, "type": null, "name": "Armurerie de la Croix-Rousse", "building": null, "contact:instagram": null, "panoramax": null, "min_age": null, "check_date:panoramax": null, "sport": null, "payment:cards": null, "image": null, "clothes": null, "club": null, "second_hand": null, "phone:mobile": null, "harassment_prevention": null, "contact:mobile": null, "source:name:br": null, "name:br": null, "drive_through": null, "delivery": null, "currency:EUR": null, "start_date": null, "payment:cash": null, "addr:country": null, "entrance": null, "payment:debit_cards": null, "payment:credit_cards": null, "payment:visa": null, "payment:paypal": null, "payment:mastercard": null, "payment:maestro": null, "payment:cheque": null, "payment:cb": null, "facebook": null, "description": null, "wheelchair:entrance_width": null, "wheelchair:description": null, "short_name": null, "social_facility:for": null, "opening_hours:signed": null, "official_name": null, "check_date:opening_hours": null, "level": null, "amenity": null, "fax": null, "layer": "shop_weapons_France", "path": "Point?crs=EPSG:4326&field=full_id:string(0,0)&field=osm_id:string(0,0)&field=osm_type:string(0,0)&field=shop:string(0,0)&field=contact%3Ainstagram:string(0,0)&field=panoramax:string(0,0)&field=min_age:string(0,0)&field=check_date%3Apanoramax:string(0,0)&field=sport:string(0,0)&field=payment%3Acards:string(0,0)&field=image:string(0,0)&field=clothes:string(0,0)&field=type:string(0,0)&field=club:string(0,0)&field=second_hand:string(0,0)&field=ref%3AFR%3ASIREN:string(0,0)&field=phone%3Amobile:string(0,0)&field=harassment_prevention:string(0,0)&field=contact%3Amobile:string(0,0)&field=source%3Aname%3Abr:string(0,0)&field=name%3Abr:string(0,0)&field=drive_through:string(0,0)&field=delivery:string(0,0)&field=currency%3AEUR:string(0,0)&field=start_date:string(0,0)&field=contact%3Afacebook:string(0,0)&field=payment%3Acash:string(0,0)&field=addr%3Acountry:string(0,0)&field=entrance:string(0,0)&field=payment%3Adebit_cards:string(0,0)&field=payment%3Acredit_cards:string(0,0)&field=ref%3AFR%3ANAF:string(0,0)&field=payment%3Avisa:string(0,0)&field=payment%3Apaypal:string(0,0)&field=payment%3Amastercard:string(0,0)&field=payment%3Amaestro:string(0,0)&field=payment%3Acheque:string(0,0)&field=payment%3Acb:string(0,0)&field=facebook:string(0,0)&field=contact%3Aemail:string(0,0)&field=contact%3Aphone:string(0,0)&field=operator:string(0,0)&field=description:string(0,0)&field=wheelchair%3Aentrance_width:string(0,0)&field=wheelchair%3Adescription:string(0,0)&field=short_name:string(0,0)&field=social_facility%3Afor:string(0,0)&field=addr%3Acity:string(0,0)&field=opening_hours%3Asigned:string(0,0)&field=official_name:string(0,0)&field=check_date%3Aopening_hours:string(0,0)&field=level:string(0,0)&field=amenity:string(0,0)&field=survey%3Adate:string(0,0)&field=opening_hours:string(0,0)&field=fax:string(0,0)&field=email:string(0,0)&field=contact%3Awebsite:string(0,0)&field=contact%3Apostcode:string(0,0)&field=contact%3Acity:string(0,0)&field=contact%3Astreet:string(0,0)&field=contact%3Ahousenumber:string(0,0)&field=check_date:string(0,0)&field=phone:string(0,0)&field=addr%3Astreet:string(0,0)&field=addr%3Apostcode:string(0,0)&field=addr%3Ahousenumber:string(0,0)&field=wheelchair:string(0,0)&field=website:string(0,0)&field=ref%3AFR%3ASIRET:string(0,0)&field=name:string(0,0)&uid={4518d7bb-bdbd-4c09-8855-e4ec48aa2337}" }, "geometry": { "type": "Point", "coordinates": [ 4.8273311, 45.7752389 ] } },
{ "type": "Feature", "properties": { "full_id": "n12941951565", "osm_id": "12941951565", "osm_type": "node", "shop": "weapons", "check_date": null, "operator": null, "email": null, "disused:shop": null, "wheelchair": null, "contact:website": null, "building:levels": null, "survey:date": null, "addr:street": null, "addr:housenumber": null, "phone": null, "ref:FR:SIREN": null, "contact:housenumber": null, "contact:fax": null, "contact:email": null, "addr:postcode": null, "addr:city": null, "ref:vatin": null, "ref:FR:NAF": null, "opening_hours": null, "contact:street": null, "contact:postcode": null, "contact:phone": null, "contact:facebook": null, "contact:city": null, "ref:FR:SIRET": "97820749600016", "website": null, "type": null, "name": "Coutellerie du Marché", "building": null, "contact:instagram": null, "panoramax": null, "min_age": null, "check_date:panoramax": null, "sport": null, "payment:cards": null, "image": null, "clothes": null, "club": null, "second_hand": null, "phone:mobile": null, "harassment_prevention": null, "contact:mobile": null, "source:name:br": null, "name:br": null, "drive_through": null, "delivery": null, "currency:EUR": null, "start_date": null, "payment:cash": null, "addr:country": null, "entrance": null, "payment:debit_cards": null, "payment:credit_cards": null, "payment:visa": null, "payment:paypal": null, "payment:mastercard": null, "payment:maestro": null, "payment:cheque": null, "payment:cb": null, "facebook": null, "description": null, "wheelchair:entrance_width": null, "wheelchair:description": null, "short_name": null, "social_facility:for": null, "opening_hours:signed": null, "official_name": null, "check_date:opening_hours": null, "level": null, "amenity": null, "fax": null, "layer": "shop_weapons_France", "path": "Point?crs=EPSG:4326&field=full_id:string(0,0)&field=osm_id:string(0,0)&field=osm_type:string(0,0)&field=shop:string(0,0)&field=contact%3Ainstagram:string(0,0)&field=panoramax:string(0,0)&field=min_age:string(0,0)&field=check_date%3Apanoramax:string(0,0)&field=sport:string(0,0)&field=payment%3Acards:string(0,0)&field=image:string(0,0)&field=clothes:string(0,0)&field=type:string(0,0)&field=club:string(0,0)&field=second_hand:string(0,0)&field=ref%3AFR%3ASIREN:string(0,0)&field=phone%3Amobile:string(0,0)&field=harassment_prevention:string(0,0)&field=contact%3Amobile:string(0,0)&field=source%3Aname%3Abr:string(0,0)&field=name%3Abr:string(0,0)&field=drive_through:string(0,0)&field=delivery:string(0,0)&field=currency%3AEUR:string(0,0)&field=start_date:string(0,0)&field=contact%3Afacebook:string(0,0)&field=payment%3Acash:string(0,0)&field=addr%3Acountry:string(0,0)&field=entrance:string(0,0)&field=payment%3Adebit_cards:string(0,0)&field=payment%3Acredit_cards:string(0,0)&field=ref%3AFR%3ANAF:string(0,0)&field=payment%3Avisa:string(0,0)&field=payment%3Apaypal:string(0,0)&field=payment%3Amastercard:string(0,0)&field=payment%3Amaestro:string(0,0)&field=payment%3Acheque:string(0,0)&field=payment%3Acb:string(0,0)&field=facebook:string(0,0)&field=contact%3Aemail:string(0,0)&field=contact%3Aphone:string(0,0)&field=operator:string(0,0)&field=description:string(0,0)&field=wheelchair%3Aentrance_width:string(0,0)&field=wheelchair%3Adescription:string(0,0)&field=short_name:string(0,0)&field=social_facility%3Afor:string(0,0)&field=addr%3Acity:string(0,0)&field=opening_hours%3Asigned:string(0,0)&field=official_name:string(0,0)&field=check_date%3Aopening_hours:string(0,0)&field=level:string(0,0)&field=amenity:string(0,0)&field=survey%3Adate:string(0,0)&field=opening_hours:string(0,0)&field=fax:string(0,0)&field=email:string(0,0)&field=contact%3Awebsite:string(0,0)&field=contact%3Apostcode:string(0,0)&field=contact%3Acity:string(0,0)&field=contact%3Astreet:string(0,0)&field=contact%3Ahousenumber:string(0,0)&field=check_date:string(0,0)&field=phone:string(0,0)&field=addr%3Astreet:string(0,0)&field=addr%3Apostcode:string(0,0)&field=addr%3Ahousenumber:string(0,0)&field=wheelchair:string(0,0)&field=website:string(0,0)&field=ref%3AFR%3ASIRET:string(0,0)&field=name:string(0,0)&uid={4518d7bb-bdbd-4c09-8855-e4ec48aa2337}" }, "geometry": { "type": "Point", "coordinates": [ 2.1443865, 43.9289835 ] } },
{ "type": "Feature", "properties": { "full_id": "n12947246730", "osm_id": "12947246730", "osm_type": "node", "shop": "weapons", "check_date": null, "operator": null, "email": null, "disused:shop": null, "wheelchair": null, "contact:website": null, "building:levels": null, "survey:date": null, "addr:street": null, "addr:housenumber": null, "phone": "+33 2 22 66 86 61", "ref:FR:SIREN": null, "contact:housenumber": null, "contact:fax": null, "contact:email": null, "addr:postcode": null, "addr:city": null, "ref:vatin": null, "ref:FR:NAF": null, "opening_hours": null, "contact:street": null, "contact:postcode": null, "contact:phone": null, "contact:facebook": null, "contact:city": null, "ref:FR:SIRET": "95082128000027", "website": null, "type": null, "name": "Armurerie malouine", "building": null, "contact:instagram": null, "panoramax": null, "min_age": null, "check_date:panoramax": null, "sport": null, "payment:cards": null, "image": null, "clothes": null, "club": null, "second_hand": null, "phone:mobile": null, "harassment_prevention": null, "contact:mobile": null, "source:name:br": null, "name:br": null, "drive_through": null, "delivery": null, "currency:EUR": null, "start_date": null, "payment:cash": null, "addr:country": null, "entrance": null, "payment:debit_cards": null, "payment:credit_cards": null, "payment:visa": null, "payment:paypal": null, "payment:mastercard": null, "payment:maestro": null, "payment:cheque": null, "payment:cb": null, "facebook": null, "description": null, "wheelchair:entrance_width": null, "wheelchair:description": null, "short_name": null, "social_facility:for": null, "opening_hours:signed": null, "official_name": null, "check_date:opening_hours": null, "level": null, "amenity": null, "fax": null, "layer": "shop_weapons_France", "path": "Point?crs=EPSG:4326&field=full_id:string(0,0)&field=osm_id:string(0,0)&field=osm_type:string(0,0)&field=shop:string(0,0)&field=contact%3Ainstagram:string(0,0)&field=panoramax:string(0,0)&field=min_age:string(0,0)&field=check_date%3Apanoramax:string(0,0)&field=sport:string(0,0)&field=payment%3Acards:string(0,0)&field=image:string(0,0)&field=clothes:string(0,0)&field=type:string(0,0)&field=club:string(0,0)&field=second_hand:string(0,0)&field=ref%3AFR%3ASIREN:string(0,0)&field=phone%3Amobile:string(0,0)&field=harassment_prevention:string(0,0)&field=contact%3Amobile:string(0,0)&field=source%3Aname%3Abr:string(0,0)&field=name%3Abr:string(0,0)&field=drive_through:string(0,0)&field=delivery:string(0,0)&field=currency%3AEUR:string(0,0)&field=start_date:string(0,0)&field=contact%3Afacebook:string(0,0)&field=payment%3Acash:string(0,0)&field=addr%3Acountry:string(0,0)&field=entrance:string(0,0)&field=payment%3Adebit_cards:string(0,0)&field=payment%3Acredit_cards:string(0,0)&field=ref%3AFR%3ANAF:string(0,0)&field=payment%3Avisa:string(0,0)&field=payment%3Apaypal:string(0,0)&field=payment%3Amastercard:string(0,0)&field=payment%3Amaestro:string(0,0)&field=payment%3Acheque:string(0,0)&field=payment%3Acb:string(0,0)&field=facebook:string(0,0)&field=contact%3Aemail:string(0,0)&field=contact%3Aphone:string(0,0)&field=operator:string(0,0)&field=description:string(0,0)&field=wheelchair%3Aentrance_width:string(0,0)&field=wheelchair%3Adescription:string(0,0)&field=short_name:string(0,0)&field=social_facility%3Afor:string(0,0)&field=addr%3Acity:string(0,0)&field=opening_hours%3Asigned:string(0,0)&field=official_name:string(0,0)&field=check_date%3Aopening_hours:string(0,0)&field=level:string(0,0)&field=amenity:string(0,0)&field=survey%3Adate:string(0,0)&field=opening_hours:string(0,0)&field=fax:string(0,0)&field=email:string(0,0)&field=contact%3Awebsite:string(0,0)&field=contact%3Apostcode:string(0,0)&field=contact%3Acity:string(0,0)&field=contact%3Astreet:string(0,0)&field=contact%3Ahousenumber:string(0,0)&field=check_date:string(0,0)&field=phone:string(0,0)&field=addr%3Astreet:string(0,0)&field=addr%3Apostcode:string(0,0)&field=addr%3Ahousenumber:string(0,0)&field=wheelchair:string(0,0)&field=website:string(0,0)&field=ref%3AFR%3ASIRET:string(0,0)&field=name:string(0,0)&uid={4518d7bb-bdbd-4c09-8855-e4ec48aa2337}" }, "geometry": { "type": "Point", "coordinates": [ -2.0081219, 48.6500021 ] } },
{ "type": "Feature", "properties": { "full_id": "n13017344454", "osm_id": "13017344454", "osm_type": "node", "shop": "weapons", "check_date": null, "operator": null, "email": "contact@arprotech.com", "disused:shop": null, "wheelchair": null, "contact:website": null, "building:levels": null, "survey:date": null, "addr:street": "Rue Sautaroch", "addr:housenumber": "37", "phone": "+33 9 67 59 68 03", "ref:FR:SIREN": null, "contact:housenumber": null, "contact:fax": null, "contact:email": null, "addr:postcode": null, "addr:city": null, "ref:vatin": null, "ref:FR:NAF": null, "opening_hours": "Mo-Fr 08:30-17:30", "contact:street": null, "contact:postcode": null, "contact:phone": null, "contact:facebook": null, "contact:city": null, "ref:FR:SIRET": "88862518300015", "website": "https://www.arprotech.com/", "type": "indoor_range", "name": "Armurerie ARprotech & Club de Tir 2A", "building": null, "contact:instagram": null, "panoramax": null, "min_age": null, "check_date:panoramax": null, "sport": null, "payment:cards": null, "image": null, "clothes": null, "club": "shooting", "second_hand": null, "phone:mobile": null, "harassment_prevention": null, "contact:mobile": null, "source:name:br": null, "name:br": null, "drive_through": null, "delivery": null, "currency:EUR": null, "start_date": null, "payment:cash": null, "addr:country": null, "entrance": null, "payment:debit_cards": null, "payment:credit_cards": null, "payment:visa": null, "payment:paypal": null, "payment:mastercard": null, "payment:maestro": null, "payment:cheque": null, "payment:cb": null, "facebook": null, "description": null, "wheelchair:entrance_width": null, "wheelchair:description": null, "short_name": null, "social_facility:for": null, "opening_hours:signed": null, "official_name": null, "check_date:opening_hours": null, "level": null, "amenity": null, "fax": null, "layer": "shop_weapons_France", "path": "Point?crs=EPSG:4326&field=full_id:string(0,0)&field=osm_id:string(0,0)&field=osm_type:string(0,0)&field=shop:string(0,0)&field=contact%3Ainstagram:string(0,0)&field=panoramax:string(0,0)&field=min_age:string(0,0)&field=check_date%3Apanoramax:string(0,0)&field=sport:string(0,0)&field=payment%3Acards:string(0,0)&field=image:string(0,0)&field=clothes:string(0,0)&field=type:string(0,0)&field=club:string(0,0)&field=second_hand:string(0,0)&field=ref%3AFR%3ASIREN:string(0,0)&field=phone%3Amobile:string(0,0)&field=harassment_prevention:string(0,0)&field=contact%3Amobile:string(0,0)&field=source%3Aname%3Abr:string(0,0)&field=name%3Abr:string(0,0)&field=drive_through:string(0,0)&field=delivery:string(0,0)&field=currency%3AEUR:string(0,0)&field=start_date:string(0,0)&field=contact%3Afacebook:string(0,0)&field=payment%3Acash:string(0,0)&field=addr%3Acountry:string(0,0)&field=entrance:string(0,0)&field=payment%3Adebit_cards:string(0,0)&field=payment%3Acredit_cards:string(0,0)&field=ref%3AFR%3ANAF:string(0,0)&field=payment%3Avisa:string(0,0)&field=payment%3Apaypal:string(0,0)&field=payment%3Amastercard:string(0,0)&field=payment%3Amaestro:string(0,0)&field=payment%3Acheque:string(0,0)&field=payment%3Acb:string(0,0)&field=facebook:string(0,0)&field=contact%3Aemail:string(0,0)&field=contact%3Aphone:string(0,0)&field=operator:string(0,0)&field=description:string(0,0)&field=wheelchair%3Aentrance_width:string(0,0)&field=wheelchair%3Adescription:string(0,0)&field=short_name:string(0,0)&field=social_facility%3Afor:string(0,0)&field=addr%3Acity:string(0,0)&field=opening_hours%3Asigned:string(0,0)&field=official_name:string(0,0)&field=check_date%3Aopening_hours:string(0,0)&field=level:string(0,0)&field=amenity:string(0,0)&field=survey%3Adate:string(0,0)&field=opening_hours:string(0,0)&field=fax:string(0,0)&field=email:string(0,0)&field=contact%3Awebsite:string(0,0)&field=contact%3Apostcode:string(0,0)&field=contact%3Acity:string(0,0)&field=contact%3Astreet:string(0,0)&field=contact%3Ahousenumber:string(0,0)&field=check_date:string(0,0)&field=phone:string(0,0)&field=addr%3Astreet:string(0,0)&field=addr%3Apostcode:string(0,0)&field=addr%3Ahousenumber:string(0,0)&field=wheelchair:string(0,0)&field=website:string(0,0)&field=ref%3AFR%3ASIRET:string(0,0)&field=name:string(0,0)&uid={4518d7bb-bdbd-4c09-8855-e4ec48aa2337}" }, "geometry": { "type": "Point", "coordinates": [ 3.5926966, 43.4988537 ] } },
{ "type": "Feature", "properties": { "full_id": "n13050084186", "osm_id": "13050084186", "osm_type": "node", "shop": "weapons", "check_date": null, "operator": "Terrang MP-SEC France", "email": "terrang-shop.paris@mp-sec.fr", "disused:shop": null, "wheelchair": null, "contact:website": null, "building:levels": null, "survey:date": null, "addr:street": "Rue de la Croix Nivert", "addr:housenumber": "241", "phone": "+33 1 53 82 04 69", "ref:FR:SIREN": null, "contact:housenumber": "241", "contact:fax": null, "contact:email": null, "addr:postcode": "75015", "addr:city": "Paris", "ref:vatin": null, "ref:FR:NAF": null, "opening_hours": "Mo-Su 10:00-12:30 13:30-18:00", "contact:street": "Rue de la Croix Nivert", "contact:postcode": "75015", "contact:phone": null, "contact:facebook": null, "contact:city": "Paris", "ref:FR:SIRET": null, "website": "https://www.terrang-armurerie.fr", "type": null, "name": "Terrang Armurerie Paris", "building": null, "contact:instagram": null, "panoramax": null, "min_age": null, "check_date:panoramax": null, "sport": "shooting;multi", "payment:cards": "yes", "image": "https://www.terrang.fr/media/wysiwyg/Images/boutique-paris-ext-2.jpg", "clothes": "outdoor;men;vêtements_militaires;vêtements_forces_de_l'ordre;women", "club": null, "second_hand": null, "phone:mobile": null, "harassment_prevention": null, "contact:mobile": null, "source:name:br": null, "name:br": null, "drive_through": null, "delivery": null, "currency:EUR": null, "start_date": null, "payment:cash": "yes", "addr:country": null, "entrance": null, "payment:debit_cards": null, "payment:credit_cards": null, "payment:visa": null, "payment:paypal": null, "payment:mastercard": null, "payment:maestro": null, "payment:cheque": null, "payment:cb": null, "facebook": null, "description": null, "wheelchair:entrance_width": null, "wheelchair:description": null, "short_name": null, "social_facility:for": null, "opening_hours:signed": null, "official_name": null, "check_date:opening_hours": null, "level": null, "amenity": null, "fax": null, "layer": "shop_weapons_France", "path": "Point?crs=EPSG:4326&field=full_id:string(0,0)&field=osm_id:string(0,0)&field=osm_type:string(0,0)&field=shop:string(0,0)&field=contact%3Ainstagram:string(0,0)&field=panoramax:string(0,0)&field=min_age:string(0,0)&field=check_date%3Apanoramax:string(0,0)&field=sport:string(0,0)&field=payment%3Acards:string(0,0)&field=image:string(0,0)&field=clothes:string(0,0)&field=type:string(0,0)&field=club:string(0,0)&field=second_hand:string(0,0)&field=ref%3AFR%3ASIREN:string(0,0)&field=phone%3Amobile:string(0,0)&field=harassment_prevention:string(0,0)&field=contact%3Amobile:string(0,0)&field=source%3Aname%3Abr:string(0,0)&field=name%3Abr:string(0,0)&field=drive_through:string(0,0)&field=delivery:string(0,0)&field=currency%3AEUR:string(0,0)&field=start_date:string(0,0)&field=contact%3Afacebook:string(0,0)&field=payment%3Acash:string(0,0)&field=addr%3Acountry:string(0,0)&field=entrance:string(0,0)&field=payment%3Adebit_cards:string(0,0)&field=payment%3Acredit_cards:string(0,0)&field=ref%3AFR%3ANAF:string(0,0)&field=payment%3Avisa:string(0,0)&field=payment%3Apaypal:string(0,0)&field=payment%3Amastercard:string(0,0)&field=payment%3Amaestro:string(0,0)&field=payment%3Acheque:string(0,0)&field=payment%3Acb:string(0,0)&field=facebook:string(0,0)&field=contact%3Aemail:string(0,0)&field=contact%3Aphone:string(0,0)&field=operator:string(0,0)&field=description:string(0,0)&field=wheelchair%3Aentrance_width:string(0,0)&field=wheelchair%3Adescription:string(0,0)&field=short_name:string(0,0)&field=social_facility%3Afor:string(0,0)&field=addr%3Acity:string(0,0)&field=opening_hours%3Asigned:string(0,0)&field=official_name:string(0,0)&field=check_date%3Aopening_hours:string(0,0)&field=level:string(0,0)&field=amenity:string(0,0)&field=survey%3Adate:string(0,0)&field=opening_hours:string(0,0)&field=fax:string(0,0)&field=email:string(0,0)&field=contact%3Awebsite:string(0,0)&field=contact%3Apostcode:string(0,0)&field=contact%3Acity:string(0,0)&field=contact%3Astreet:string(0,0)&field=contact%3Ahousenumber:string(0,0)&field=check_date:string(0,0)&field=phone:string(0,0)&field=addr%3Astreet:string(0,0)&field=addr%3Apostcode:string(0,0)&field=addr%3Ahousenumber:string(0,0)&field=wheelchair:string(0,0)&field=website:string(0,0)&field=ref%3AFR%3ASIRET:string(0,0)&field=name:string(0,0)&uid={4518d7bb-bdbd-4c09-8855-e4ec48aa2337}" }, "geometry": { "type": "Point", "coordinates": [ 2.2900988, 48.8342856 ] } },
{ "type": "Feature", "properties": { "full_id": "n13050100583", "osm_id": "13050100583", "osm_type": "node", "shop": "weapons", "check_date": null, "operator": "Terrang MP-SEC France", "email": "infoterrang@mp-sec.fr", "disused:shop": null, "wheelchair": "yes", "contact:website": null, "building:levels": null, "survey:date": null, "addr:street": "Voie Helios", "addr:housenumber": "3", "phone": "+33 5 61 50 09 04", "ref:FR:SIREN": null, "contact:housenumber": null, "contact:fax": null, "contact:email": null, "addr:postcode": "31190", "addr:city": "Auterive", "ref:vatin": null, "ref:FR:NAF": null, "opening_hours": "Mo-Sa 10:00-12:00 13:00-18:00", "contact:street": null, "contact:postcode": null, "contact:phone": null, "contact:facebook": null, "contact:city": null, "ref:FR:SIRET": null, "website": "https://www.terrang-armurerie.fr", "type": null, "name": "Terrang Armurerie Toulouse", "building": null, "contact:instagram": null, "panoramax": null, "min_age": null, "check_date:panoramax": null, "sport": null, "payment:cards": "yes", "image": "https://www.terrang-armurerie.fr/media/wysiwyg/boutiques/boutique-auterive-ext.jpg", "clothes": null, "club": null, "second_hand": null, "phone:mobile": null, "harassment_prevention": null, "contact:mobile": null, "source:name:br": null, "name:br": null, "drive_through": null, "delivery": null, "currency:EUR": null, "start_date": null, "payment:cash": "yes", "addr:country": null, "entrance": null, "payment:debit_cards": null, "payment:credit_cards": null, "payment:visa": null, "payment:paypal": null, "payment:mastercard": null, "payment:maestro": null, "payment:cheque": null, "payment:cb": null, "facebook": null, "description": null, "wheelchair:entrance_width": null, "wheelchair:description": null, "short_name": null, "social_facility:for": null, "opening_hours:signed": null, "official_name": null, "check_date:opening_hours": null, "level": null, "amenity": null, "fax": null, "layer": "shop_weapons_France", "path": "Point?crs=EPSG:4326&field=full_id:string(0,0)&field=osm_id:string(0,0)&field=osm_type:string(0,0)&field=shop:string(0,0)&field=contact%3Ainstagram:string(0,0)&field=panoramax:string(0,0)&field=min_age:string(0,0)&field=check_date%3Apanoramax:string(0,0)&field=sport:string(0,0)&field=payment%3Acards:string(0,0)&field=image:string(0,0)&field=clothes:string(0,0)&field=type:string(0,0)&field=club:string(0,0)&field=second_hand:string(0,0)&field=ref%3AFR%3ASIREN:string(0,0)&field=phone%3Amobile:string(0,0)&field=harassment_prevention:string(0,0)&field=contact%3Amobile:string(0,0)&field=source%3Aname%3Abr:string(0,0)&field=name%3Abr:string(0,0)&field=drive_through:string(0,0)&field=delivery:string(0,0)&field=currency%3AEUR:string(0,0)&field=start_date:string(0,0)&field=contact%3Afacebook:string(0,0)&field=payment%3Acash:string(0,0)&field=addr%3Acountry:string(0,0)&field=entrance:string(0,0)&field=payment%3Adebit_cards:string(0,0)&field=payment%3Acredit_cards:string(0,0)&field=ref%3AFR%3ANAF:string(0,0)&field=payment%3Avisa:string(0,0)&field=payment%3Apaypal:string(0,0)&field=payment%3Amastercard:string(0,0)&field=payment%3Amaestro:string(0,0)&field=payment%3Acheque:string(0,0)&field=payment%3Acb:string(0,0)&field=facebook:string(0,0)&field=contact%3Aemail:string(0,0)&field=contact%3Aphone:string(0,0)&field=operator:string(0,0)&field=description:string(0,0)&field=wheelchair%3Aentrance_width:string(0,0)&field=wheelchair%3Adescription:string(0,0)&field=short_name:string(0,0)&field=social_facility%3Afor:string(0,0)&field=addr%3Acity:string(0,0)&field=opening_hours%3Asigned:string(0,0)&field=official_name:string(0,0)&field=check_date%3Aopening_hours:string(0,0)&field=level:string(0,0)&field=amenity:string(0,0)&field=survey%3Adate:string(0,0)&field=opening_hours:string(0,0)&field=fax:string(0,0)&field=email:string(0,0)&field=contact%3Awebsite:string(0,0)&field=contact%3Apostcode:string(0,0)&field=contact%3Acity:string(0,0)&field=contact%3Astreet:string(0,0)&field=contact%3Ahousenumber:string(0,0)&field=check_date:string(0,0)&field=phone:string(0,0)&field=addr%3Astreet:string(0,0)&field=addr%3Apostcode:string(0,0)&field=addr%3Ahousenumber:string(0,0)&field=wheelchair:string(0,0)&field=website:string(0,0)&field=ref%3AFR%3ASIRET:string(0,0)&field=name:string(0,0)&uid={4518d7bb-bdbd-4c09-8855-e4ec48aa2337}" }, "geometry": { "type": "Point", "coordinates": [ 1.4492807, 43.3667301 ] } },
{ "type": "Feature", "properties": { "full_id": "n13055872928", "osm_id": "13055872928", "osm_type": "node", "shop": null, "check_date": null, "operator": null, "email": null, "disused:shop": null, "wheelchair": null, "contact:website": null, "building:levels": null, "survey:date": null, "addr:street": null, "addr:housenumber": null, "phone": null, "ref:FR:SIREN": null, "contact:housenumber": null, "contact:fax": null, "contact:email": null, "addr:postcode": null, "addr:city": null, "ref:vatin": null, "ref:FR:NAF": null, "opening_hours": null, "contact:street": null, "contact:postcode": null, "contact:phone": null, "contact:facebook": null, "contact:city": null, "ref:FR:SIRET": null, "website": null, "type": null, "name": null, "building": null, "contact:instagram": null, "panoramax": null, "min_age": null, "check_date:panoramax": null, "sport": null, "payment:cards": null, "image": null, "clothes": null, "club": null, "second_hand": null, "phone:mobile": null, "harassment_prevention": null, "contact:mobile": null, "source:name:br": null, "name:br": null, "drive_through": null, "delivery": null, "currency:EUR": null, "start_date": null, "payment:cash": null, "addr:country": null, "entrance": "shop", "payment:debit_cards": null, "payment:credit_cards": null, "payment:visa": null, "payment:paypal": null, "payment:mastercard": null, "payment:maestro": null, "payment:cheque": null, "payment:cb": null, "facebook": null, "description": null, "wheelchair:entrance_width": null, "wheelchair:description": null, "short_name": null, "social_facility:for": null, "opening_hours:signed": null, "official_name": null, "check_date:opening_hours": null, "level": null, "amenity": null, "fax": null, "layer": "shop_weapons_France", "path": "Point?crs=EPSG:4326&field=full_id:string(0,0)&field=osm_id:string(0,0)&field=osm_type:string(0,0)&field=shop:string(0,0)&field=contact%3Ainstagram:string(0,0)&field=panoramax:string(0,0)&field=min_age:string(0,0)&field=check_date%3Apanoramax:string(0,0)&field=sport:string(0,0)&field=payment%3Acards:string(0,0)&field=image:string(0,0)&field=clothes:string(0,0)&field=type:string(0,0)&field=club:string(0,0)&field=second_hand:string(0,0)&field=ref%3AFR%3ASIREN:string(0,0)&field=phone%3Amobile:string(0,0)&field=harassment_prevention:string(0,0)&field=contact%3Amobile:string(0,0)&field=source%3Aname%3Abr:string(0,0)&field=name%3Abr:string(0,0)&field=drive_through:string(0,0)&field=delivery:string(0,0)&field=currency%3AEUR:string(0,0)&field=start_date:string(0,0)&field=contact%3Afacebook:string(0,0)&field=payment%3Acash:string(0,0)&field=addr%3Acountry:string(0,0)&field=entrance:string(0,0)&field=payment%3Adebit_cards:string(0,0)&field=payment%3Acredit_cards:string(0,0)&field=ref%3AFR%3ANAF:string(0,0)&field=payment%3Avisa:string(0,0)&field=payment%3Apaypal:string(0,0)&field=payment%3Amastercard:string(0,0)&field=payment%3Amaestro:string(0,0)&field=payment%3Acheque:string(0,0)&field=payment%3Acb:string(0,0)&field=facebook:string(0,0)&field=contact%3Aemail:string(0,0)&field=contact%3Aphone:string(0,0)&field=operator:string(0,0)&field=description:string(0,0)&field=wheelchair%3Aentrance_width:string(0,0)&field=wheelchair%3Adescription:string(0,0)&field=short_name:string(0,0)&field=social_facility%3Afor:string(0,0)&field=addr%3Acity:string(0,0)&field=opening_hours%3Asigned:string(0,0)&field=official_name:string(0,0)&field=check_date%3Aopening_hours:string(0,0)&field=level:string(0,0)&field=amenity:string(0,0)&field=survey%3Adate:string(0,0)&field=opening_hours:string(0,0)&field=fax:string(0,0)&field=email:string(0,0)&field=contact%3Awebsite:string(0,0)&field=contact%3Apostcode:string(0,0)&field=contact%3Acity:string(0,0)&field=contact%3Astreet:string(0,0)&field=contact%3Ahousenumber:string(0,0)&field=check_date:string(0,0)&field=phone:string(0,0)&field=addr%3Astreet:string(0,0)&field=addr%3Apostcode:string(0,0)&field=addr%3Ahousenumber:string(0,0)&field=wheelchair:string(0,0)&field=website:string(0,0)&field=ref%3AFR%3ASIRET:string(0,0)&field=name:string(0,0)&uid={4518d7bb-bdbd-4c09-8855-e4ec48aa2337}" }, "geometry": { "type": "Point", "coordinates": [ 3.1968559, 46.1016625 ] } },
{ "type": "Feature", "properties": { "full_id": "n13057965672", "osm_id": "13057965672", "osm_type": "node", "shop": "weapons", "check_date": null, "operator": null, "email": null, "disused:shop": null, "wheelchair": null, "contact:website": null, "building:levels": null, "survey:date": null, "addr:street": null, "addr:housenumber": null, "phone": null, "ref:FR:SIREN": null, "contact:housenumber": null, "contact:fax": null, "contact:email": null, "addr:postcode": null, "addr:city": null, "ref:vatin": null, "ref:FR:NAF": null, "opening_hours": "Tu-Sa 09:30-12:30,13:30-18:30", "contact:street": null, "contact:postcode": null, "contact:phone": null, "contact:facebook": null, "contact:city": null, "ref:FR:SIRET": null, "website": null, "type": null, "name": "Coutellerie - Cisellerie", "building": null, "contact:instagram": null, "panoramax": null, "min_age": null, "check_date:panoramax": null, "sport": null, "payment:cards": null, "image": null, "clothes": null, "club": null, "second_hand": null, "phone:mobile": null, "harassment_prevention": null, "contact:mobile": null, "source:name:br": null, "name:br": null, "drive_through": null, "delivery": null, "currency:EUR": null, "start_date": null, "payment:cash": null, "addr:country": null, "entrance": null, "payment:debit_cards": null, "payment:credit_cards": null, "payment:visa": null, "payment:paypal": null, "payment:mastercard": null, "payment:maestro": null, "payment:cheque": null, "payment:cb": null, "facebook": null, "description": null, "wheelchair:entrance_width": null, "wheelchair:description": null, "short_name": null, "social_facility:for": null, "opening_hours:signed": null, "official_name": null, "check_date:opening_hours": null, "level": null, "amenity": null, "fax": null, "layer": "shop_weapons_France", "path": "Point?crs=EPSG:4326&field=full_id:string(0,0)&field=osm_id:string(0,0)&field=osm_type:string(0,0)&field=shop:string(0,0)&field=contact%3Ainstagram:string(0,0)&field=panoramax:string(0,0)&field=min_age:string(0,0)&field=check_date%3Apanoramax:string(0,0)&field=sport:string(0,0)&field=payment%3Acards:string(0,0)&field=image:string(0,0)&field=clothes:string(0,0)&field=type:string(0,0)&field=club:string(0,0)&field=second_hand:string(0,0)&field=ref%3AFR%3ASIREN:string(0,0)&field=phone%3Amobile:string(0,0)&field=harassment_prevention:string(0,0)&field=contact%3Amobile:string(0,0)&field=source%3Aname%3Abr:string(0,0)&field=name%3Abr:string(0,0)&field=drive_through:string(0,0)&field=delivery:string(0,0)&field=currency%3AEUR:string(0,0)&field=start_date:string(0,0)&field=contact%3Afacebook:string(0,0)&field=payment%3Acash:string(0,0)&field=addr%3Acountry:string(0,0)&field=entrance:string(0,0)&field=payment%3Adebit_cards:string(0,0)&field=payment%3Acredit_cards:string(0,0)&field=ref%3AFR%3ANAF:string(0,0)&field=payment%3Avisa:string(0,0)&field=payment%3Apaypal:string(0,0)&field=payment%3Amastercard:string(0,0)&field=payment%3Amaestro:string(0,0)&field=payment%3Acheque:string(0,0)&field=payment%3Acb:string(0,0)&field=facebook:string(0,0)&field=contact%3Aemail:string(0,0)&field=contact%3Aphone:string(0,0)&field=operator:string(0,0)&field=description:string(0,0)&field=wheelchair%3Aentrance_width:string(0,0)&field=wheelchair%3Adescription:string(0,0)&field=short_name:string(0,0)&field=social_facility%3Afor:string(0,0)&field=addr%3Acity:string(0,0)&field=opening_hours%3Asigned:string(0,0)&field=official_name:string(0,0)&field=check_date%3Aopening_hours:string(0,0)&field=level:string(0,0)&field=amenity:string(0,0)&field=survey%3Adate:string(0,0)&field=opening_hours:string(0,0)&field=fax:string(0,0)&field=email:string(0,0)&field=contact%3Awebsite:string(0,0)&field=contact%3Apostcode:string(0,0)&field=contact%3Acity:string(0,0)&field=contact%3Astreet:string(0,0)&field=contact%3Ahousenumber:string(0,0)&field=check_date:string(0,0)&field=phone:string(0,0)&field=addr%3Astreet:string(0,0)&field=addr%3Apostcode:string(0,0)&field=addr%3Ahousenumber:string(0,0)&field=wheelchair:string(0,0)&field=website:string(0,0)&field=ref%3AFR%3ASIRET:string(0,0)&field=name:string(0,0)&uid={4518d7bb-bdbd-4c09-8855-e4ec48aa2337}" }, "geometry": { "type": "Point", "coordinates": [ 4.6594182, 46.4329603 ] } },
{ "type": "Feature", "properties": { "full_id": "n13061743292", "osm_id": "13061743292", "osm_type": "node", "shop": "weapons", "check_date": null, "operator": null, "email": null, "disused:shop": null, "wheelchair": null, "contact:website": null, "building:levels": null, "survey:date": null, "addr:street": null, "addr:housenumber": null, "phone": null, "ref:FR:SIREN": null, "contact:housenumber": null, "contact:fax": null, "contact:email": null, "addr:postcode": null, "addr:city": null, "ref:vatin": null, "ref:FR:NAF": null, "opening_hours": null, "contact:street": null, "contact:postcode": null, "contact:phone": null, "contact:facebook": null, "contact:city": null, "ref:FR:SIRET": null, "website": null, "type": null, "name": "Pisteurs", "building": null, "contact:instagram": null, "panoramax": null, "min_age": null, "check_date:panoramax": null, "sport": null, "payment:cards": null, "image": null, "clothes": null, "club": null, "second_hand": null, "phone:mobile": null, "harassment_prevention": null, "contact:mobile": null, "source:name:br": null, "name:br": null, "drive_through": null, "delivery": null, "currency:EUR": null, "start_date": null, "payment:cash": null, "addr:country": null, "entrance": null, "payment:debit_cards": null, "payment:credit_cards": null, "payment:visa": null, "payment:paypal": null, "payment:mastercard": null, "payment:maestro": null, "payment:cheque": null, "payment:cb": null, "facebook": null, "description": null, "wheelchair:entrance_width": null, "wheelchair:description": null, "short_name": null, "social_facility:for": null, "opening_hours:signed": null, "official_name": null, "check_date:opening_hours": null, "level": null, "amenity": null, "fax": null, "layer": "shop_weapons_France", "path": "Point?crs=EPSG:4326&field=full_id:string(0,0)&field=osm_id:string(0,0)&field=osm_type:string(0,0)&field=shop:string(0,0)&field=contact%3Ainstagram:string(0,0)&field=panoramax:string(0,0)&field=min_age:string(0,0)&field=check_date%3Apanoramax:string(0,0)&field=sport:string(0,0)&field=payment%3Acards:string(0,0)&field=image:string(0,0)&field=clothes:string(0,0)&field=type:string(0,0)&field=club:string(0,0)&field=second_hand:string(0,0)&field=ref%3AFR%3ASIREN:string(0,0)&field=phone%3Amobile:string(0,0)&field=harassment_prevention:string(0,0)&field=contact%3Amobile:string(0,0)&field=source%3Aname%3Abr:string(0,0)&field=name%3Abr:string(0,0)&field=drive_through:string(0,0)&field=delivery:string(0,0)&field=currency%3AEUR:string(0,0)&field=start_date:string(0,0)&field=contact%3Afacebook:string(0,0)&field=payment%3Acash:string(0,0)&field=addr%3Acountry:string(0,0)&field=entrance:string(0,0)&field=payment%3Adebit_cards:string(0,0)&field=payment%3Acredit_cards:string(0,0)&field=ref%3AFR%3ANAF:string(0,0)&field=payment%3Avisa:string(0,0)&field=payment%3Apaypal:string(0,0)&field=payment%3Amastercard:string(0,0)&field=payment%3Amaestro:string(0,0)&field=payment%3Acheque:string(0,0)&field=payment%3Acb:string(0,0)&field=facebook:string(0,0)&field=contact%3Aemail:string(0,0)&field=contact%3Aphone:string(0,0)&field=operator:string(0,0)&field=description:string(0,0)&field=wheelchair%3Aentrance_width:string(0,0)&field=wheelchair%3Adescription:string(0,0)&field=short_name:string(0,0)&field=social_facility%3Afor:string(0,0)&field=addr%3Acity:string(0,0)&field=opening_hours%3Asigned:string(0,0)&field=official_name:string(0,0)&field=check_date%3Aopening_hours:string(0,0)&field=level:string(0,0)&field=amenity:string(0,0)&field=survey%3Adate:string(0,0)&field=opening_hours:string(0,0)&field=fax:string(0,0)&field=email:string(0,0)&field=contact%3Awebsite:string(0,0)&field=contact%3Apostcode:string(0,0)&field=contact%3Acity:string(0,0)&field=contact%3Astreet:string(0,0)&field=contact%3Ahousenumber:string(0,0)&field=check_date:string(0,0)&field=phone:string(0,0)&field=addr%3Astreet:string(0,0)&field=addr%3Apostcode:string(0,0)&field=addr%3Ahousenumber:string(0,0)&field=wheelchair:string(0,0)&field=website:string(0,0)&field=ref%3AFR%3ASIRET:string(0,0)&field=name:string(0,0)&uid={4518d7bb-bdbd-4c09-8855-e4ec48aa2337}" }, "geometry": { "type": "Point", "coordinates": [ 2.025391, 47.6020277 ] } },
{ "type": "Feature", "properties": { "full_id": "n13110592436", "osm_id": "13110592436", "osm_type": "node", "shop": "weapons", "check_date": null, "operator": null, "email": null, "disused:shop": null, "wheelchair": null, "contact:website": null, "building:levels": null, "survey:date": null, "addr:street": null, "addr:housenumber": null, "phone": null, "ref:FR:SIREN": null, "contact:housenumber": null, "contact:fax": null, "contact:email": null, "addr:postcode": null, "addr:city": null, "ref:vatin": null, "ref:FR:NAF": null, "opening_hours": null, "contact:street": null, "contact:postcode": null, "contact:phone": null, "contact:facebook": null, "contact:city": null, "ref:FR:SIRET": "84956365500026", "website": null, "type": null, "name": "Armurerie Sinoncelli", "building": null, "contact:instagram": null, "panoramax": null, "min_age": null, "check_date:panoramax": null, "sport": null, "payment:cards": null, "image": null, "clothes": null, "club": null, "second_hand": null, "phone:mobile": null, "harassment_prevention": null, "contact:mobile": null, "source:name:br": null, "name:br": null, "drive_through": null, "delivery": null, "currency:EUR": null, "start_date": null, "payment:cash": null, "addr:country": null, "entrance": null, "payment:debit_cards": null, "payment:credit_cards": null, "payment:visa": null, "payment:paypal": null, "payment:mastercard": null, "payment:maestro": null, "payment:cheque": null, "payment:cb": null, "facebook": null, "description": null, "wheelchair:entrance_width": null, "wheelchair:description": null, "short_name": null, "social_facility:for": null, "opening_hours:signed": null, "official_name": null, "check_date:opening_hours": null, "level": null, "amenity": null, "fax": null, "layer": "shop_weapons_France", "path": "Point?crs=EPSG:4326&field=full_id:string(0,0)&field=osm_id:string(0,0)&field=osm_type:string(0,0)&field=shop:string(0,0)&field=contact%3Ainstagram:string(0,0)&field=panoramax:string(0,0)&field=min_age:string(0,0)&field=check_date%3Apanoramax:string(0,0)&field=sport:string(0,0)&field=payment%3Acards:string(0,0)&field=image:string(0,0)&field=clothes:string(0,0)&field=type:string(0,0)&field=club:string(0,0)&field=second_hand:string(0,0)&field=ref%3AFR%3ASIREN:string(0,0)&field=phone%3Amobile:string(0,0)&field=harassment_prevention:string(0,0)&field=contact%3Amobile:string(0,0)&field=source%3Aname%3Abr:string(0,0)&field=name%3Abr:string(0,0)&field=drive_through:string(0,0)&field=delivery:string(0,0)&field=currency%3AEUR:string(0,0)&field=start_date:string(0,0)&field=contact%3Afacebook:string(0,0)&field=payment%3Acash:string(0,0)&field=addr%3Acountry:string(0,0)&field=entrance:string(0,0)&field=payment%3Adebit_cards:string(0,0)&field=payment%3Acredit_cards:string(0,0)&field=ref%3AFR%3ANAF:string(0,0)&field=payment%3Avisa:string(0,0)&field=payment%3Apaypal:string(0,0)&field=payment%3Amastercard:string(0,0)&field=payment%3Amaestro:string(0,0)&field=payment%3Acheque:string(0,0)&field=payment%3Acb:string(0,0)&field=facebook:string(0,0)&field=contact%3Aemail:string(0,0)&field=contact%3Aphone:string(0,0)&field=operator:string(0,0)&field=description:string(0,0)&field=wheelchair%3Aentrance_width:string(0,0)&field=wheelchair%3Adescription:string(0,0)&field=short_name:string(0,0)&field=social_facility%3Afor:string(0,0)&field=addr%3Acity:string(0,0)&field=opening_hours%3Asigned:string(0,0)&field=official_name:string(0,0)&field=check_date%3Aopening_hours:string(0,0)&field=level:string(0,0)&field=amenity:string(0,0)&field=survey%3Adate:string(0,0)&field=opening_hours:string(0,0)&field=fax:string(0,0)&field=email:string(0,0)&field=contact%3Awebsite:string(0,0)&field=contact%3Apostcode:string(0,0)&field=contact%3Acity:string(0,0)&field=contact%3Astreet:string(0,0)&field=contact%3Ahousenumber:string(0,0)&field=check_date:string(0,0)&field=phone:string(0,0)&field=addr%3Astreet:string(0,0)&field=addr%3Apostcode:string(0,0)&field=addr%3Ahousenumber:string(0,0)&field=wheelchair:string(0,0)&field=website:string(0,0)&field=ref%3AFR%3ASIRET:string(0,0)&field=name:string(0,0)&uid={4518d7bb-bdbd-4c09-8855-e4ec48aa2337}" }, "geometry": { "type": "Point", "coordinates": [ 9.4425344, 42.6617601 ] } },
{ "type": "Feature", "properties": { "full_id": "n13133084667", "osm_id": "13133084667", "osm_type": "node", "shop": "weapons", "check_date": null, "operator": null, "email": null, "disused:shop": null, "wheelchair": null, "contact:website": null, "building:levels": null, "survey:date": null, "addr:street": null, "addr:housenumber": null, "phone": "+33 2 96 39 20 37", "ref:FR:SIREN": null, "contact:housenumber": "17", "contact:fax": null, "contact:email": null, "addr:postcode": null, "addr:city": null, "ref:vatin": null, "ref:FR:NAF": null, "opening_hours": null, "contact:street": "Rue Carnot", "contact:postcode": null, "contact:phone": null, "contact:facebook": null, "contact:city": null, "ref:FR:SIRET": "88318493900022", "website": "https://www.armureriemaillet.fr/", "type": null, "name": "Maillet", "building": null, "contact:instagram": null, "panoramax": null, "min_age": null, "check_date:panoramax": null, "sport": null, "payment:cards": null, "image": null, "clothes": null, "club": null, "second_hand": null, "phone:mobile": null, "harassment_prevention": null, "contact:mobile": null, "source:name:br": null, "name:br": null, "drive_through": null, "delivery": null, "currency:EUR": null, "start_date": null, "payment:cash": null, "addr:country": null, "entrance": null, "payment:debit_cards": null, "payment:credit_cards": null, "payment:visa": null, "payment:paypal": null, "payment:mastercard": null, "payment:maestro": null, "payment:cheque": null, "payment:cb": null, "facebook": null, "description": null, "wheelchair:entrance_width": null, "wheelchair:description": null, "short_name": null, "social_facility:for": null, "opening_hours:signed": null, "official_name": null, "check_date:opening_hours": null, "level": null, "amenity": null, "fax": null, "layer": "shop_weapons_France", "path": "Point?crs=EPSG:4326&field=full_id:string(0,0)&field=osm_id:string(0,0)&field=osm_type:string(0,0)&field=shop:string(0,0)&field=contact%3Ainstagram:string(0,0)&field=panoramax:string(0,0)&field=min_age:string(0,0)&field=check_date%3Apanoramax:string(0,0)&field=sport:string(0,0)&field=payment%3Acards:string(0,0)&field=image:string(0,0)&field=clothes:string(0,0)&field=type:string(0,0)&field=club:string(0,0)&field=second_hand:string(0,0)&field=ref%3AFR%3ASIREN:string(0,0)&field=phone%3Amobile:string(0,0)&field=harassment_prevention:string(0,0)&field=contact%3Amobile:string(0,0)&field=source%3Aname%3Abr:string(0,0)&field=name%3Abr:string(0,0)&field=drive_through:string(0,0)&field=delivery:string(0,0)&field=currency%3AEUR:string(0,0)&field=start_date:string(0,0)&field=contact%3Afacebook:string(0,0)&field=payment%3Acash:string(0,0)&field=addr%3Acountry:string(0,0)&field=entrance:string(0,0)&field=payment%3Adebit_cards:string(0,0)&field=payment%3Acredit_cards:string(0,0)&field=ref%3AFR%3ANAF:string(0,0)&field=payment%3Avisa:string(0,0)&field=payment%3Apaypal:string(0,0)&field=payment%3Amastercard:string(0,0)&field=payment%3Amaestro:string(0,0)&field=payment%3Acheque:string(0,0)&field=payment%3Acb:string(0,0)&field=facebook:string(0,0)&field=contact%3Aemail:string(0,0)&field=contact%3Aphone:string(0,0)&field=operator:string(0,0)&field=description:string(0,0)&field=wheelchair%3Aentrance_width:string(0,0)&field=wheelchair%3Adescription:string(0,0)&field=short_name:string(0,0)&field=social_facility%3Afor:string(0,0)&field=addr%3Acity:string(0,0)&field=opening_hours%3Asigned:string(0,0)&field=official_name:string(0,0)&field=check_date%3Aopening_hours:string(0,0)&field=level:string(0,0)&field=amenity:string(0,0)&field=survey%3Adate:string(0,0)&field=opening_hours:string(0,0)&field=fax:string(0,0)&field=email:string(0,0)&field=contact%3Awebsite:string(0,0)&field=contact%3Apostcode:string(0,0)&field=contact%3Acity:string(0,0)&field=contact%3Astreet:string(0,0)&field=contact%3Ahousenumber:string(0,0)&field=check_date:string(0,0)&field=phone:string(0,0)&field=addr%3Astreet:string(0,0)&field=addr%3Apostcode:string(0,0)&field=addr%3Ahousenumber:string(0,0)&field=wheelchair:string(0,0)&field=website:string(0,0)&field=ref%3AFR%3ASIRET:string(0,0)&field=name:string(0,0)&uid={4518d7bb-bdbd-4c09-8855-e4ec48aa2337}" }, "geometry": { "type": "Point", "coordinates": [ -2.051189, 48.4563569 ] } },
{ "type": "Feature", "properties": { "full_id": "n13155247027", "osm_id": "13155247027", "osm_type": "node", "shop": "weapons", "check_date": null, "operator": null, "email": null, "disused:shop": null, "wheelchair": null, "contact:website": null, "building:levels": null, "survey:date": null, "addr:street": null, "addr:housenumber": null, "phone": null, "ref:FR:SIREN": null, "contact:housenumber": null, "contact:fax": null, "contact:email": null, "addr:postcode": null, "addr:city": null, "ref:vatin": null, "ref:FR:NAF": null, "opening_hours": null, "contact:street": null, "contact:postcode": null, "contact:phone": null, "contact:facebook": null, "contact:city": null, "ref:FR:SIRET": null, "website": null, "type": null, "name": "GP Sports", "building": null, "contact:instagram": null, "panoramax": null, "min_age": null, "check_date:panoramax": null, "sport": null, "payment:cards": null, "image": null, "clothes": null, "club": null, "second_hand": null, "phone:mobile": null, "harassment_prevention": null, "contact:mobile": null, "source:name:br": null, "name:br": null, "drive_through": null, "delivery": null, "currency:EUR": null, "start_date": null, "payment:cash": null, "addr:country": null, "entrance": null, "payment:debit_cards": null, "payment:credit_cards": null, "payment:visa": null, "payment:paypal": null, "payment:mastercard": null, "payment:maestro": null, "payment:cheque": null, "payment:cb": null, "facebook": null, "description": null, "wheelchair:entrance_width": null, "wheelchair:description": null, "short_name": null, "social_facility:for": null, "opening_hours:signed": null, "official_name": null, "check_date:opening_hours": null, "level": null, "amenity": null, "fax": null, "layer": "shop_weapons_France", "path": "Point?crs=EPSG:4326&field=full_id:string(0,0)&field=osm_id:string(0,0)&field=osm_type:string(0,0)&field=shop:string(0,0)&field=contact%3Ainstagram:string(0,0)&field=panoramax:string(0,0)&field=min_age:string(0,0)&field=check_date%3Apanoramax:string(0,0)&field=sport:string(0,0)&field=payment%3Acards:string(0,0)&field=image:string(0,0)&field=clothes:string(0,0)&field=type:string(0,0)&field=club:string(0,0)&field=second_hand:string(0,0)&field=ref%3AFR%3ASIREN:string(0,0)&field=phone%3Amobile:string(0,0)&field=harassment_prevention:string(0,0)&field=contact%3Amobile:string(0,0)&field=source%3Aname%3Abr:string(0,0)&field=name%3Abr:string(0,0)&field=drive_through:string(0,0)&field=delivery:string(0,0)&field=currency%3AEUR:string(0,0)&field=start_date:string(0,0)&field=contact%3Afacebook:string(0,0)&field=payment%3Acash:string(0,0)&field=addr%3Acountry:string(0,0)&field=entrance:string(0,0)&field=payment%3Adebit_cards:string(0,0)&field=payment%3Acredit_cards:string(0,0)&field=ref%3AFR%3ANAF:string(0,0)&field=payment%3Avisa:string(0,0)&field=payment%3Apaypal:string(0,0)&field=payment%3Amastercard:string(0,0)&field=payment%3Amaestro:string(0,0)&field=payment%3Acheque:string(0,0)&field=payment%3Acb:string(0,0)&field=facebook:string(0,0)&field=contact%3Aemail:string(0,0)&field=contact%3Aphone:string(0,0)&field=operator:string(0,0)&field=description:string(0,0)&field=wheelchair%3Aentrance_width:string(0,0)&field=wheelchair%3Adescription:string(0,0)&field=short_name:string(0,0)&field=social_facility%3Afor:string(0,0)&field=addr%3Acity:string(0,0)&field=opening_hours%3Asigned:string(0,0)&field=official_name:string(0,0)&field=check_date%3Aopening_hours:string(0,0)&field=level:string(0,0)&field=amenity:string(0,0)&field=survey%3Adate:string(0,0)&field=opening_hours:string(0,0)&field=fax:string(0,0)&field=email:string(0,0)&field=contact%3Awebsite:string(0,0)&field=contact%3Apostcode:string(0,0)&field=contact%3Acity:string(0,0)&field=contact%3Astreet:string(0,0)&field=contact%3Ahousenumber:string(0,0)&field=check_date:string(0,0)&field=phone:string(0,0)&field=addr%3Astreet:string(0,0)&field=addr%3Apostcode:string(0,0)&field=addr%3Ahousenumber:string(0,0)&field=wheelchair:string(0,0)&field=website:string(0,0)&field=ref%3AFR%3ASIRET:string(0,0)&field=name:string(0,0)&uid={4518d7bb-bdbd-4c09-8855-e4ec48aa2337}" }, "geometry": { "type": "Point", "coordinates": [ 6.311162, 45.5195166 ] } },
{ "type": "Feature", "properties": { "full_id": "n13156801139", "osm_id": "13156801139", "osm_type": "node", "shop": "weapons", "check_date": null, "operator": null, "email": null, "disused:shop": null, "wheelchair": null, "contact:website": null, "building:levels": null, "survey:date": null, "addr:street": "Avenue des Corbières", "addr:housenumber": "77", "phone": "+33 4 68 58 50 03", "ref:FR:SIREN": null, "contact:housenumber": null, "contact:fax": null, "contact:email": "armurerie.abet@gmail.com", "addr:postcode": "11360", "addr:city": "Durban-Corbières", "ref:vatin": null, "ref:FR:NAF": null, "opening_hours": "Tu-Sa 10:00-12:00,15:00-19:00", "contact:street": null, "contact:postcode": null, "contact:phone": null, "contact:facebook": "https://www.facebook.com/Armurerie.Abet/", "contact:city": null, "ref:FR:SIRET": null, "website": "https://www.armurerieabet.fr/", "type": null, "name": "Armurerie Abet", "building": null, "contact:instagram": null, "panoramax": null, "min_age": null, "check_date:panoramax": null, "sport": null, "payment:cards": null, "image": null, "clothes": null, "club": null, "second_hand": null, "phone:mobile": null, "harassment_prevention": null, "contact:mobile": null, "source:name:br": null, "name:br": null, "drive_through": null, "delivery": null, "currency:EUR": null, "start_date": null, "payment:cash": null, "addr:country": null, "entrance": null, "payment:debit_cards": null, "payment:credit_cards": null, "payment:visa": null, "payment:paypal": null, "payment:mastercard": null, "payment:maestro": null, "payment:cheque": null, "payment:cb": null, "facebook": null, "description": null, "wheelchair:entrance_width": null, "wheelchair:description": null, "short_name": null, "social_facility:for": null, "opening_hours:signed": null, "official_name": null, "check_date:opening_hours": null, "level": null, "amenity": null, "fax": null, "layer": "shop_weapons_France", "path": "Point?crs=EPSG:4326&field=full_id:string(0,0)&field=osm_id:string(0,0)&field=osm_type:string(0,0)&field=shop:string(0,0)&field=contact%3Ainstagram:string(0,0)&field=panoramax:string(0,0)&field=min_age:string(0,0)&field=check_date%3Apanoramax:string(0,0)&field=sport:string(0,0)&field=payment%3Acards:string(0,0)&field=image:string(0,0)&field=clothes:string(0,0)&field=type:string(0,0)&field=club:string(0,0)&field=second_hand:string(0,0)&field=ref%3AFR%3ASIREN:string(0,0)&field=phone%3Amobile:string(0,0)&field=harassment_prevention:string(0,0)&field=contact%3Amobile:string(0,0)&field=source%3Aname%3Abr:string(0,0)&field=name%3Abr:string(0,0)&field=drive_through:string(0,0)&field=delivery:string(0,0)&field=currency%3AEUR:string(0,0)&field=start_date:string(0,0)&field=contact%3Afacebook:string(0,0)&field=payment%3Acash:string(0,0)&field=addr%3Acountry:string(0,0)&field=entrance:string(0,0)&field=payment%3Adebit_cards:string(0,0)&field=payment%3Acredit_cards:string(0,0)&field=ref%3AFR%3ANAF:string(0,0)&field=payment%3Avisa:string(0,0)&field=payment%3Apaypal:string(0,0)&field=payment%3Amastercard:string(0,0)&field=payment%3Amaestro:string(0,0)&field=payment%3Acheque:string(0,0)&field=payment%3Acb:string(0,0)&field=facebook:string(0,0)&field=contact%3Aemail:string(0,0)&field=contact%3Aphone:string(0,0)&field=operator:string(0,0)&field=description:string(0,0)&field=wheelchair%3Aentrance_width:string(0,0)&field=wheelchair%3Adescription:string(0,0)&field=short_name:string(0,0)&field=social_facility%3Afor:string(0,0)&field=addr%3Acity:string(0,0)&field=opening_hours%3Asigned:string(0,0)&field=official_name:string(0,0)&field=check_date%3Aopening_hours:string(0,0)&field=level:string(0,0)&field=amenity:string(0,0)&field=survey%3Adate:string(0,0)&field=opening_hours:string(0,0)&field=fax:string(0,0)&field=email:string(0,0)&field=contact%3Awebsite:string(0,0)&field=contact%3Apostcode:string(0,0)&field=contact%3Acity:string(0,0)&field=contact%3Astreet:string(0,0)&field=contact%3Ahousenumber:string(0,0)&field=check_date:string(0,0)&field=phone:string(0,0)&field=addr%3Astreet:string(0,0)&field=addr%3Apostcode:string(0,0)&field=addr%3Ahousenumber:string(0,0)&field=wheelchair:string(0,0)&field=website:string(0,0)&field=ref%3AFR%3ASIRET:string(0,0)&field=name:string(0,0)&uid={4518d7bb-bdbd-4c09-8855-e4ec48aa2337}" }, "geometry": { "type": "Point", "coordinates": [ 2.8138839, 42.9941693 ] } },
{ "type": "Feature", "properties": { "full_id": "n13234324393", "osm_id": "13234324393", "osm_type": "node", "shop": "weapons", "check_date": "2025-10-15", "operator": null, "email": null, "disused:shop": null, "wheelchair": null, "contact:website": null, "building:levels": null, "survey:date": null, "addr:street": null, "addr:housenumber": null, "phone": null, "ref:FR:SIREN": null, "contact:housenumber": null, "contact:fax": null, "contact:email": null, "addr:postcode": null, "addr:city": null, "ref:vatin": null, "ref:FR:NAF": null, "opening_hours": null, "contact:street": null, "contact:postcode": null, "contact:phone": null, "contact:facebook": null, "contact:city": null, "ref:FR:SIRET": "47978562800039", "website": null, "type": null, "name": "Couteau basque", "building": null, "contact:instagram": null, "panoramax": null, "min_age": null, "check_date:panoramax": null, "sport": null, "payment:cards": null, "image": null, "clothes": null, "club": null, "second_hand": null, "phone:mobile": null, "harassment_prevention": null, "contact:mobile": null, "source:name:br": null, "name:br": null, "drive_through": null, "delivery": null, "currency:EUR": null, "start_date": null, "payment:cash": null, "addr:country": null, "entrance": null, "payment:debit_cards": null, "payment:credit_cards": null, "payment:visa": null, "payment:paypal": null, "payment:mastercard": null, "payment:maestro": null, "payment:cheque": null, "payment:cb": null, "facebook": null, "description": null, "wheelchair:entrance_width": null, "wheelchair:description": null, "short_name": null, "social_facility:for": null, "opening_hours:signed": null, "official_name": null, "check_date:opening_hours": null, "level": null, "amenity": null, "fax": null, "layer": "shop_weapons_France", "path": "Point?crs=EPSG:4326&field=full_id:string(0,0)&field=osm_id:string(0,0)&field=osm_type:string(0,0)&field=shop:string(0,0)&field=contact%3Ainstagram:string(0,0)&field=panoramax:string(0,0)&field=min_age:string(0,0)&field=check_date%3Apanoramax:string(0,0)&field=sport:string(0,0)&field=payment%3Acards:string(0,0)&field=image:string(0,0)&field=clothes:string(0,0)&field=type:string(0,0)&field=club:string(0,0)&field=second_hand:string(0,0)&field=ref%3AFR%3ASIREN:string(0,0)&field=phone%3Amobile:string(0,0)&field=harassment_prevention:string(0,0)&field=contact%3Amobile:string(0,0)&field=source%3Aname%3Abr:string(0,0)&field=name%3Abr:string(0,0)&field=drive_through:string(0,0)&field=delivery:string(0,0)&field=currency%3AEUR:string(0,0)&field=start_date:string(0,0)&field=contact%3Afacebook:string(0,0)&field=payment%3Acash:string(0,0)&field=addr%3Acountry:string(0,0)&field=entrance:string(0,0)&field=payment%3Adebit_cards:string(0,0)&field=payment%3Acredit_cards:string(0,0)&field=ref%3AFR%3ANAF:string(0,0)&field=payment%3Avisa:string(0,0)&field=payment%3Apaypal:string(0,0)&field=payment%3Amastercard:string(0,0)&field=payment%3Amaestro:string(0,0)&field=payment%3Acheque:string(0,0)&field=payment%3Acb:string(0,0)&field=facebook:string(0,0)&field=contact%3Aemail:string(0,0)&field=contact%3Aphone:string(0,0)&field=operator:string(0,0)&field=description:string(0,0)&field=wheelchair%3Aentrance_width:string(0,0)&field=wheelchair%3Adescription:string(0,0)&field=short_name:string(0,0)&field=social_facility%3Afor:string(0,0)&field=addr%3Acity:string(0,0)&field=opening_hours%3Asigned:string(0,0)&field=official_name:string(0,0)&field=check_date%3Aopening_hours:string(0,0)&field=level:string(0,0)&field=amenity:string(0,0)&field=survey%3Adate:string(0,0)&field=opening_hours:string(0,0)&field=fax:string(0,0)&field=email:string(0,0)&field=contact%3Awebsite:string(0,0)&field=contact%3Apostcode:string(0,0)&field=contact%3Acity:string(0,0)&field=contact%3Astreet:string(0,0)&field=contact%3Ahousenumber:string(0,0)&field=check_date:string(0,0)&field=phone:string(0,0)&field=addr%3Astreet:string(0,0)&field=addr%3Apostcode:string(0,0)&field=addr%3Ahousenumber:string(0,0)&field=wheelchair:string(0,0)&field=website:string(0,0)&field=ref%3AFR%3ASIRET:string(0,0)&field=name:string(0,0)&uid={4518d7bb-bdbd-4c09-8855-e4ec48aa2337}" }, "geometry": { "type": "Point", "coordinates": [ -1.4754872, 43.4889056 ] } },
{ "type": "Feature", "properties": { "full_id": "n13256256406", "osm_id": "13256256406", "osm_type": "node", "shop": "weapons", "check_date": null, "operator": null, "email": null, "disused:shop": null, "wheelchair": null, "contact:website": null, "building:levels": null, "survey:date": null, "addr:street": null, "addr:housenumber": null, "phone": "+339 83 05 80 74", "ref:FR:SIREN": null, "contact:housenumber": null, "contact:fax": null, "contact:email": null, "addr:postcode": null, "addr:city": null, "ref:vatin": null, "ref:FR:NAF": null, "opening_hours": null, "contact:street": null, "contact:postcode": null, "contact:phone": null, "contact:facebook": null, "contact:city": null, "ref:FR:SIRET": null, "website": null, "type": null, "name": "Armurerie des Bénédictins", "building": null, "contact:instagram": null, "panoramax": null, "min_age": null, "check_date:panoramax": null, "sport": null, "payment:cards": null, "image": null, "clothes": null, "club": null, "second_hand": null, "phone:mobile": null, "harassment_prevention": null, "contact:mobile": null, "source:name:br": null, "name:br": null, "drive_through": null, "delivery": null, "currency:EUR": null, "start_date": null, "payment:cash": null, "addr:country": null, "entrance": null, "payment:debit_cards": null, "payment:credit_cards": null, "payment:visa": null, "payment:paypal": null, "payment:mastercard": null, "payment:maestro": null, "payment:cheque": null, "payment:cb": null, "facebook": null, "description": null, "wheelchair:entrance_width": null, "wheelchair:description": null, "short_name": null, "social_facility:for": null, "opening_hours:signed": null, "official_name": null, "check_date:opening_hours": null, "level": null, "amenity": null, "fax": null, "layer": "shop_weapons_France", "path": "Point?crs=EPSG:4326&field=full_id:string(0,0)&field=osm_id:string(0,0)&field=osm_type:string(0,0)&field=shop:string(0,0)&field=contact%3Ainstagram:string(0,0)&field=panoramax:string(0,0)&field=min_age:string(0,0)&field=check_date%3Apanoramax:string(0,0)&field=sport:string(0,0)&field=payment%3Acards:string(0,0)&field=image:string(0,0)&field=clothes:string(0,0)&field=type:string(0,0)&field=club:string(0,0)&field=second_hand:string(0,0)&field=ref%3AFR%3ASIREN:string(0,0)&field=phone%3Amobile:string(0,0)&field=harassment_prevention:string(0,0)&field=contact%3Amobile:string(0,0)&field=source%3Aname%3Abr:string(0,0)&field=name%3Abr:string(0,0)&field=drive_through:string(0,0)&field=delivery:string(0,0)&field=currency%3AEUR:string(0,0)&field=start_date:string(0,0)&field=contact%3Afacebook:string(0,0)&field=payment%3Acash:string(0,0)&field=addr%3Acountry:string(0,0)&field=entrance:string(0,0)&field=payment%3Adebit_cards:string(0,0)&field=payment%3Acredit_cards:string(0,0)&field=ref%3AFR%3ANAF:string(0,0)&field=payment%3Avisa:string(0,0)&field=payment%3Apaypal:string(0,0)&field=payment%3Amastercard:string(0,0)&field=payment%3Amaestro:string(0,0)&field=payment%3Acheque:string(0,0)&field=payment%3Acb:string(0,0)&field=facebook:string(0,0)&field=contact%3Aemail:string(0,0)&field=contact%3Aphone:string(0,0)&field=operator:string(0,0)&field=description:string(0,0)&field=wheelchair%3Aentrance_width:string(0,0)&field=wheelchair%3Adescription:string(0,0)&field=short_name:string(0,0)&field=social_facility%3Afor:string(0,0)&field=addr%3Acity:string(0,0)&field=opening_hours%3Asigned:string(0,0)&field=official_name:string(0,0)&field=check_date%3Aopening_hours:string(0,0)&field=level:string(0,0)&field=amenity:string(0,0)&field=survey%3Adate:string(0,0)&field=opening_hours:string(0,0)&field=fax:string(0,0)&field=email:string(0,0)&field=contact%3Awebsite:string(0,0)&field=contact%3Apostcode:string(0,0)&field=contact%3Acity:string(0,0)&field=contact%3Astreet:string(0,0)&field=contact%3Ahousenumber:string(0,0)&field=check_date:string(0,0)&field=phone:string(0,0)&field=addr%3Astreet:string(0,0)&field=addr%3Apostcode:string(0,0)&field=addr%3Ahousenumber:string(0,0)&field=wheelchair:string(0,0)&field=website:string(0,0)&field=ref%3AFR%3ASIRET:string(0,0)&field=name:string(0,0)&uid={4518d7bb-bdbd-4c09-8855-e4ec48aa2337}" }, "geometry": { "type": "Point", "coordinates": [ 1.2756482, 45.8211434 ] } },
{ "type": "Feature", "properties": { "full_id": "n13289320019", "osm_id": "13289320019", "osm_type": "node", "shop": "weapons", "check_date": null, "operator": null, "email": null, "disused:shop": null, "wheelchair": null, "contact:website": null, "building:levels": null, "survey:date": null, "addr:street": null, "addr:housenumber": null, "phone": "+33 2 47 55 95 05", "ref:FR:SIREN": null, "contact:housenumber": null, "contact:fax": null, "contact:email": null, "addr:postcode": null, "addr:city": null, "ref:vatin": null, "ref:FR:NAF": null, "opening_hours": "Tu-Sa 09:00-12:30; Tu-We,Fr 14:00-19:00; Th 14:30-19:00; Sa 14:00-18:00", "contact:street": null, "contact:postcode": null, "contact:phone": null, "contact:facebook": null, "contact:city": null, "ref:FR:SIRET": "81063495600017", "website": "https://www.armurerie-gatine-touraine.fr/", "type": null, "name": "Gâtine de Touraine", "building": null, "contact:instagram": null, "panoramax": "47012294-c952-4931-b307-031bef32466e", "min_age": "18", "check_date:panoramax": "2025-11-08", "sport": null, "payment:cards": null, "image": null, "clothes": null, "club": null, "second_hand": null, "phone:mobile": null, "harassment_prevention": null, "contact:mobile": null, "source:name:br": null, "name:br": null, "drive_through": null, "delivery": null, "currency:EUR": null, "start_date": null, "payment:cash": null, "addr:country": null, "entrance": null, "payment:debit_cards": null, "payment:credit_cards": null, "payment:visa": null, "payment:paypal": null, "payment:mastercard": null, "payment:maestro": null, "payment:cheque": null, "payment:cb": null, "facebook": null, "description": null, "wheelchair:entrance_width": null, "wheelchair:description": null, "short_name": null, "social_facility:for": null, "opening_hours:signed": null, "official_name": null, "check_date:opening_hours": null, "level": null, "amenity": null, "fax": null, "layer": "shop_weapons_France", "path": "Point?crs=EPSG:4326&field=full_id:string(0,0)&field=osm_id:string(0,0)&field=osm_type:string(0,0)&field=shop:string(0,0)&field=contact%3Ainstagram:string(0,0)&field=panoramax:string(0,0)&field=min_age:string(0,0)&field=check_date%3Apanoramax:string(0,0)&field=sport:string(0,0)&field=payment%3Acards:string(0,0)&field=image:string(0,0)&field=clothes:string(0,0)&field=type:string(0,0)&field=club:string(0,0)&field=second_hand:string(0,0)&field=ref%3AFR%3ASIREN:string(0,0)&field=phone%3Amobile:string(0,0)&field=harassment_prevention:string(0,0)&field=contact%3Amobile:string(0,0)&field=source%3Aname%3Abr:string(0,0)&field=name%3Abr:string(0,0)&field=drive_through:string(0,0)&field=delivery:string(0,0)&field=currency%3AEUR:string(0,0)&field=start_date:string(0,0)&field=contact%3Afacebook:string(0,0)&field=payment%3Acash:string(0,0)&field=addr%3Acountry:string(0,0)&field=entrance:string(0,0)&field=payment%3Adebit_cards:string(0,0)&field=payment%3Acredit_cards:string(0,0)&field=ref%3AFR%3ANAF:string(0,0)&field=payment%3Avisa:string(0,0)&field=payment%3Apaypal:string(0,0)&field=payment%3Amastercard:string(0,0)&field=payment%3Amaestro:string(0,0)&field=payment%3Acheque:string(0,0)&field=payment%3Acb:string(0,0)&field=facebook:string(0,0)&field=contact%3Aemail:string(0,0)&field=contact%3Aphone:string(0,0)&field=operator:string(0,0)&field=description:string(0,0)&field=wheelchair%3Aentrance_width:string(0,0)&field=wheelchair%3Adescription:string(0,0)&field=short_name:string(0,0)&field=social_facility%3Afor:string(0,0)&field=addr%3Acity:string(0,0)&field=opening_hours%3Asigned:string(0,0)&field=official_name:string(0,0)&field=check_date%3Aopening_hours:string(0,0)&field=level:string(0,0)&field=amenity:string(0,0)&field=survey%3Adate:string(0,0)&field=opening_hours:string(0,0)&field=fax:string(0,0)&field=email:string(0,0)&field=contact%3Awebsite:string(0,0)&field=contact%3Apostcode:string(0,0)&field=contact%3Acity:string(0,0)&field=contact%3Astreet:string(0,0)&field=contact%3Ahousenumber:string(0,0)&field=check_date:string(0,0)&field=phone:string(0,0)&field=addr%3Astreet:string(0,0)&field=addr%3Apostcode:string(0,0)&field=addr%3Ahousenumber:string(0,0)&field=wheelchair:string(0,0)&field=website:string(0,0)&field=ref%3AFR%3ASIRET:string(0,0)&field=name:string(0,0)&uid={4518d7bb-bdbd-4c09-8855-e4ec48aa2337}" }, "geometry": { "type": "Point", "coordinates": [ 0.5315253, 47.5448264 ] } },
{ "type": "Feature", "properties": { "full_id": "n13342929312", "osm_id": "13342929312", "osm_type": "node", "shop": null, "check_date": null, "operator": null, "email": null, "disused:shop": null, "wheelchair": null, "contact:website": null, "building:levels": null, "survey:date": null, "addr:street": null, "addr:housenumber": null, "phone": null, "ref:FR:SIREN": null, "contact:housenumber": null, "contact:fax": null, "contact:email": null, "addr:postcode": null, "addr:city": null, "ref:vatin": null, "ref:FR:NAF": null, "opening_hours": null, "contact:street": null, "contact:postcode": null, "contact:phone": null, "contact:facebook": null, "contact:city": null, "ref:FR:SIRET": null, "website": null, "type": null, "name": null, "building": null, "contact:instagram": null, "panoramax": null, "min_age": null, "check_date:panoramax": null, "sport": null, "payment:cards": null, "image": null, "clothes": null, "club": null, "second_hand": null, "phone:mobile": null, "harassment_prevention": null, "contact:mobile": null, "source:name:br": null, "name:br": null, "drive_through": null, "delivery": null, "currency:EUR": null, "start_date": null, "payment:cash": null, "addr:country": null, "entrance": "yes", "payment:debit_cards": null, "payment:credit_cards": null, "payment:visa": null, "payment:paypal": null, "payment:mastercard": null, "payment:maestro": null, "payment:cheque": null, "payment:cb": null, "facebook": null, "description": null, "wheelchair:entrance_width": null, "wheelchair:description": null, "short_name": null, "social_facility:for": null, "opening_hours:signed": null, "official_name": null, "check_date:opening_hours": null, "level": null, "amenity": null, "fax": null, "layer": "shop_weapons_France", "path": "Point?crs=EPSG:4326&field=full_id:string(0,0)&field=osm_id:string(0,0)&field=osm_type:string(0,0)&field=shop:string(0,0)&field=contact%3Ainstagram:string(0,0)&field=panoramax:string(0,0)&field=min_age:string(0,0)&field=check_date%3Apanoramax:string(0,0)&field=sport:string(0,0)&field=payment%3Acards:string(0,0)&field=image:string(0,0)&field=clothes:string(0,0)&field=type:string(0,0)&field=club:string(0,0)&field=second_hand:string(0,0)&field=ref%3AFR%3ASIREN:string(0,0)&field=phone%3Amobile:string(0,0)&field=harassment_prevention:string(0,0)&field=contact%3Amobile:string(0,0)&field=source%3Aname%3Abr:string(0,0)&field=name%3Abr:string(0,0)&field=drive_through:string(0,0)&field=delivery:string(0,0)&field=currency%3AEUR:string(0,0)&field=start_date:string(0,0)&field=contact%3Afacebook:string(0,0)&field=payment%3Acash:string(0,0)&field=addr%3Acountry:string(0,0)&field=entrance:string(0,0)&field=payment%3Adebit_cards:string(0,0)&field=payment%3Acredit_cards:string(0,0)&field=ref%3AFR%3ANAF:string(0,0)&field=payment%3Avisa:string(0,0)&field=payment%3Apaypal:string(0,0)&field=payment%3Amastercard:string(0,0)&field=payment%3Amaestro:string(0,0)&field=payment%3Acheque:string(0,0)&field=payment%3Acb:string(0,0)&field=facebook:string(0,0)&field=contact%3Aemail:string(0,0)&field=contact%3Aphone:string(0,0)&field=operator:string(0,0)&field=description:string(0,0)&field=wheelchair%3Aentrance_width:string(0,0)&field=wheelchair%3Adescription:string(0,0)&field=short_name:string(0,0)&field=social_facility%3Afor:string(0,0)&field=addr%3Acity:string(0,0)&field=opening_hours%3Asigned:string(0,0)&field=official_name:string(0,0)&field=check_date%3Aopening_hours:string(0,0)&field=level:string(0,0)&field=amenity:string(0,0)&field=survey%3Adate:string(0,0)&field=opening_hours:string(0,0)&field=fax:string(0,0)&field=email:string(0,0)&field=contact%3Awebsite:string(0,0)&field=contact%3Apostcode:string(0,0)&field=contact%3Acity:string(0,0)&field=contact%3Astreet:string(0,0)&field=contact%3Ahousenumber:string(0,0)&field=check_date:string(0,0)&field=phone:string(0,0)&field=addr%3Astreet:string(0,0)&field=addr%3Apostcode:string(0,0)&field=addr%3Ahousenumber:string(0,0)&field=wheelchair:string(0,0)&field=website:string(0,0)&field=ref%3AFR%3ASIRET:string(0,0)&field=name:string(0,0)&uid={4518d7bb-bdbd-4c09-8855-e4ec48aa2337}" }, "geometry": { "type": "Point", "coordinates": [ 3.1967705, 46.1016716 ] } },
{ "type": "Feature", "properties": { "full_id": "n13342929314", "osm_id": "13342929314", "osm_type": "node", "shop": null, "check_date": null, "operator": null, "email": null, "disused:shop": null, "wheelchair": null, "contact:website": null, "building:levels": null, "survey:date": null, "addr:street": null, "addr:housenumber": null, "phone": null, "ref:FR:SIREN": null, "contact:housenumber": null, "contact:fax": null, "contact:email": null, "addr:postcode": null, "addr:city": null, "ref:vatin": null, "ref:FR:NAF": null, "opening_hours": null, "contact:street": null, "contact:postcode": null, "contact:phone": null, "contact:facebook": null, "contact:city": null, "ref:FR:SIRET": null, "website": null, "type": null, "name": null, "building": null, "contact:instagram": null, "panoramax": null, "min_age": null, "check_date:panoramax": null, "sport": null, "payment:cards": null, "image": null, "clothes": null, "club": null, "second_hand": null, "phone:mobile": null, "harassment_prevention": null, "contact:mobile": null, "source:name:br": null, "name:br": null, "drive_through": null, "delivery": null, "currency:EUR": null, "start_date": null, "payment:cash": null, "addr:country": null, "entrance": "yes", "payment:debit_cards": null, "payment:credit_cards": null, "payment:visa": null, "payment:paypal": null, "payment:mastercard": null, "payment:maestro": null, "payment:cheque": null, "payment:cb": null, "facebook": null, "description": null, "wheelchair:entrance_width": null, "wheelchair:description": null, "short_name": null, "social_facility:for": null, "opening_hours:signed": null, "official_name": null, "check_date:opening_hours": null, "level": null, "amenity": null, "fax": null, "layer": "shop_weapons_France", "path": "Point?crs=EPSG:4326&field=full_id:string(0,0)&field=osm_id:string(0,0)&field=osm_type:string(0,0)&field=shop:string(0,0)&field=contact%3Ainstagram:string(0,0)&field=panoramax:string(0,0)&field=min_age:string(0,0)&field=check_date%3Apanoramax:string(0,0)&field=sport:string(0,0)&field=payment%3Acards:string(0,0)&field=image:string(0,0)&field=clothes:string(0,0)&field=type:string(0,0)&field=club:string(0,0)&field=second_hand:string(0,0)&field=ref%3AFR%3ASIREN:string(0,0)&field=phone%3Amobile:string(0,0)&field=harassment_prevention:string(0,0)&field=contact%3Amobile:string(0,0)&field=source%3Aname%3Abr:string(0,0)&field=name%3Abr:string(0,0)&field=drive_through:string(0,0)&field=delivery:string(0,0)&field=currency%3AEUR:string(0,0)&field=start_date:string(0,0)&field=contact%3Afacebook:string(0,0)&field=payment%3Acash:string(0,0)&field=addr%3Acountry:string(0,0)&field=entrance:string(0,0)&field=payment%3Adebit_cards:string(0,0)&field=payment%3Acredit_cards:string(0,0)&field=ref%3AFR%3ANAF:string(0,0)&field=payment%3Avisa:string(0,0)&field=payment%3Apaypal:string(0,0)&field=payment%3Amastercard:string(0,0)&field=payment%3Amaestro:string(0,0)&field=payment%3Acheque:string(0,0)&field=payment%3Acb:string(0,0)&field=facebook:string(0,0)&field=contact%3Aemail:string(0,0)&field=contact%3Aphone:string(0,0)&field=operator:string(0,0)&field=description:string(0,0)&field=wheelchair%3Aentrance_width:string(0,0)&field=wheelchair%3Adescription:string(0,0)&field=short_name:string(0,0)&field=social_facility%3Afor:string(0,0)&field=addr%3Acity:string(0,0)&field=opening_hours%3Asigned:string(0,0)&field=official_name:string(0,0)&field=check_date%3Aopening_hours:string(0,0)&field=level:string(0,0)&field=amenity:string(0,0)&field=survey%3Adate:string(0,0)&field=opening_hours:string(0,0)&field=fax:string(0,0)&field=email:string(0,0)&field=contact%3Awebsite:string(0,0)&field=contact%3Apostcode:string(0,0)&field=contact%3Acity:string(0,0)&field=contact%3Astreet:string(0,0)&field=contact%3Ahousenumber:string(0,0)&field=check_date:string(0,0)&field=phone:string(0,0)&field=addr%3Astreet:string(0,0)&field=addr%3Apostcode:string(0,0)&field=addr%3Ahousenumber:string(0,0)&field=wheelchair:string(0,0)&field=website:string(0,0)&field=ref%3AFR%3ASIRET:string(0,0)&field=name:string(0,0)&uid={4518d7bb-bdbd-4c09-8855-e4ec48aa2337}" }, "geometry": { "type": "Point", "coordinates": [ 3.1967493, 46.1017002 ] } },
{ "type": "Feature", "properties": { "full_id": "n13348628899", "osm_id": "13348628899", "osm_type": "node", "shop": "weapons", "check_date": null, "operator": null, "email": null, "disused:shop": null, "wheelchair": null, "contact:website": "https://www.armurerie-beaurepaire.com", "building:levels": null, "survey:date": null, "addr:street": null, "addr:housenumber": null, "phone": null, "ref:FR:SIREN": null, "contact:housenumber": "51", "contact:fax": null, "contact:email": null, "addr:postcode": null, "addr:city": null, "ref:vatin": null, "ref:FR:NAF": null, "opening_hours": null, "contact:street": "Chemin de la Cocotte", "contact:postcode": null, "contact:phone": "+33 8 99 79 24 90", "contact:facebook": null, "contact:city": null, "ref:FR:SIRET": null, "website": null, "type": null, "name": "Armurerie Beau Repaire", "building": null, "contact:instagram": null, "panoramax": null, "min_age": null, "check_date:panoramax": null, "sport": null, "payment:cards": null, "image": null, "clothes": null, "club": null, "second_hand": null, "phone:mobile": null, "harassment_prevention": null, "contact:mobile": null, "source:name:br": null, "name:br": null, "drive_through": null, "delivery": null, "currency:EUR": null, "start_date": null, "payment:cash": null, "addr:country": null, "entrance": null, "payment:debit_cards": null, "payment:credit_cards": null, "payment:visa": null, "payment:paypal": null, "payment:mastercard": null, "payment:maestro": null, "payment:cheque": null, "payment:cb": null, "facebook": null, "description": null, "wheelchair:entrance_width": null, "wheelchair:description": null, "short_name": null, "social_facility:for": null, "opening_hours:signed": null, "official_name": null, "check_date:opening_hours": null, "level": null, "amenity": null, "fax": null, "layer": "shop_weapons_France", "path": "Point?crs=EPSG:4326&field=full_id:string(0,0)&field=osm_id:string(0,0)&field=osm_type:string(0,0)&field=shop:string(0,0)&field=contact%3Ainstagram:string(0,0)&field=panoramax:string(0,0)&field=min_age:string(0,0)&field=check_date%3Apanoramax:string(0,0)&field=sport:string(0,0)&field=payment%3Acards:string(0,0)&field=image:string(0,0)&field=clothes:string(0,0)&field=type:string(0,0)&field=club:string(0,0)&field=second_hand:string(0,0)&field=ref%3AFR%3ASIREN:string(0,0)&field=phone%3Amobile:string(0,0)&field=harassment_prevention:string(0,0)&field=contact%3Amobile:string(0,0)&field=source%3Aname%3Abr:string(0,0)&field=name%3Abr:string(0,0)&field=drive_through:string(0,0)&field=delivery:string(0,0)&field=currency%3AEUR:string(0,0)&field=start_date:string(0,0)&field=contact%3Afacebook:string(0,0)&field=payment%3Acash:string(0,0)&field=addr%3Acountry:string(0,0)&field=entrance:string(0,0)&field=payment%3Adebit_cards:string(0,0)&field=payment%3Acredit_cards:string(0,0)&field=ref%3AFR%3ANAF:string(0,0)&field=payment%3Avisa:string(0,0)&field=payment%3Apaypal:string(0,0)&field=payment%3Amastercard:string(0,0)&field=payment%3Amaestro:string(0,0)&field=payment%3Acheque:string(0,0)&field=payment%3Acb:string(0,0)&field=facebook:string(0,0)&field=contact%3Aemail:string(0,0)&field=contact%3Aphone:string(0,0)&field=operator:string(0,0)&field=description:string(0,0)&field=wheelchair%3Aentrance_width:string(0,0)&field=wheelchair%3Adescription:string(0,0)&field=short_name:string(0,0)&field=social_facility%3Afor:string(0,0)&field=addr%3Acity:string(0,0)&field=opening_hours%3Asigned:string(0,0)&field=official_name:string(0,0)&field=check_date%3Aopening_hours:string(0,0)&field=level:string(0,0)&field=amenity:string(0,0)&field=survey%3Adate:string(0,0)&field=opening_hours:string(0,0)&field=fax:string(0,0)&field=email:string(0,0)&field=contact%3Awebsite:string(0,0)&field=contact%3Apostcode:string(0,0)&field=contact%3Acity:string(0,0)&field=contact%3Astreet:string(0,0)&field=contact%3Ahousenumber:string(0,0)&field=check_date:string(0,0)&field=phone:string(0,0)&field=addr%3Astreet:string(0,0)&field=addr%3Apostcode:string(0,0)&field=addr%3Ahousenumber:string(0,0)&field=wheelchair:string(0,0)&field=website:string(0,0)&field=ref%3AFR%3ASIRET:string(0,0)&field=name:string(0,0)&uid={4518d7bb-bdbd-4c09-8855-e4ec48aa2337}" }, "geometry": { "type": "Point", "coordinates": [ 5.8319376, 48.2128041 ] } },
{ "type": "Feature", "properties": { "full_id": "n13384336668", "osm_id": "13384336668", "osm_type": "node", "shop": "weapons", "check_date": null, "operator": null, "email": null, "disused:shop": null, "wheelchair": null, "contact:website": null, "building:levels": null, "survey:date": null, "addr:street": null, "addr:housenumber": null, "phone": "+33 4 95 31 03 65", "ref:FR:SIREN": null, "contact:housenumber": null, "contact:fax": null, "contact:email": null, "addr:postcode": null, "addr:city": "Bastia", "ref:vatin": null, "ref:FR:NAF": null, "opening_hours": "Mo-Fr 09:00-12:00,14:30-19:00; Sa 09:00-12:00,14:30-18:00", "contact:street": null, "contact:postcode": null, "contact:phone": null, "contact:facebook": "https://www.facebook.com/people/Armurerie-U-Cacciatore/100057304635239/", "contact:city": null, "ref:FR:SIRET": null, "website": "https://www.armurerie-ucacciatore-corse.fr/", "type": null, "name": "Armurerie U Cacciatore", "building": null, "contact:instagram": "https://www.instagram.com/l.rossi_2b/", "panoramax": null, "min_age": null, "check_date:panoramax": null, "sport": null, "payment:cards": null, "image": null, "clothes": null, "club": null, "second_hand": null, "phone:mobile": null, "harassment_prevention": null, "contact:mobile": null, "source:name:br": null, "name:br": null, "drive_through": null, "delivery": null, "currency:EUR": null, "start_date": null, "payment:cash": null, "addr:country": null, "entrance": null, "payment:debit_cards": null, "payment:credit_cards": null, "payment:visa": null, "payment:paypal": null, "payment:mastercard": null, "payment:maestro": null, "payment:cheque": null, "payment:cb": null, "facebook": null, "description": null, "wheelchair:entrance_width": null, "wheelchair:description": null, "short_name": null, "social_facility:for": null, "opening_hours:signed": null, "official_name": null, "check_date:opening_hours": null, "level": null, "amenity": null, "fax": null, "layer": "shop_weapons_France", "path": "Point?crs=EPSG:4326&field=full_id:string(0,0)&field=osm_id:string(0,0)&field=osm_type:string(0,0)&field=shop:string(0,0)&field=contact%3Ainstagram:string(0,0)&field=panoramax:string(0,0)&field=min_age:string(0,0)&field=check_date%3Apanoramax:string(0,0)&field=sport:string(0,0)&field=payment%3Acards:string(0,0)&field=image:string(0,0)&field=clothes:string(0,0)&field=type:string(0,0)&field=club:string(0,0)&field=second_hand:string(0,0)&field=ref%3AFR%3ASIREN:string(0,0)&field=phone%3Amobile:string(0,0)&field=harassment_prevention:string(0,0)&field=contact%3Amobile:string(0,0)&field=source%3Aname%3Abr:string(0,0)&field=name%3Abr:string(0,0)&field=drive_through:string(0,0)&field=delivery:string(0,0)&field=currency%3AEUR:string(0,0)&field=start_date:string(0,0)&field=contact%3Afacebook:string(0,0)&field=payment%3Acash:string(0,0)&field=addr%3Acountry:string(0,0)&field=entrance:string(0,0)&field=payment%3Adebit_cards:string(0,0)&field=payment%3Acredit_cards:string(0,0)&field=ref%3AFR%3ANAF:string(0,0)&field=payment%3Avisa:string(0,0)&field=payment%3Apaypal:string(0,0)&field=payment%3Amastercard:string(0,0)&field=payment%3Amaestro:string(0,0)&field=payment%3Acheque:string(0,0)&field=payment%3Acb:string(0,0)&field=facebook:string(0,0)&field=contact%3Aemail:string(0,0)&field=contact%3Aphone:string(0,0)&field=operator:string(0,0)&field=description:string(0,0)&field=wheelchair%3Aentrance_width:string(0,0)&field=wheelchair%3Adescription:string(0,0)&field=short_name:string(0,0)&field=social_facility%3Afor:string(0,0)&field=addr%3Acity:string(0,0)&field=opening_hours%3Asigned:string(0,0)&field=official_name:string(0,0)&field=check_date%3Aopening_hours:string(0,0)&field=level:string(0,0)&field=amenity:string(0,0)&field=survey%3Adate:string(0,0)&field=opening_hours:string(0,0)&field=fax:string(0,0)&field=email:string(0,0)&field=contact%3Awebsite:string(0,0)&field=contact%3Apostcode:string(0,0)&field=contact%3Acity:string(0,0)&field=contact%3Astreet:string(0,0)&field=contact%3Ahousenumber:string(0,0)&field=check_date:string(0,0)&field=phone:string(0,0)&field=addr%3Astreet:string(0,0)&field=addr%3Apostcode:string(0,0)&field=addr%3Ahousenumber:string(0,0)&field=wheelchair:string(0,0)&field=website:string(0,0)&field=ref%3AFR%3ASIRET:string(0,0)&field=name:string(0,0)&uid={4518d7bb-bdbd-4c09-8855-e4ec48aa2337}" }, "geometry": { "type": "Point", "coordinates": [ 9.4490289, 42.7024049 ] } },
{ "type": "Feature", "properties": { "full_id": "n13607877151", "osm_id": "13607877151", "osm_type": "node", "shop": "weapons", "check_date": null, "operator": null, "email": null, "disused:shop": null, "wheelchair": null, "contact:website": null, "building:levels": null, "survey:date": null, "addr:street": null, "addr:housenumber": null, "phone": null, "ref:FR:SIREN": null, "contact:housenumber": null, "contact:fax": null, "contact:email": null, "addr:postcode": null, "addr:city": null, "ref:vatin": null, "ref:FR:NAF": null, "opening_hours": null, "contact:street": null, "contact:postcode": null, "contact:phone": null, "contact:facebook": null, "contact:city": null, "ref:FR:SIRET": null, "website": null, "type": null, "name": "Armurie Lou Cassaire", "building": null, "contact:instagram": null, "panoramax": null, "min_age": null, "check_date:panoramax": null, "sport": null, "payment:cards": null, "image": null, "clothes": null, "club": null, "second_hand": null, "phone:mobile": null, "harassment_prevention": null, "contact:mobile": null, "source:name:br": null, "name:br": null, "drive_through": null, "delivery": null, "currency:EUR": null, "start_date": null, "payment:cash": null, "addr:country": null, "entrance": null, "payment:debit_cards": null, "payment:credit_cards": null, "payment:visa": null, "payment:paypal": null, "payment:mastercard": null, "payment:maestro": null, "payment:cheque": null, "payment:cb": null, "facebook": null, "description": null, "wheelchair:entrance_width": null, "wheelchair:description": null, "short_name": null, "social_facility:for": null, "opening_hours:signed": null, "official_name": null, "check_date:opening_hours": null, "level": null, "amenity": null, "fax": null, "layer": "shop_weapons_France", "path": "Point?crs=EPSG:4326&field=full_id:string(0,0)&field=osm_id:string(0,0)&field=osm_type:string(0,0)&field=shop:string(0,0)&field=contact%3Ainstagram:string(0,0)&field=panoramax:string(0,0)&field=min_age:string(0,0)&field=check_date%3Apanoramax:string(0,0)&field=sport:string(0,0)&field=payment%3Acards:string(0,0)&field=image:string(0,0)&field=clothes:string(0,0)&field=type:string(0,0)&field=club:string(0,0)&field=second_hand:string(0,0)&field=ref%3AFR%3ASIREN:string(0,0)&field=phone%3Amobile:string(0,0)&field=harassment_prevention:string(0,0)&field=contact%3Amobile:string(0,0)&field=source%3Aname%3Abr:string(0,0)&field=name%3Abr:string(0,0)&field=drive_through:string(0,0)&field=delivery:string(0,0)&field=currency%3AEUR:string(0,0)&field=start_date:string(0,0)&field=contact%3Afacebook:string(0,0)&field=payment%3Acash:string(0,0)&field=addr%3Acountry:string(0,0)&field=entrance:string(0,0)&field=payment%3Adebit_cards:string(0,0)&field=payment%3Acredit_cards:string(0,0)&field=ref%3AFR%3ANAF:string(0,0)&field=payment%3Avisa:string(0,0)&field=payment%3Apaypal:string(0,0)&field=payment%3Amastercard:string(0,0)&field=payment%3Amaestro:string(0,0)&field=payment%3Acheque:string(0,0)&field=payment%3Acb:string(0,0)&field=facebook:string(0,0)&field=contact%3Aemail:string(0,0)&field=contact%3Aphone:string(0,0)&field=operator:string(0,0)&field=description:string(0,0)&field=wheelchair%3Aentrance_width:string(0,0)&field=wheelchair%3Adescription:string(0,0)&field=short_name:string(0,0)&field=social_facility%3Afor:string(0,0)&field=addr%3Acity:string(0,0)&field=opening_hours%3Asigned:string(0,0)&field=official_name:string(0,0)&field=check_date%3Aopening_hours:string(0,0)&field=level:string(0,0)&field=amenity:string(0,0)&field=survey%3Adate:string(0,0)&field=opening_hours:string(0,0)&field=fax:string(0,0)&field=email:string(0,0)&field=contact%3Awebsite:string(0,0)&field=contact%3Apostcode:string(0,0)&field=contact%3Acity:string(0,0)&field=contact%3Astreet:string(0,0)&field=contact%3Ahousenumber:string(0,0)&field=check_date:string(0,0)&field=phone:string(0,0)&field=addr%3Astreet:string(0,0)&field=addr%3Apostcode:string(0,0)&field=addr%3Ahousenumber:string(0,0)&field=wheelchair:string(0,0)&field=website:string(0,0)&field=ref%3AFR%3ASIRET:string(0,0)&field=name:string(0,0)&uid={4518d7bb-bdbd-4c09-8855-e4ec48aa2337}" }, "geometry": { "type": "Point", "coordinates": [ 4.9441558, 43.4368961 ] } },
{ "type": "Feature", "properties": { "full_id": "n13609408768", "osm_id": "13609408768", "osm_type": "node", "shop": "weapons", "check_date": null, "operator": null, "email": null, "disused:shop": null, "wheelchair": null, "contact:website": null, "building:levels": null, "survey:date": null, "addr:street": null, "addr:housenumber": null, "phone": "+33 2 32 51 24 99", "ref:FR:SIREN": null, "contact:housenumber": null, "contact:fax": null, "contact:email": null, "addr:postcode": null, "addr:city": null, "ref:vatin": null, "ref:FR:NAF": null, "opening_hours": null, "contact:street": null, "contact:postcode": null, "contact:phone": null, "contact:facebook": null, "contact:city": null, "ref:FR:SIRET": null, "website": null, "type": null, "name": "Pisteurs", "building": null, "contact:instagram": null, "panoramax": null, "min_age": null, "check_date:panoramax": null, "sport": null, "payment:cards": null, "image": null, "clothes": null, "club": null, "second_hand": null, "phone:mobile": null, "harassment_prevention": null, "contact:mobile": null, "source:name:br": null, "name:br": null, "drive_through": null, "delivery": null, "currency:EUR": null, "start_date": null, "payment:cash": null, "addr:country": null, "entrance": null, "payment:debit_cards": null, "payment:credit_cards": null, "payment:visa": null, "payment:paypal": null, "payment:mastercard": null, "payment:maestro": null, "payment:cheque": null, "payment:cb": null, "facebook": null, "description": null, "wheelchair:entrance_width": null, "wheelchair:description": null, "short_name": null, "social_facility:for": null, "opening_hours:signed": null, "official_name": null, "check_date:opening_hours": null, "level": null, "amenity": null, "fax": null, "layer": "shop_weapons_France", "path": "Point?crs=EPSG:4326&field=full_id:string(0,0)&field=osm_id:string(0,0)&field=osm_type:string(0,0)&field=shop:string(0,0)&field=contact%3Ainstagram:string(0,0)&field=panoramax:string(0,0)&field=min_age:string(0,0)&field=check_date%3Apanoramax:string(0,0)&field=sport:string(0,0)&field=payment%3Acards:string(0,0)&field=image:string(0,0)&field=clothes:string(0,0)&field=type:string(0,0)&field=club:string(0,0)&field=second_hand:string(0,0)&field=ref%3AFR%3ASIREN:string(0,0)&field=phone%3Amobile:string(0,0)&field=harassment_prevention:string(0,0)&field=contact%3Amobile:string(0,0)&field=source%3Aname%3Abr:string(0,0)&field=name%3Abr:string(0,0)&field=drive_through:string(0,0)&field=delivery:string(0,0)&field=currency%3AEUR:string(0,0)&field=start_date:string(0,0)&field=contact%3Afacebook:string(0,0)&field=payment%3Acash:string(0,0)&field=addr%3Acountry:string(0,0)&field=entrance:string(0,0)&field=payment%3Adebit_cards:string(0,0)&field=payment%3Acredit_cards:string(0,0)&field=ref%3AFR%3ANAF:string(0,0)&field=payment%3Avisa:string(0,0)&field=payment%3Apaypal:string(0,0)&field=payment%3Amastercard:string(0,0)&field=payment%3Amaestro:string(0,0)&field=payment%3Acheque:string(0,0)&field=payment%3Acb:string(0,0)&field=facebook:string(0,0)&field=contact%3Aemail:string(0,0)&field=contact%3Aphone:string(0,0)&field=operator:string(0,0)&field=description:string(0,0)&field=wheelchair%3Aentrance_width:string(0,0)&field=wheelchair%3Adescription:string(0,0)&field=short_name:string(0,0)&field=social_facility%3Afor:string(0,0)&field=addr%3Acity:string(0,0)&field=opening_hours%3Asigned:string(0,0)&field=official_name:string(0,0)&field=check_date%3Aopening_hours:string(0,0)&field=level:string(0,0)&field=amenity:string(0,0)&field=survey%3Adate:string(0,0)&field=opening_hours:string(0,0)&field=fax:string(0,0)&field=email:string(0,0)&field=contact%3Awebsite:string(0,0)&field=contact%3Apostcode:string(0,0)&field=contact%3Acity:string(0,0)&field=contact%3Astreet:string(0,0)&field=contact%3Ahousenumber:string(0,0)&field=check_date:string(0,0)&field=phone:string(0,0)&field=addr%3Astreet:string(0,0)&field=addr%3Apostcode:string(0,0)&field=addr%3Ahousenumber:string(0,0)&field=wheelchair:string(0,0)&field=website:string(0,0)&field=ref%3AFR%3ASIRET:string(0,0)&field=name:string(0,0)&uid={4518d7bb-bdbd-4c09-8855-e4ec48aa2337}" }, "geometry": { "type": "Point", "coordinates": [ 1.4851043, 49.0925101 ] } }
]
}
